{"type":"FeatureCollection","name":"Taluk_Boundaries","crs":{"type":"name","properties":{"name":"urn:ogc:def:crs:OGC:1.3:CRS84"}},"features":[{"type":"Feature","properties":{"taluk":"Chikkodi","districtId":17,"talukCode":"0101"},"geometry":{"type":"Polygon","coordinates":[[[74.63871757561135,16.611751547324715],[74.68636110226684,16.607456622949858],[74.6920929408324,16.594179413721687],[74.72561621487776,16.598695205007807],[74.72556949087048,16.608268756242964],[74.77097028762795,16.605833098689775],[74.77705920281589,16.57161161545228],[74.7481382300656,16.568330797246023],[74.72694857850287,16.580716754638644],[74.68350136350443,16.55232672575273],[74.67714634550111,16.5363133721522],[74.68490109042637,16.515656690453003],[74.67253472866969,16.45614952840216],[74.69771532480594,16.44243729071999],[74.69374373958097,16.415802971208084],[74.70395755232411,16.40623584279737],[74.70107297360778,16.390708401505382],[74.72360286402974,16.400934886409846],[74.72881623917804,16.381082728516304],[74.74096565367923,16.37868449610226],[74.76291244669437,16.40050798375353],[74.77293306640267,16.39537099289206],[74.77724071399508,16.36317029582815],[74.76906683202938,16.330827206786193],[74.7996744873846,16.339328717844367],[74.8032477659078,16.320777057253377],[74.78678002261924,16.315501325595736],[74.77521997418683,16.292223157674606],[74.75365924577198,16.283998567069446],[74.7536797887647,16.291430064785747],[74.73336402508345,16.2965180169667],[74.7341450702775,16.30636538986156],[74.71884202835207,16.315181144347843],[74.65547709176951,16.319926393005368],[74.64368698692138,16.31586887032535],[74.6455034448442,16.302938336511534],[74.62191958402812,16.31154648664067],[74.62269533954844,16.345048230497618],[74.60263374509142,16.352811340873068],[74.58935991925638,16.34605110257372],[74.59308467116084,16.324159383668313],[74.5835879019131,16.30992567214524],[74.55189185474948,16.32334681706045],[74.54074729324356,16.339237308827695],[74.50053687909802,16.33714007771581],[74.49861431393894,16.316789155612025],[74.48930451123525,16.31463450321393],[74.47174481475017,16.33824647371109],[74.4638549230179,16.367430472451275],[74.45948229300797,16.34287567282039],[74.43857135119448,16.349235392152732],[74.43415679055703,16.363573795271304],[74.4186084955243,16.347488492533977],[74.40292780828104,16.42852272982648],[74.41599703640085,16.43143052761725],[74.41999806445138,16.455454698491987],[74.43616304390298,16.45715888624511],[74.43624205209848,16.467452147621923],[74.49553306424346,16.474328151714992],[74.5013444866939,16.492509992201693],[74.47510876675831,16.508634940717354],[74.49931248089982,16.51990018527543],[74.48888394739181,16.559031010212074],[74.49905181836878,16.55736184561639],[74.50229204337705,16.58222744223859],[74.52492177996793,16.577316987760508],[74.52183826810116,16.587765780003462],[74.53495732709972,16.59840263733332],[74.5591059215537,16.59510950161496],[74.56694130400706,16.58501439551234],[74.5553274452204,16.56390957465802],[74.57231838076831,16.554841699833766],[74.6079557330067,16.569266146902837],[74.61886380790843,16.584303079272228],[74.62948584438534,16.578098640322644],[74.63871757561135,16.611751547324715]]]}},{"type":"Feature","properties":{"taluk":"Athani","districtId":17,"talukCode":"0102"},"geometry":{"type":"Polygon","coordinates":[[[75.2795179634514,16.95686447131651],[75.34158914803554,16.956209589225836],[75.33580666568228,16.86887390562395],[75.39502538123864,16.863001878055393],[75.37886508962718,16.823169885427866],[75.3859676479808,16.763496740156324],[75.3665008552033,16.759823875477945],[75.36491563018342,16.717356446980833],[75.28788731186852,16.714358465687475],[75.26460513868959,16.69161583995812],[75.26811555239654,16.64094018507971],[75.25548890510227,16.61858738125609],[75.25985617760979,16.607354521932155],[75.22436905881894,16.615581762375147],[75.1707514067191,16.598992939073757],[75.15865849838109,16.585679766227795],[75.16711590433749,16.545044608946366],[75.16280409003612,16.533263795531493],[75.13200392628002,16.521425543254274],[75.12022595856367,16.506624118999053],[75.1043715158748,16.510886193829094],[75.08626122289554,16.554218038940103],[75.07163779781641,16.56666739982362],[75.06731302502756,16.539059678702383],[75.00730983210096,16.538197004646047],[74.99470771526589,16.57467988855919],[74.96494678690574,16.58515545618768],[74.95826332947922,16.607823516671818],[74.94080258885141,16.618311731848433],[74.96388241617474,16.660044035287473],[74.96833157590065,16.729021814881158],[74.95564545445559,16.755832685086798],[74.92676017740956,16.755602156813584],[74.91988569784341,16.768532255402366],[74.91031808908117,16.789821132401183],[74.90994364019603,16.83643642748593],[74.90135154443979,16.862628881916397],[74.92598746034714,16.863961628305127],[74.92540209943144,16.87222213869414],[74.93519891976229,16.870964096184693],[74.9444507071306,16.882478848216955],[74.9602820466675,16.88100836543588],[74.96372393724387,16.910766260879505],[74.9545283430145,16.90508532288838],[74.93271770992548,16.918598571966584],[74.92140834203617,16.92967572634676],[74.9231811507417,16.939559978869905],[74.93383476086431,16.945618935382026],[74.96402034965105,16.928251742415107],[74.95887514053858,16.937301272165715],[74.96704299724445,16.94123733968062],[74.96411713254275,16.94754433103334],[74.99350113328998,16.95220756243402],[75.02688116471295,16.944857403617366],[75.0251229475895,16.9393122435897],[75.02576541907796,16.928720074232256],[75.04518649397193,16.942310035805644],[75.0901362675806,16.952018525105704],[75.09610764816385,16.913937301344543],[75.11753385922506,16.91352466007554],[75.12003759307372,16.9023820469745],[75.13495752450346,16.894673775089423],[75.13625124268297,16.87442239635106],[75.16476404059183,16.867030574050847],[75.18880719856607,16.874994215931043],[75.18189022792357,16.84346370710879],[75.21748914434163,16.84190328302625],[75.22799262096129,16.843446927367822],[75.23770946710194,16.867694561178283],[75.26549564737918,16.86313894406458],[75.28251158953718,16.881005888790742],[75.28980909296706,16.904702425500933],[75.28002617351645,16.923712084931704],[75.2795179634514,16.95686447131651]]]}},{"type":"Feature","properties":{"taluk":"Gokak","districtId":17,"talukCode":"0104"},"geometry":{"type":"Polygon","coordinates":[[[74.82419978972077,16.323263156706957],[74.83368901275308,16.310918890477538],[74.81718793057283,16.292157815714567],[74.82640315641649,16.288388093872292],[74.83252967986523,16.248113401309162],[74.8178161227706,16.252590623341227],[74.79209416526146,16.24328853785076],[74.81035868666665,16.197081679562704],[74.82699353816025,16.19660492870311],[74.84258955011943,16.20659534534481],[74.84487338115969,16.23475963523909],[74.88888564664866,16.247674067808617],[74.90722858108198,16.205222914033424],[74.92058579308792,16.221743898646473],[74.95845168750984,16.240872936399622],[74.9810442368497,16.214459744402678],[75.01334257359045,16.203582432062042],[75.02121531311685,16.207154113435315],[75.0227318868383,16.228397407426627],[75.11793979840375,16.240024363175667],[75.12372642765374,16.177196363758494],[75.09645479775808,16.166992721018815],[75.09553829771734,16.14601967920043],[75.04811090562153,16.156056254937486],[75.03734211664879,16.14214257215501],[75.03668411715685,16.124575031083634],[75.02560689750604,16.120592217692735],[74.99873495044783,16.12996915162718],[74.97564455595638,16.124874809604176],[74.97872547415568,16.0748137247391],[74.96560138098718,16.075885994688132],[74.96070355429349,16.049747908296435],[74.93628065449192,16.033142522138657],[74.92556831916012,16.0339509671843],[74.93032892149355,16.022605103196657],[74.91286677865911,16.00302483914877],[74.8763621581739,16.005323158063085],[74.85731873067456,15.98751521621303],[74.76609839840819,15.989607294889224],[74.69734023840327,15.955266346776668],[74.69495879909466,15.944975676262453],[74.67677426520478,15.946963174378952],[74.67591325388008,15.991503885170424],[74.66369172157937,15.998985234838113],[74.66290418367305,16.013099673110414],[74.64626524474228,16.00907625680945],[74.64340101040206,16.02052484529944],[74.6647102327277,16.037531058167183],[74.65919979667349,16.053777235093055],[74.67643252908668,16.0611746542192],[74.66798722301954,16.077527868996892],[74.67384286416835,16.093207404755407],[74.71004815268816,16.09764892015855],[74.71912401690516,16.112693970100175],[74.73537032840233,16.088540270689233],[74.76591748551012,16.09873041109046],[74.76864784244272,16.11135774321034],[74.76015927018501,16.126811567526666],[74.74590896054704,16.12226027563599],[74.71470104816227,16.138491653577532],[74.70716763848962,16.171420703227312],[74.72192916129302,16.168517813674434],[74.72719967308726,16.176242529040866],[74.72702792901747,16.202175754787714],[74.69944896223397,16.20112584938959],[74.68746836335272,16.224964427355676],[74.69375634369928,16.23894558126856],[74.70659448324923,16.24246461109476],[74.743617698652,16.229251588821597],[74.74970274056166,16.243464279681614],[74.73741407188476,16.262106206045694],[74.75365427231682,16.283994546569534],[74.77521997418683,16.292223157674606],[74.7815934548872,16.309019438973547],[74.8032477659078,16.320777057253377],[74.8032846242738,16.328719747877297],[74.82419978972077,16.323263156706957]]]}},{"type":"Feature","properties":{"taluk":"Hukkeri","districtId":17,"talukCode":"0105"},"geometry":{"type":"Polygon","coordinates":[[[74.46546759060533,16.355172320301484],[74.47208737135975,16.35416503717408],[74.47174481475017,16.33824647371109],[74.48930451123525,16.31463450321393],[74.49861431393894,16.316789155612025],[74.50053687909802,16.33714007771581],[74.54074729324356,16.339237308827695],[74.55189185474948,16.32334681706045],[74.58436477877517,16.309978937629396],[74.59308467116084,16.324159383668313],[74.58935991925638,16.34605110257372],[74.60263374509142,16.352811340873068],[74.62269533954844,16.345048230497618],[74.62191958402812,16.31154648664067],[74.6455034448442,16.302938336511534],[74.64368698692138,16.31586887032535],[74.67627075181376,16.322790917729442],[74.69267198244076,16.31455665931838],[74.71884202835207,16.315181144347843],[74.7341450702775,16.30636538986156],[74.73336402508345,16.2965180169667],[74.7536797887647,16.291430064785747],[74.73741407188476,16.262106206045694],[74.74894941741,16.246686906406875],[74.74500658853923,16.230627741805417],[74.70659448324923,16.24246461109476],[74.69375634369928,16.23894558126856],[74.68743557080282,16.22316682128552],[74.6996940170919,16.209242811710617],[74.71470104816227,16.138491653577532],[74.74590896054704,16.12226027563599],[74.76015927018501,16.126811567526666],[74.7680442181314,16.114851886994284],[74.76591748551012,16.09873041109046],[74.73537032840233,16.088540270689233],[74.71912401690516,16.112693970100175],[74.71004815268816,16.09764892015855],[74.67460124324754,16.094021846523173],[74.66798722301954,16.077527868996892],[74.67643252908668,16.0611746542192],[74.64909544942749,16.046623522351027],[74.64217345665138,16.01292975383379],[74.59422900317297,16.01686880927214],[74.59637894539796,15.98947926450301],[74.58766227836429,15.965645916373344],[74.56833255061925,15.98581652802348],[74.54275760313843,16.03930631322737],[74.51391255681312,16.051609398072838],[74.51699783892619,16.07101372849498],[74.4888069092299,16.04682881717424],[74.47298223724962,16.05717048613929],[74.45935532976866,16.047364041757504],[74.43006792809061,16.059265128978073],[74.41553230194383,16.05487722351412],[74.40759540819094,16.064022771540294],[74.40119886872453,16.057265821880982],[74.390384185013,16.0623025525108],[74.38295070677032,16.05390608798793],[74.36013062922524,16.0533303958459],[74.3723675214538,16.078501461199288],[74.39142143339953,16.080459052584143],[74.38981694024584,16.08957705960657],[74.4072324333476,16.094066849611924],[74.42744916700039,16.112532120549897],[74.4846565257479,16.09119698893001],[74.49103532269447,16.112112368754136],[74.47973109774303,16.14776483535267],[74.49391103679469,16.186653895176214],[74.50557804042835,16.189454205520136],[74.50804934019587,16.202193308591035],[74.4957940306832,16.21249441032806],[74.5014938300086,16.226233153075054],[74.48006061288234,16.249874357065735],[74.46888660653103,16.23961344663166],[74.45592757538998,16.243982744541206],[74.45481875735393,16.253246708882507],[74.41760600807991,16.25807580442551],[74.413550417544,16.28357947027449],[74.38562509246478,16.276887685714147],[74.38329213205319,16.291851756976328],[74.37502715994367,16.295820403603734],[74.34520187605034,16.29352610830525],[74.35354628858465,16.283280700614572],[74.34902232833845,16.275638896820347],[74.3281498516474,16.268235853906255],[74.32107914595639,16.284328438523655],[74.34370951684382,16.29595595854126],[74.32314147154366,16.315560579230723],[74.3459792844385,16.318860654029724],[74.34063682478849,16.330314192491198],[74.3499208642396,16.330878773356584],[74.35208415331684,16.323810304739183],[74.3685557952897,16.331542466577183],[74.36404755085489,16.353181752030494],[74.37038062287331,16.359833018445592],[74.38853406457221,16.348409918514943],[74.401250673602,16.35297728623336],[74.40678586760218,16.341479479145377],[74.43258005807193,16.36339796170025],[74.43857135119448,16.349235392152732],[74.45560076179527,16.342671642088714],[74.4597482461734,16.34310160397601],[74.456161990018,16.351639773642727],[74.4638549230179,16.367430472451275],[74.46546759060533,16.355172320301484]]]}},{"type":"Feature","properties":{"taluk":"Savadatti","districtId":17,"talukCode":"0108"},"geometry":{"type":"Polygon","coordinates":[[[75.04811090562153,16.156056254937486],[75.09587513476468,16.145889088507552],[75.09183465802724,16.122499461811998],[75.07160427692132,16.113708686154503],[75.07621450938838,16.090813145617787],[75.09963875118608,16.09157752499205],[75.08736831266404,16.037208660222504],[75.10845448293588,16.022623955564026],[75.08913908468762,16.009078506379023],[75.09143371503284,15.991357902427346],[75.07852786163085,15.991380044560795],[75.07311367299256,15.969411297359123],[75.07357606594823,15.932445313412327],[75.0897972499264,15.928610109877345],[75.08741121118798,15.906258782027924],[75.1141426415981,15.908580269893845],[75.1452249212272,15.923438327905366],[75.19454131288029,15.922210403619937],[75.19701752480864,15.891231618237017],[75.17966735218702,15.892451540736369],[75.18945636100864,15.863956311233983],[75.22881430266396,15.875093643607507],[75.24469146776117,15.900745641724876],[75.254139942596,15.902332410100273],[75.2708855641794,15.89899838214313],[75.28230880176368,15.872768073010713],[75.28503509924516,15.839975895078696],[75.30285957728132,15.815696257883737],[75.30536377456824,15.766398953580119],[75.31756570051544,15.764209620287573],[75.31831423456215,15.75309952524142],[75.31376931939549,15.730334832816885],[75.29332155087272,15.728298336412763],[75.29309086367692,15.741345645263552],[75.27523470680141,15.740674515159686],[75.27319189832743,15.648055653708324],[75.24879865546264,15.647119496043157],[75.23612905307806,15.679268024030094],[75.20335773975144,15.68143569623838],[75.20232050302903,15.649167298459101],[75.18687471442827,15.649288760133564],[75.17148623772694,15.660431710130005],[75.14021352382002,15.658360586662244],[75.10724739930045,15.672178188908285],[75.09218603876866,15.608526422473947],[75.08022118407436,15.622455924638455],[75.05567424096708,15.632644750757962],[75.0595653211573,15.683025483296841],[75.04982741821718,15.682782531267348],[75.04685882913341,15.670400003951098],[75.02851848721916,15.6701155351936],[75.02745662716183,15.652006446137072],[75.0194159973153,15.644789725691828],[74.99174049904032,15.650046578352246],[74.99497321711378,15.686341867570242],[75.01037759297365,15.68873241804752],[75.01244209768113,15.70149403667376],[75.00137519331504,15.731045874828936],[74.96212568328325,15.726505585535417],[74.95197558974812,15.78321267553035],[74.9436992365278,15.783700316678997],[74.94149560948534,15.772616211817875],[74.93472254165167,15.78938450278636],[74.9011750433751,15.791398080467195],[74.89849302968466,15.810025663691011],[74.86476492920508,15.830700685255001],[74.86404118848009,15.84154316218343],[74.82772040889405,15.837144920065505],[74.80762182333561,15.855153869860594],[74.8015802998385,15.883123804103636],[74.84135286481772,15.902865308350766],[74.83015104795135,15.943732852425272],[74.8442289835433,15.98668227034366],[74.86817935127736,15.993526829044127],[74.8763621581739,16.005323158063085],[74.91286677865911,16.00302483914877],[74.93032892149355,16.022605103196657],[74.92556831916012,16.0339509671843],[74.93628065449192,16.033142522138657],[74.96266495692247,16.051258934309946],[74.96560138098718,16.075885994688132],[74.97872547415568,16.0748137247391],[74.97564455595638,16.124874809604176],[74.99873495044783,16.12996915162718],[75.02560689750604,16.120592217692735],[75.03668411715685,16.124575031083634],[75.03734211664879,16.14214257215501],[75.04811090562153,16.156056254937486]]]}},{"type":"Feature","properties":{"taluk":"Bailhongal","districtId":17,"talukCode":"0109"},"geometry":{"type":"Polygon","coordinates":[[[74.76609839840819,15.989607294889224],[74.84450470585492,15.989559301262483],[74.83015104795135,15.943732852425272],[74.84135286481772,15.902865308350766],[74.8015802998385,15.883123804103636],[74.81045437044,15.848509111057073],[74.83229836330435,15.836256993211398],[74.86404118848009,15.84154316218343],[74.86476492920508,15.830700685255001],[74.89849302968466,15.810025663691011],[74.9011750433751,15.791398080467195],[74.93472254165167,15.78938450278636],[74.94149560948534,15.772616211817875],[74.9436992365278,15.783700316678997],[74.95197558974812,15.78321267553035],[74.96212568328325,15.726505585535417],[75.00137519331504,15.731045874828936],[75.01271282247876,15.711621286760158],[75.01037759297365,15.68873241804752],[74.99497321711378,15.686341867570242],[74.99162324225009,15.650961512920743],[74.96693997529025,15.653076043524901],[74.96519774839159,15.626412755307921],[74.93268813601499,15.622648983475102],[74.89202649155095,15.630686199409615],[74.8780314870549,15.617064094624888],[74.85553086045496,15.612194978267288],[74.85047001569635,15.631130042338462],[74.83782067246018,15.62654731373851],[74.83382894703827,15.636908555673282],[74.85267047857602,15.648291141711193],[74.84982393455333,15.664973457861148],[74.86983285725637,15.663042786090305],[74.8775407771925,15.675013138067252],[74.8629410368504,15.6813913210455],[74.85327700505015,15.722888675100968],[74.8454197076925,15.721755431145466],[74.84318947786964,15.700331463831244],[74.83504460423396,15.697651256420906],[74.81546675702307,15.710587790567258],[74.79383022453231,15.699759844339344],[74.79114113118764,15.72337369431433],[74.79829430826625,15.72789157237271],[74.79229689800411,15.73182500695956],[74.77292863459344,15.71798891917386],[74.74729433791387,15.72643940896084],[74.74360480761204,15.710709254665662],[74.75059135426908,15.707904759035403],[74.73854844899661,15.703124844213344],[74.71794428860275,15.718233439519883],[74.7146817263209,15.748354325653198],[74.68161462653855,15.745716060072434],[74.66991440368177,15.755504814503695],[74.6671590863301,15.803370029562723],[74.6322563027633,15.802976843379517],[74.63103967144356,15.813552480362654],[74.64156755889557,15.824425746175955],[74.63787059607773,15.836429018309047],[74.65913739747204,15.850290093146352],[74.6768026634978,15.847584794677434],[74.69912366361811,15.869967461992637],[74.69234893544541,15.905458951540815],[74.68180395130292,15.912121627010427],[74.69265493076118,15.925842788965742],[74.6842106787,15.934454983981066],[74.6946860546791,15.952756756590052],[74.76609839840819,15.989607294889224]]]}},{"type":"Feature","properties":{"taluk":"Ramadurg","districtId":17,"talukCode":"0110"},"geometry":{"type":"Polygon","coordinates":[[[75.23195774556153,16.209757964556605],[75.27031961927831,16.20750675556401],[75.28670813889026,16.20022401572471],[75.28469805540786,16.176767189215596],[75.29255756666382,16.172481235896335],[75.27574413869525,16.12041219108584],[75.32766672643122,16.115452465067516],[75.35378142888918,16.128065154629645],[75.3555300952756,16.115126956795102],[75.40018922871963,16.113356993424553],[75.41213258272845,16.130274474036668],[75.41898495253179,16.1001128573204],[75.42957494878195,16.096856884486442],[75.42735977381383,16.057911794676343],[75.41602936206401,16.053167305456878],[75.41602021087013,16.032528084159242],[75.42310732694955,16.03258763502749],[75.42676516304591,16.007713952971336],[75.43893847684404,16.004129117797813],[75.43076665313521,15.97074880482982],[75.43979160698974,15.966123482334984],[75.42480562228931,15.921942553070117],[75.44068192737836,15.918253984588086],[75.43697796114353,15.893601412494919],[75.44640442722141,15.89315385701001],[75.44360153475405,15.888015314811962],[75.45291209277133,15.882109309453268],[75.4511336416151,15.862985104350175],[75.45801003090018,15.85381175769843],[75.45776589280588,15.817820241155596],[75.44768503593684,15.793697153820576],[75.43965161464519,15.795108750294501],[75.43658623461701,15.77812321711777],[75.41400822424319,15.784096051906282],[75.42498119618307,15.842448281911977],[75.38521318144248,15.83855133571537],[75.37561399868584,15.845995611481602],[75.36494264231744,15.804318627421663],[75.34090261919047,15.804455811773376],[75.33892748362153,15.827659085106907],[75.32678801192961,15.812962151588541],[75.30300169543564,15.81241981798379],[75.28503509924516,15.839975895078696],[75.28230880176368,15.872768073010713],[75.26947462757646,15.899854659186301],[75.24469146776117,15.900745641724876],[75.22881430266396,15.875093643607507],[75.19298489913297,15.862022151887517],[75.17928341440116,15.886870450671122],[75.17966735218702,15.892451540736369],[75.19701752480864,15.891231618237017],[75.19454131288029,15.922210403619937],[75.1452249212272,15.923438327905366],[75.1141426415981,15.908580269893845],[75.08781451396548,15.90614044852492],[75.0897972499264,15.928610109877345],[75.07357606594823,15.932445313412327],[75.07852786163085,15.991380044560795],[75.09102750972252,15.99091465352693],[75.08913908468762,16.009078506379023],[75.10832717692011,16.021299385411503],[75.08736831266404,16.037208660222504],[75.09963875118608,16.09157752499205],[75.07621450938838,16.090813145617787],[75.07160427692132,16.113708686154503],[75.09183465802724,16.122499461811998],[75.09645479775808,16.166992721018815],[75.11607284778724,16.170122090738495],[75.1234636410984,16.189276195806897],[75.15681289563491,16.182063349531514],[75.20749984072432,16.18420109437557],[75.23195774556153,16.209757964556605]]]}},{"type":"Feature","properties":{"taluk":"Kitthuru","districtId":17,"talukCode":"0111"},"geometry":{"type":"Polygon","coordinates":[[[74.682283731678,15.747485866948074],[74.7146817263209,15.748354325653198],[74.71794428860275,15.718233439519883],[74.73959028000584,15.702826975161273],[74.75059135426908,15.707904759035403],[74.74360480761204,15.710709254665662],[74.74729433791387,15.72643940896084],[74.77292863459344,15.71798891917386],[74.79347613605628,15.731678378815902],[74.79383022453231,15.699759844339344],[74.81546675702307,15.710587790567258],[74.83504460423396,15.697651256420906],[74.84318947786964,15.700331463831244],[74.8454197076925,15.721755431145466],[74.85327700505015,15.722888675100968],[74.8629410368504,15.6813913210455],[74.8775407771925,15.675013138067252],[74.86983285725637,15.663042786090305],[74.84982393455333,15.664973457861148],[74.85267047857602,15.648291141711193],[74.83382894703827,15.636908555673282],[74.83782067246018,15.62654731373851],[74.85047001569635,15.631130042338462],[74.85566402946158,15.61106469586083],[74.82857261060958,15.60838493694292],[74.84085273807726,15.574614556014396],[74.79721176933923,15.54755635414738],[74.81437244577333,15.503965559482005],[74.78603731449573,15.485843073253317],[74.77826504293101,15.45854078140791],[74.76020908132281,15.470775339419435],[74.75432420115548,15.48803155668901],[74.73211373191276,15.510934336887017],[74.73363183385497,15.558256214827296],[74.71807572849623,15.55917774393722],[74.70521182334127,15.569830610584978],[74.71465780485664,15.58841437239491],[74.70349642798246,15.596822116124153],[74.70871775801858,15.598614434739705],[74.70469893600932,15.631199245771294],[74.7173074058433,15.626685626789946],[74.72285243851799,15.647661422351339],[74.69117469221293,15.654372660722094],[74.68455048165104,15.681660444045923],[74.67116109624071,15.683969520931607],[74.65023348951028,15.708429026196104],[74.66815425539406,15.714107901881254],[74.6687025748907,15.72244161860538],[74.67718582683487,15.720105732183628],[74.67559319580637,15.741858289746716],[74.682283731678,15.747485866948074]]]}},{"type":"Feature","properties":{"taluk":"Nippani","districtId":17,"talukCode":"0112"},"geometry":{"type":"Polygon","coordinates":[[[74.47010291595424,16.664686367978042],[74.49002358472387,16.63029094864923],[74.54482056651044,16.6355133117841],[74.54484116073998,16.59541314855801],[74.53585351996458,16.598761023712818],[74.52243978436755,16.588626411078852],[74.52492177996793,16.577316987760508],[74.50229204337705,16.58222744223859],[74.49905181836878,16.55736184561639],[74.48888394739181,16.559031010212074],[74.49931248089982,16.51990018527543],[74.47510876675831,16.508634940717354],[74.5013444866939,16.492509992201693],[74.49553306424346,16.474328151714992],[74.43624205209848,16.467452147621923],[74.43616304390298,16.45715888624511],[74.41999806445138,16.455454698491987],[74.41599703640085,16.43143052761725],[74.40292780828104,16.42852272982648],[74.4186084955243,16.347488492533977],[74.40206597905079,16.342347833090592],[74.401250673602,16.35297728623336],[74.38853406457221,16.348409918514943],[74.37255188558865,16.360383899741507],[74.36404755085489,16.353181752030494],[74.3685557952897,16.331542466577183],[74.35208415331684,16.323810304739183],[74.3499208642396,16.330878773356584],[74.34063682478849,16.330314192491198],[74.34366567638936,16.317790296070303],[74.33014296756062,16.326007496259635],[74.32051024713763,16.323053011288454],[74.31470556781316,16.34042182662495],[74.32730182246218,16.342229080025856],[74.31564350711835,16.3558507936446],[74.32514109892338,16.358401035517428],[74.3170107988413,16.37909653937785],[74.32514573211876,16.378689946730542],[74.32724167450456,16.391809012419035],[74.33623255125481,16.394481692623838],[74.35352389780836,16.365987706003153],[74.36354475821234,16.40482063462736],[74.33559410400049,16.401242803039814],[74.32783902863264,16.419009496923316],[74.33704342398019,16.428813764041937],[74.33221378089335,16.455255125984483],[74.31184817117668,16.453184936370604],[74.28949239414592,16.46283961526256],[74.29135167718097,16.50467280764778],[74.27928733792794,16.504740141411105],[74.2748136928768,16.485308015242474],[74.26066451761973,16.479703174139683],[74.24782850720729,16.49615568879151],[74.27807286183871,16.504643335944905],[74.26391066751161,16.539741936623482],[74.27202186876154,16.54816790051939],[74.28110562964848,16.541533220946192],[74.2834867080217,16.52495623712954],[74.2911360818555,16.533900569014612],[74.3012230239987,16.52998060876928],[74.31116105566251,16.503600019462443],[74.31645182446985,16.504426377735133],[74.3162905725727,16.55547557234985],[74.3392767929773,16.54880144496947],[74.35620622820016,16.56003307211383],[74.35826238766897,16.53897801040289],[74.38099702202499,16.529192202634732],[74.39668986120431,16.582858187819067],[74.42214712697276,16.584710794766714],[74.43517170398215,16.600921257055607],[74.46634190634327,16.605285590169174],[74.45611242848396,16.655754920883755],[74.47010291595424,16.664686367978042]]]}},{"type":"Feature","properties":{"taluk":"Kagavada","districtId":17,"talukCode":"0113"},"geometry":{"type":"Polygon","coordinates":[[[74.66504490801452,16.66481035589177],[74.67964626130205,16.666157572039918],[74.67910207740269,16.6731510724897],[74.68935276911701,16.67687323195021],[74.68116444087092,16.683929608978172],[74.68924920414759,16.68635747355325],[74.69094343727258,16.718467550959932],[74.72742061348528,16.716922469322128],[74.77181218673533,16.750889154291254],[74.7954224098658,16.747343950613832],[74.79824213127215,16.75375792037649],[74.84430115593452,16.76202649204111],[74.84977523351576,16.772571719554808],[74.86542876696423,16.7639753142921],[74.86860218693373,16.7741930306504],[74.91943697545317,16.772746634034895],[74.92676017740956,16.755602156813584],[74.95564545445559,16.755832685086798],[74.96833157590065,16.729021814881158],[74.96388241617474,16.660044035287473],[74.93748979987373,16.611987169746882],[74.9235968698303,16.613495281942882],[74.90708477706141,16.644000648129524],[74.88677968915961,16.656612496781165],[74.87188279196491,16.655165510209237],[74.84344961418603,16.63465511244074],[74.81270589559517,16.644278923696227],[74.80359351977394,16.58838112631522],[74.77705920281589,16.57161161545228],[74.77097028762795,16.605833098689775],[74.72556949087048,16.608268756242964],[74.72561621487776,16.598695205007807],[74.6920929408324,16.594179413721687],[74.69182123531132,16.604224052647492],[74.67209938382277,16.60956561392208],[74.68651046107222,16.608390387994906],[74.68724758235672,16.616089357215877],[74.65171827041556,16.637370317766504],[74.66504490801452,16.66481035589177]]]}},{"type":"Feature","properties":{"taluk":"Jamakhandi","districtId":14,"talukCode":"0201"},"geometry":{"type":"Polygon","coordinates":[[[75.42101778857825,16.767739464710633],[75.49252534939986,16.745925748865083],[75.48806414603335,16.694537903937086],[75.43756927006025,16.697850839248837],[75.4471136306316,16.665267900057447],[75.45476448651145,16.66425423204289],[75.46185716206655,16.622203720038847],[75.49334199732009,16.59177697759315],[75.47239027492104,16.5636528646471],[75.48815945327772,16.554726293493484],[75.48538803577848,16.507422861715487],[75.45492839566535,16.50555578481249],[75.44142279285484,16.524680206276617],[75.42500071386834,16.529347019720426],[75.4146954451401,16.49447394679308],[75.4072483216724,16.492815443564904],[75.41287552179833,16.466797947809066],[75.3939223895104,16.46255764021567],[75.40816927503901,16.429419211739834],[75.40843934337757,16.405864534163676],[75.33634235828539,16.402298182222236],[75.33396638574241,16.40965980877955],[75.24717294940758,16.434907207753156],[75.2129309642561,16.43035074606673],[75.20431525723836,16.518419555957426],[75.2137703445991,16.57109496604766],[75.17896348971433,16.5744609979138],[75.15912227543475,16.587296376821254],[75.17591650026891,16.602302052054306],[75.21718387285591,16.614898598887084],[75.25975612024685,16.60726626650238],[75.25548890510227,16.61858738125609],[75.26811555239654,16.64094018507971],[75.2650186018419,16.69276296720835],[75.28922767588416,16.714968451599113],[75.36251135991638,16.714327621238294],[75.3665008552033,16.759823875477945],[75.42101778857825,16.767739464710633]]]}},{"type":"Feature","properties":{"taluk":"Bilagi","districtId":14,"talukCode":"0202"},"geometry":{"type":"Polygon","coordinates":[[[75.45516986853515,16.507456832626602],[75.4651730783984,16.47258622271647],[75.43236802916158,16.43547468364285],[75.44996729363089,16.414045242226067],[75.48771955698642,16.418345174086316],[75.49875145348616,16.431859162666903],[75.49936715530116,16.45402651127519],[75.53894016847582,16.466200979765922],[75.55207936465739,16.455448267494326],[75.55475746701384,16.428119574132364],[75.56630164322908,16.412727514205287],[75.5755272695606,16.41305791541343],[75.60141528305981,16.447509863793783],[75.63097540480393,16.445019274441872],[75.70629359538741,16.405410213175767],[75.7189914857261,16.389694787053376],[75.813243867196,16.370424028381652],[75.83741858615738,16.34990914870176],[75.8063496686422,16.33105460091706],[75.77843264376233,16.333769573461737],[75.78442278909507,16.30648580696392],[75.75000114844946,16.31763872527222],[75.7529139019599,16.296679911899655],[75.73334760465654,16.289439615795533],[75.73594197466981,16.269372257644818],[75.72182214322116,16.260114321515587],[75.72230145583381,16.246577354615443],[75.70592728988015,16.240375431576158],[75.6983712801709,16.223466410836455],[75.67064519445903,16.23233955058728],[75.65375639955018,16.24356078446554],[75.65599282950343,16.248752804907685],[75.63147126278592,16.247871495371083],[75.63076612573768,16.220373275582126],[75.61759542010154,16.214361585226438],[75.61783754047737,16.232066980048412],[75.59857658450264,16.229134512179538],[75.56725345033335,16.23931085573748],[75.54661937018746,16.228934937402215],[75.5274561464194,16.242343447187864],[75.51396565738693,16.22114664314855],[75.48689003141364,16.229101274208418],[75.48257941855877,16.24313167265176],[75.45923706588755,16.238151126838797],[75.43371816971515,16.253372431780406],[75.42983971419656,16.30398750615443],[75.47714382262811,16.280200872951582],[75.49665109646119,16.352842218256338],[75.40396136830786,16.374809198030366],[75.39019677830805,16.401318125617614],[75.40843934337757,16.405864534163676],[75.40816927503901,16.429419211739834],[75.3939223895104,16.46255764021567],[75.41287552179833,16.466797947809066],[75.4072483216724,16.492815443564904],[75.4146954451401,16.49447394679308],[75.42500071386834,16.529347019720426],[75.44142279285484,16.524680206276617],[75.45516986853515,16.507456832626602]]]}},{"type":"Feature","properties":{"taluk":"Mudhol","districtId":14,"talukCode":"0203"},"geometry":{"type":"Polygon","coordinates":[[[75.24748587447169,16.434794233417684],[75.33396638574241,16.40965980877955],[75.33634235828539,16.402298182222236],[75.38949323297535,16.407331930310527],[75.40396136830786,16.374809198030366],[75.49665109646119,16.352842218256338],[75.47714382262811,16.280200872951582],[75.42983971419656,16.30398750615443],[75.42825748110386,16.269590686150156],[75.43371816971515,16.253372431780406],[75.44386612875665,16.248971625431984],[75.44793838147655,16.183446862207454],[75.40449438055865,16.11372072074587],[75.3555300952756,16.115126956795102],[75.35378142888918,16.128065154629645],[75.32766672643122,16.115452465067516],[75.27574413869525,16.12041219108584],[75.29255756666382,16.172481235896335],[75.28469805540786,16.176767189215596],[75.2856724416494,16.202108382525413],[75.23238177975242,16.20963873223152],[75.22976983655938,16.23148364490447],[75.23930649284668,16.25112837308983],[75.2322910064354,16.250223086439146],[75.23413262317489,16.25962782056881],[75.2176494484453,16.26860186546304],[75.12960329352747,16.286962995901344],[75.13841907117163,16.325960144022133],[75.13045014139144,16.331699324546737],[75.134969732489,16.355780927007853],[75.12042363218652,16.35813896294484],[75.11631855109401,16.371482841705635],[75.12442932705795,16.41390003029143],[75.24748587447169,16.434794233417684]]]}},{"type":"Feature","properties":{"taluk":"Bagalkote","districtId":14,"talukCode":"0205"},"geometry":{"type":"Polygon","coordinates":[[[75.87912693319062,16.340065467985426],[75.89404423140283,16.32480165752973],[75.9240804684745,16.317773747005653],[75.9575291713544,16.296915156455704],[76.0251005167563,16.300773680230215],[76.05563791601921,16.271900516795224],[76.0187875957227,16.24097167622148],[76.00771587054943,16.239897391627547],[75.99623472998125,16.215935577967674],[75.95163275320763,16.220454478951428],[75.93961093972347,16.170879197636115],[75.91946209972123,16.172925510606376],[75.90498101291965,16.15705016950207],[75.88915023991028,16.157071000673895],[75.8719053314674,16.173863052637653],[75.86756252078881,16.1535112647878],[75.89037326562575,16.11894376166044],[75.88734324288431,16.11078408604926],[75.86808839877457,16.123285161752626],[75.86457540947681,16.15259787268644],[75.84228762148287,16.15714272072724],[75.83767816178793,16.13997785214002],[75.84570082984631,16.135889225199247],[75.83042826330501,16.091482418974575],[75.7887979397995,16.08832948286917],[75.79685776846593,16.08425005533845],[75.78104451088949,16.066445801063505],[75.76740475848469,16.06850247491005],[75.76457676551593,16.084193660979906],[75.73533957035816,16.08472495788555],[75.73194836666903,16.111004792365097],[75.67881637430708,16.111728026087018],[75.67860246779573,16.126833449399705],[75.64336520762407,16.130041736288717],[75.64161711139582,16.14496187970124],[75.57255360265414,16.151022055889086],[75.55552785690126,16.133355231980897],[75.50941282485311,16.135309977408387],[75.48261600566529,16.151227739675402],[75.435072889637,16.156203823187532],[75.44793838147655,16.183446862207454],[75.44386612875665,16.248971625431984],[75.4678015766893,16.235807584742062],[75.48257941855877,16.24313167265176],[75.48689003141364,16.229101274208418],[75.51234204656116,16.221238449427883],[75.5274561464194,16.242343447187864],[75.54661937018746,16.228934937402215],[75.56725345033335,16.23931085573748],[75.59857658450264,16.229134512179538],[75.61783754047737,16.232066980048412],[75.61759542010154,16.214361585226438],[75.63076612573768,16.220373275582126],[75.63147126278592,16.247871495371083],[75.65599282950343,16.248752804907685],[75.65375639955018,16.24356078446554],[75.67064519445903,16.23233955058728],[75.6983712801709,16.223466410836455],[75.70592728988015,16.240375431576158],[75.72230145583381,16.246577354615443],[75.72182214322116,16.260114321515587],[75.73594197466981,16.269372257644818],[75.73334760465654,16.289439615795533],[75.7529139019599,16.296679911899655],[75.75000114844946,16.31763872527222],[75.78442278909507,16.30648580696392],[75.77843264376233,16.333769573461737],[75.8063496686422,16.33105460091706],[75.83213240755327,16.34955974001595],[75.87912693319062,16.340065467985426]]]}},{"type":"Feature","properties":{"taluk":"Hungund","districtId":14,"talukCode":"0206"},"geometry":{"type":"Polygon","coordinates":[[[76.06991016195782,16.255851867407163],[76.0624910680576,16.21583100311364],[76.10673537415255,16.189470699064135],[76.21891074940385,16.1719195078292],[76.20871164181625,16.12152446944792],[76.192339877515,16.12245403314675],[76.16957266301965,16.094508043798857],[76.14306327996447,16.087027274196632],[76.12680421736667,16.046338755290808],[76.11437665291976,16.03691431552892],[76.09905170085266,16.03734501583703],[76.09569000690178,16.01098066361855],[76.05642694292547,16.011457270589208],[76.05161880959535,16.00337787665676],[75.98948632783367,16.004811565955695],[75.97959121665936,15.991823795609134],[75.97347034510578,15.992722764654385],[75.97228510446158,16.01635171169644],[75.95168396484871,16.01071053385875],[75.91946205449776,16.019181926910996],[75.93273812265797,16.040333349472668],[75.92291607650928,16.04521271483509],[75.91070075707546,16.048207560055946],[75.91004093254155,16.02717976594242],[75.88175917194124,16.013742234752264],[75.8850365573051,16.003050367460204],[75.87926104633787,16.013061243235335],[75.84389861154742,16.029665821072395],[75.85316425789252,16.038523390537144],[75.84801589941412,16.04410339863655],[75.856443820346,16.049688054179494],[75.8517467521593,16.064127003871533],[75.8598397387888,16.07725817420124],[75.84688698791147,16.089093127170226],[75.83042826330501,16.091482418974575],[75.84570082984631,16.135889225199247],[75.83767816178793,16.13997785214002],[75.84228762148287,16.15714272072724],[75.86457540947681,16.15259787268644],[75.86808839877457,16.123285161752626],[75.88734324288431,16.11078408604926],[75.89037326562575,16.11894376166044],[75.86756252078881,16.1535112647878],[75.8719053314674,16.173863052637653],[75.88915023991028,16.157071000673895],[75.90498101291965,16.15705016950207],[75.91946209972123,16.172925510606376],[75.93961093972347,16.170879197636115],[75.95163275320763,16.220454478951428],[75.99623472998125,16.215935577967674],[76.00771587054943,16.239897391627547],[76.0187875957227,16.24097167622148],[76.05563791601921,16.271900516795224],[76.06991016195782,16.255851867407163]]]}},{"type":"Feature","properties":{"taluk":"Guledagudda","districtId":14,"talukCode":"0207"},"geometry":{"type":"Polygon","coordinates":[[[75.64161711139582,16.14496187970124],[75.64532910615513,16.109223766559854],[75.6742895723029,16.104715872386787],[75.67854246537036,16.11227189700539],[75.73194836666903,16.111004792365097],[75.73533957035816,16.08472495788555],[75.76457676551593,16.084193660979906],[75.77236046457747,16.0651050289982],[75.79135677901438,16.07634334891553],[75.79685776846593,16.08425005533845],[75.78845871704287,16.088116827846722],[75.79970044441788,16.092159850118293],[75.8395200461116,16.09230984137696],[75.8598397387888,16.07725817420124],[75.8517467521593,16.064127003871533],[75.856443820346,16.049688054179494],[75.84801589941412,16.04410339863655],[75.85316425789252,16.038523390537144],[75.8428159275181,16.031290713426326],[75.87926104633787,16.013061243235335],[75.87342371656987,15.991854190575339],[75.84895535981904,15.984977315442537],[75.86048265207913,15.964513702466302],[75.85070352503766,15.941856294997425],[75.85544731212285,15.934304038492456],[75.83641418290107,15.924688422217125],[75.80510567176034,15.927729311430532],[75.80276173561454,15.93995241845313],[75.81801055650268,15.946216837790983],[75.80916190909508,15.95785845669718],[75.81870750414664,15.965123463155578],[75.81830193941194,15.981227772994437],[75.80319616392042,15.974957083133576],[75.80635395931222,15.981874146534704],[75.78987543955964,15.983734596877197],[75.7642331898446,15.972743643572803],[75.73942575744941,15.977981962419348],[75.7368789149935,15.986754302113637],[75.71213217809495,15.985592225603062],[75.71142424069974,15.99562521621983],[75.69856162926676,16.003468818144658],[75.68835597842224,16.04189907488607],[75.66803548401873,16.02499304871397],[75.64019332747465,16.029457893130328],[75.62971794399044,16.045967830348356],[75.61307508661478,16.03679860808205],[75.61089456322722,16.048975451612492],[75.58496617361065,16.05503239997998],[75.58598174731792,16.07537984078135],[75.6140996296311,16.083550517454345],[75.6107298543989,16.10466180964227],[75.62272830911414,16.105731161343144],[75.63065210683517,16.14463171115356],[75.64161711139582,16.14496187970124]]]}},{"type":"Feature","properties":{"taluk":"Bijapur","districtId":52,"talukCode":"0301"},"geometry":{"type":"Polygon","coordinates":[[[75.74260067346451,17.0696574483304],[75.7658133775328,17.06959087935175],[75.76580379956877,17.0253713552552],[75.79604489304586,17.01415471339577],[75.798298478421,17.001090472614603],[75.83225200799264,17.002639234409624],[75.83362836376004,16.97625917489638],[75.84310727309064,16.97004805398009],[75.86025786684819,16.977295200078817],[75.85991866513909,16.959386547932837],[75.8830949885755,16.958344218777544],[75.88932880735749,16.94597426481405],[75.90839897958521,16.956775190538977],[75.90244107078635,16.979281986392706],[75.91582471137058,16.977287273955067],[75.92863866239388,16.969064246728134],[75.9221750062939,16.9607715235552],[75.93099222891894,16.932591576223842],[75.95288438091845,16.933842471160588],[75.95532567721312,16.9187774400566],[75.99675199829589,16.92071794151411],[76.00257037715603,16.906111304350777],[75.99482368014115,16.873086235306726],[76.02597299816699,16.854380816659923],[76.01930818460431,16.849232348999397],[76.01937228453318,16.82490600491179],[75.99855844288761,16.80204694505212],[75.99475807792436,16.7420393021365],[75.98228723916566,16.744636874031652],[75.9825910340561,16.757222506818657],[75.96663456154688,16.75789724161219],[75.96201672352038,16.772270380711088],[75.9166656762135,16.771484736397017],[75.90944449807476,16.757434319748903],[75.87869724954359,16.772062175736384],[75.85425997583926,16.765965990128006],[75.84705084369814,16.75291742832778],[75.8498851791869,16.710792626525155],[75.77178760951324,16.713387585986467],[75.76561008664983,16.706557661648457],[75.72386299994781,16.707295594151194],[75.69293917080503,16.697856809573054],[75.69373950929459,16.738974727549287],[75.66629920840467,16.743972058515823],[75.66432627732291,16.753666247717824],[75.66333299423646,16.768225192622673],[75.67170881589745,16.77099978436944],[75.66275099738702,16.794763886908086],[75.66928241787852,16.849820652543762],[75.67459055882848,16.8601893589377],[75.68808293435849,16.86404513824246],[75.69452730576536,16.899797294745206],[75.74081016734638,16.911919413637257],[75.7393843788236,16.89301192402881],[75.72066561322256,16.870103355103495],[75.72610146616576,16.855765130112268],[75.747704937484,16.85469439648005],[75.75699531615845,16.87573185828202],[75.78332292224583,16.901767296856857],[75.78605213380993,16.938669215257992],[75.73328258046283,16.932503625117125],[75.73831630362446,16.946356299425766],[75.70914484638568,16.950758158495216],[75.6912095855821,16.969983327331395],[75.67318120307989,16.9704874157998],[75.66570402693492,16.979662407999115],[75.66975116574156,17.03800354979606],[75.64031819586842,17.037609938498992],[75.65898294047254,17.06383362787269],[75.67640533664265,17.065324712490106],[75.71930396662256,17.08433339925516],[75.71802135713982,17.089957359930636],[75.72687294796307,17.089570143979145],[75.74260067346451,17.0696574483304]]]}},{"type":"Feature","properties":{"taluk":"Indi","districtId":52,"talukCode":"0302"},"geometry":{"type":"Polygon","coordinates":[[[76.06020957480061,17.357542432224886],[76.07429424966394,17.335869191549897],[76.06649526686812,17.30911256932332],[76.09897640173196,17.289706824644114],[76.08792394340851,17.25687544802315],[76.12233272875478,17.24842858043192],[76.17779955171692,17.192200119838713],[76.19501627510743,17.184291971486505],[76.19564182408696,17.17661639584779],[76.17284254817483,17.17043105509777],[76.16613002898748,17.151657701830256],[76.19497063028936,17.143974214312248],[76.19461965541218,17.121410269432904],[76.17179562559282,17.116850009797243],[76.17598663610502,17.109495757995212],[76.16839339739685,17.08823728501599],[76.14723133189388,17.059493247522354],[76.12317280303174,17.06159565275314],[76.11285920484019,17.054295762730334],[76.09625394143418,17.016929477812365],[76.06951798757838,17.02769851057214],[76.06030636784719,16.999369155586752],[76.09263710068966,16.992211479401178],[76.09346033868388,16.980288631636217],[76.06098526635488,16.968879539597946],[76.05729835442827,16.984363900836204],[76.03061424085757,16.987144178295726],[76.02325653081516,16.973959238968355],[75.999058650968,16.968792342566093],[76.00044258541386,16.960074497568847],[75.96342799615753,16.96326738687249],[75.95288438091845,16.933842471160588],[75.93503989450339,16.932362307353067],[75.9221750062939,16.9607715235552],[75.92863866239388,16.969064246728134],[75.90244107078635,16.979281986392706],[75.90839897958521,16.956775190538977],[75.88727319941424,16.946487178149006],[75.8830949885755,16.958344218777544],[75.85991866513909,16.959386547932837],[75.86025786684819,16.977295200078817],[75.84310727309064,16.97004805398009],[75.83362836376004,16.97625917489638],[75.83225200799264,17.002639234409624],[75.798298478421,17.001090472614603],[75.79604489304586,17.01415471339577],[75.76580379956877,17.0253713552552],[75.7658133775328,17.06959087935175],[75.74308197865336,17.068463676712792],[75.72393710233237,17.090246024107756],[75.72269131521668,17.129021675770286],[75.73169666165444,17.145112229916396],[75.73086889879895,17.1644316579849],[75.72486978603703,17.165789633904517],[75.7319344135686,17.18886025546753],[75.74147863420121,17.191664853284944],[75.78523480096334,17.17319388544341],[75.79313975993671,17.195085307039793],[75.78996373372708,17.22067280497515],[75.75684208232323,17.2290422765961],[75.76275267593748,17.28173990240985],[75.80076249125202,17.276550910314143],[75.81397904486505,17.302900973648136],[75.83751626549596,17.30732791712163],[75.86053234213136,17.288090607090137],[75.91212761444153,17.277898927974697],[75.91397341967517,17.29812090664488],[75.88760162409402,17.303036735946797],[75.88184609878633,17.337815060498777],[75.8912955919928,17.35017720775425],[75.90831985546637,17.346977536590586],[75.93231924191035,17.32431277740035],[75.96617889118384,17.336925169867055],[75.99922126693002,17.33805815375084],[76.01083362826046,17.354810607811196],[76.0344024453468,17.347758946609677],[76.03398292455203,17.35421129739915],[76.06020957480061,17.357542432224886]]]}},{"type":"Feature","properties":{"taluk":"Sindagi","districtId":52,"talukCode":"0303"},"geometry":{"type":"Polygon","coordinates":[[[76.36753568545251,17.170001310135493],[76.3599430445193,17.140894917639358],[76.38847395935348,17.146330168959132],[76.39480395813803,17.14060454024466],[76.36255606974008,17.11391019690385],[76.38771115138341,17.094374674896287],[76.38897236049294,17.072410692009107],[76.39815017165414,17.071288317771355],[76.4296924564,17.098883740376372],[76.42718539299372,17.053437739837],[76.44106527499684,16.99911439224249],[76.43679926479986,16.98181628860456],[76.40063487324734,16.97733260624568],[76.39930587774559,16.93529492294339],[76.42801489147836,16.92723444557641],[76.43403548968256,16.94351880051028],[76.45872092328206,16.927688243026285],[76.46580524645442,16.90229084336377],[76.43380508761847,16.89775818325236],[76.43339758491493,16.882218639548956],[76.43800623678874,16.86832098935309],[76.45881435290595,16.867252472517713],[76.47089585953404,16.839099536570544],[76.45968090715556,16.83293472433426],[76.42958094516918,16.837148840266973],[76.4291314644369,16.850857610103795],[76.4045617235102,16.85863973534212],[76.37424224472564,16.85844408835538],[76.35875202431014,16.842506994736027],[76.35120060977734,16.819338673264028],[76.4138662507209,16.81347544886136],[76.41029935705531,16.79867915720819],[76.3962240304484,16.805707471060796],[76.37779784903933,16.801117994470772],[76.37061266815094,16.767520550055004],[76.43545618541532,16.76457252336744],[76.44274809342348,16.757146687788723],[76.44018593429513,16.742521692373877],[76.42295415587353,16.73006537808079],[76.39232062209354,16.721127302024648],[76.39454349310495,16.741942209144437],[76.37440966358272,16.743391810612064],[76.36867824713467,16.767059468874447],[76.33913518342891,16.75740617325403],[76.30754213094968,16.768351398028795],[76.2937728633675,16.746042100958473],[76.27728344416944,16.74455546386393],[76.25655363924407,16.708078036564658],[76.24210164000382,16.69935832428124],[76.22079303062154,16.701839270321525],[76.2376499412638,16.74134556518473],[76.23777588675105,16.763591953133872],[76.26803000216697,16.776579239314323],[76.24356404812107,16.787541571277313],[76.18124771654682,16.79371245915145],[76.16603783666093,16.804671583502518],[76.16730118608146,16.825176014820336],[76.15266598466037,16.83729230102066],[76.09816783093117,16.833178210793438],[76.0987630710795,16.84601471993599],[76.08503482184804,16.85200579986487],[76.10287951312539,16.875565301994442],[76.11579753426145,16.878282105439474],[76.11426223760638,16.898642824431185],[76.07728802429457,16.901392486359146],[76.0752652405434,16.892366984310083],[76.0561420209887,16.905332356120766],[76.05909153229564,16.967021254048063],[76.09346033868388,16.980288631636217],[76.09263710068966,16.992211479401178],[76.06030636784719,16.999369155586752],[76.06322729488197,17.01385974935739],[76.0699435914501,17.028272750387064],[76.09625394143418,17.016929477812365],[76.11719003131572,17.05819547113351],[76.14682789787548,17.059247593225276],[76.15961870392154,17.072602807914222],[76.1759555850302,17.10931417778508],[76.17179562559282,17.116850009797243],[76.19461965541218,17.121410269432904],[76.19497063028936,17.143974214312248],[76.16613002898748,17.151657701830256],[76.17284254817483,17.17043105509777],[76.19564182408696,17.17661639584779],[76.19505904637212,17.18401197711392],[76.22071295928873,17.185889276197088],[76.24064697243188,17.151948748261077],[76.25169166651398,17.149487365986644],[76.27909112636583,17.166511254070056],[76.32691219846468,17.16904247691175],[76.35432435333703,17.18655388490065],[76.36753568545251,17.170001310135493]]]}},{"type":"Feature","properties":{"taluk":"Basavan Bagewadi","districtId":52,"talukCode":"0304"},"geometry":{"type":"Polygon","coordinates":[[[75.96201672352038,16.772270380711088],[75.96663456154688,16.75789724161219],[75.9825910340561,16.757222506818657],[75.98228723916566,16.744636874031652],[75.98923993091577,16.742773457951795],[75.99475807792436,16.7420393021365],[75.99517251778663,16.7623744317635],[76.02580951771775,16.760224826512477],[76.02656737552238,16.7315193612888],[76.01410565172097,16.73247904528466],[76.01332478839834,16.724926140385392],[76.04097316088016,16.71585364745811],[76.0486594335055,16.69577228803506],[76.08908112607187,16.694707431227144],[76.0859346658781,16.655625541536903],[76.13533322734526,16.644969476456122],[76.14566863562888,16.636370269376407],[76.17010635015832,16.66091595566002],[76.17844361146152,16.655462129187136],[76.21065944618125,16.662660432605573],[76.22441615652832,16.6502339119769],[76.17251880597043,16.63511994624924],[76.15601502713339,16.612995293280086],[76.16675551562841,16.60375665854484],[76.1893003462392,16.61082722019276],[76.20326566054902,16.586008406008343],[76.21410813393632,16.584387859339977],[76.20062476435889,16.548329352700126],[76.13673365591583,16.560264870334134],[76.12148731697239,16.497817565485896],[76.10362802664686,16.48037524756167],[76.08282653262283,16.48241269245818],[76.08064112878517,16.47541360013235],[76.05494410921345,16.47323871943108],[76.03290591221182,16.44086655143308],[76.01381731675288,16.453615695597044],[76.01572928257414,16.47230559840889],[75.99572542545829,16.474585207432543],[75.983682308023,16.49543459911098],[75.96604581189368,16.498128257486446],[75.96333391143071,16.47675484317071],[75.95575009034538,16.482280371425066],[75.94493444994436,16.463533339397078],[75.91979378813087,16.453957163382032],[75.9166272755402,16.478655554583025],[75.90861758386187,16.481220933988155],[75.91313610138134,16.497768735000513],[75.85787138138996,16.502097790314508],[75.84857789108942,16.53759529958823],[75.85548469607905,16.549807453617262],[75.85279025375775,16.586943676383225],[75.82571703831142,16.583636264630687],[75.82589580489615,16.59138721300739],[75.76718816790904,16.599835479153526],[75.76660575758034,16.64221388628999],[75.73915106185295,16.670670168309044],[75.76214942526502,16.696160427420452],[75.76586971128246,16.71226012844628],[75.8498851791869,16.710792626525155],[75.85250304715916,16.73767860086307],[75.84534644801099,16.748395194396014],[75.85425997583926,16.765965990128006],[75.88144483827256,16.772285424553658],[75.90944449807476,16.757434319748903],[75.9166656762135,16.771484736397017],[75.96201672352038,16.772270380711088]]]}},{"type":"Feature","properties":{"taluk":"Muddebihal","districtId":52,"talukCode":"0305"},"geometry":{"type":"Polygon","coordinates":[[[76.16488935412974,16.51163598663259],[76.19226922368803,16.498540727112687],[76.18601305395376,16.465045429668265],[76.21908871394498,16.458510234574664],[76.21020374916111,16.435160322966958],[76.2196099219193,16.434574502223025],[76.22885067242885,16.42175510803137],[76.25837016791974,16.42254104347593],[76.25109625912636,16.392797666041346],[76.25872095301403,16.36311692251828],[76.27120914705569,16.35731394796123],[76.2790790510167,16.361244558540367],[76.28221338965076,16.379920429098856],[76.30453205940908,16.378873796690645],[76.31429944551186,16.34824875616278],[76.29194204869343,16.335042467036914],[76.29515006476434,16.32036729042272],[76.30279102191218,16.318884816879752],[76.2997324958984,16.283282812784417],[76.3183571145556,16.28704544219222],[76.34788795172189,16.277631213074955],[76.34533512472501,16.249642768873148],[76.35256231265292,16.234613640925865],[76.34469014717334,16.210597692120125],[76.33008973666482,16.193514563433467],[76.29712272432454,16.185372585854942],[76.27884803087309,16.1525303608252],[76.17545267721064,16.18294330207808],[76.14078762215696,16.180318166962014],[76.10365447791438,16.19106170156408],[76.0624910680576,16.21583100311364],[76.06105654014299,16.234389926193742],[76.07029877560291,16.254336910113636],[76.06441992436557,16.26286959348329],[76.02678777986662,16.29992433714336],[75.9989507857278,16.302099954316116],[76.00051574188389,16.337409348784053],[75.98897911546244,16.337856080084308],[75.99639873157288,16.365784403592183],[76.01320428238144,16.38335225884651],[76.0238558115666,16.42766554713408],[76.0501410729366,16.469811143692738],[76.08064112878517,16.47541360013235],[76.08282653262283,16.48241269245818],[76.10362802664686,16.48037524756167],[76.12114193927005,16.497637065310286],[76.15374298598906,16.47992693685858],[76.16488935412974,16.51163598663259]]]}},{"type":"Feature","properties":{"taluk":"Babaleshwara","districtId":52,"talukCode":"0307"},"geometry":{"type":"Polygon","coordinates":[[[75.59997070955131,16.781278305166275],[75.61382098170121,16.748044488145208],[75.6645262458393,16.753684659314978],[75.66629920840467,16.743972058515823],[75.69373950929459,16.738974727549287],[75.69293917080503,16.697856809573054],[75.72386299994781,16.707295594151194],[75.76636019276789,16.7056515372681],[75.73657761074563,16.670828200470677],[75.71703351575694,16.669115047012223],[75.71558940712998,16.56359052279869],[75.69102833467889,16.537938952229993],[75.66018576046999,16.558008087736653],[75.64191062900683,16.552098721361958],[75.64704640376945,16.552115909261467],[75.63986410356968,16.52981919831144],[75.64605655093426,16.51885260862101],[75.62943331576191,16.49387400619509],[75.64229129810478,16.494739821588304],[75.65283335967715,16.480764730411625],[75.64273283810171,16.44044930923279],[75.60141528305981,16.447509863793783],[75.5755272695606,16.41305791541343],[75.56630164322908,16.412727514205287],[75.55529550026924,16.42650526380318],[75.55053493387359,16.457961716261806],[75.53054832783488,16.466145061202237],[75.49936715530116,16.45402651127519],[75.49126638267468,16.420458793033305],[75.44996729363089,16.414045242226067],[75.43278166120065,16.438758292214654],[75.4651730783984,16.47258622271647],[75.4561503270666,16.505703440155525],[75.48538803577848,16.507422861715487],[75.48815945327772,16.554726293493484],[75.47239027492104,16.5636528646471],[75.49334199732009,16.59177697759315],[75.46185716206655,16.622203720038847],[75.45476448651145,16.66425423204289],[75.4471136306316,16.665267900057447],[75.43756927006025,16.697850839248837],[75.48806414603335,16.694537903937086],[75.49198435339532,16.745450479874194],[75.51047905453864,16.746925536993047],[75.51575600437404,16.771734781922824],[75.55243551102444,16.759971500409463],[75.56169050485795,16.773480915268415],[75.59997070955131,16.781278305166275]]]}},{"type":"Feature","properties":{"taluk":"Chadachana","districtId":52,"talukCode":"0308"},"geometry":{"type":"Polygon","coordinates":[[[75.63411296355676,17.479456465409772],[75.67820741929867,17.455982045786463],[75.68944843863358,17.412933655763023],[75.71616017436655,17.41084900168372],[75.73298021664199,17.422477456674017],[75.7657294460023,17.40804644556355],[75.78033828365105,17.378618838192452],[75.80366039171183,17.369797715029442],[75.81336160068423,17.375895703955454],[75.81965601407336,17.421423978223945],[75.85100940227173,17.413300415291708],[75.8607269479972,17.38620187945571],[75.87433538253501,17.39929176725036],[75.87502413469602,17.41669827198696],[75.88638110190637,17.41823506515623],[75.89820077205104,17.37706890760618],[75.89168510008993,17.35928233338597],[75.8981409778875,17.35110948286513],[75.88184609878633,17.337815060498777],[75.88760162409402,17.303036735946797],[75.9138943896197,17.298172761737696],[75.91525410615328,17.291572327333057],[75.91212761444153,17.277898927974697],[75.90117407546882,17.27916099382955],[75.86053234213136,17.288090607090137],[75.84421844648142,17.30550959345746],[75.82773522207096,17.306789630177704],[75.81352348199322,17.30249206485556],[75.80076249125202,17.276550910314143],[75.76337525271747,17.282592859783225],[75.75684208232323,17.2290422765961],[75.78996373372708,17.22067280497515],[75.78852958095743,17.18020941861498],[75.78523480096334,17.17319388544341],[75.77445098362737,17.174106769301655],[75.746595951458,17.189927801287773],[75.7319344135686,17.18886025546753],[75.72486978603703,17.165789633904517],[75.73086889879895,17.1644316579849],[75.73169666165444,17.145112229916396],[75.72269131521668,17.129021675770286],[75.72393710233237,17.090246024107756],[75.67923384409117,17.069810060322137],[75.67242971221432,17.115689013522015],[75.65042477357665,17.11553747410723],[75.650224685768,17.13473618818318],[75.62535027651228,17.17386767409004],[75.62842873476777,17.18865045609701],[75.64026316010982,17.18919221210696],[75.6622165640349,17.21453448268124],[75.65485301869381,17.272386389524566],[75.62744294079062,17.273784746936197],[75.621998886581,17.295104661211198],[75.60326962280924,17.30465948099644],[75.61237953544895,17.326971373597168],[75.61019741805757,17.34460743490532],[75.58164850253785,17.35086214194122],[75.57536656213931,17.383998649029042],[75.61346430888241,17.39153600407419],[75.60660947255118,17.420135615177305],[75.63411296355676,17.479456465409772]]]}},{"type":"Feature","properties":{"taluk":"Talikote","districtId":52,"talukCode":"0309"},"geometry":{"type":"Polygon","coordinates":[[[76.32824131272952,16.719345124410165],[76.32788160634148,16.692583785343267],[76.34200565287725,16.690428211392476],[76.3506516778626,16.6732778160701],[76.39649943248176,16.672936550915995],[76.39749196657397,16.689921200835514],[76.42676218897742,16.68867367957734],[76.40277905020449,16.640033916498396],[76.43411829649769,16.518737663594877],[76.4349603192578,16.435750894027944],[76.39005435272466,16.43779087633489],[76.38480260714786,16.425742044974644],[76.3582981710539,16.42235706700767],[76.33195921466836,16.427157118874803],[76.33050316264195,16.409678340918013],[76.33701507310545,16.405605382342223],[76.33198772834825,16.396908516710432],[76.30959480486645,16.3971556620359],[76.30453205940908,16.378873796690645],[76.28221338965076,16.379920429098856],[76.2790790510167,16.361244558540367],[76.26945136687517,16.35751787425952],[76.25823347216009,16.363765675728803],[76.25134443799242,16.390456688574712],[76.25837016791974,16.42254104347593],[76.22667860433516,16.42279368681162],[76.2196099219193,16.434574502223025],[76.21020374916111,16.435160322966958],[76.21908871394498,16.458510234574664],[76.18601305395376,16.465045429668265],[76.19226922368803,16.498540727112687],[76.16488935412974,16.51163598663259],[76.15374298598906,16.47992693685858],[76.12114193927005,16.497637065310286],[76.13673365591583,16.560264870334134],[76.19948322345539,16.548086649135897],[76.21146971774066,16.572663474980622],[76.21410813393632,16.584387859339977],[76.20326566054902,16.586008406008343],[76.1893003462392,16.61082722019276],[76.16675551562841,16.60375665854484],[76.15584647541803,16.611568007691904],[76.15848989651249,16.621282465577725],[76.17251880597043,16.63511994624924],[76.19178277576752,16.6371470935476],[76.19867846649583,16.624705383469404],[76.22227053283491,16.63247914619967],[76.26247906378684,16.610417119930332],[76.29006611387305,16.61331724896767],[76.28703940373696,16.62618530230509],[76.26980229579176,16.62651652129833],[76.28714437248513,16.70141810455939],[76.32824131272952,16.719345124410165]]]}},{"type":"Feature","properties":{"taluk":"Tikota","districtId":52,"talukCode":"0310"},"geometry":{"type":"Polygon","coordinates":[[[75.56706395284584,17.00900024291189],[75.6068760270172,17.004958919066816],[75.60782752135728,16.971402514529434],[75.6366282031485,16.968708193206727],[75.64285179317348,16.954443925571063],[75.69067130114946,16.970063914078597],[75.70914484638568,16.950758158495216],[75.73831630362446,16.946356299425766],[75.73328258046283,16.932503625117125],[75.78605213380993,16.938669215257992],[75.78332292224583,16.901767296856857],[75.75699531615845,16.87573185828202],[75.747704937484,16.85469439648005],[75.72610146616576,16.855765130112268],[75.72066561322256,16.870103355103495],[75.7393843788236,16.89301192402881],[75.74359287030654,16.911079596241745],[75.71625153228617,16.910389840036835],[75.71541426426994,16.904121436228515],[75.69452730576536,16.899797294745206],[75.68808293435849,16.86404513824246],[75.67459055882848,16.8601893589377],[75.66928241787852,16.849820652543762],[75.66275099738702,16.794763886908086],[75.67170881589745,16.77099978436944],[75.66333299423646,16.768225192622673],[75.66489636181626,16.75423931310135],[75.61382098170121,16.748044488145208],[75.59919907677285,16.783516952705853],[75.56169050485795,16.773480915268415],[75.55243551102444,16.759971500409463],[75.51575600437404,16.771734781922824],[75.51047905453864,16.746925536993047],[75.47668347963524,16.74782156071096],[75.42399652579,16.768321755392268],[75.38539392612351,16.76235071151383],[75.37886508962718,16.823169885427866],[75.39502538123864,16.863001878055393],[75.33580666568228,16.86887390562395],[75.34164317703575,16.95646034544289],[75.3921730685687,16.980400219524356],[75.42802496451186,16.96672973576718],[75.44215390485246,16.982614695062203],[75.46563524456882,16.988504465823354],[75.4686419494334,16.979782122536133],[75.48299920266834,16.97698142910157],[75.48903262257933,16.94464126876939],[75.50943908694599,16.950708696852534],[75.52856894827858,16.969496108263503],[75.56728797442939,16.96606789445234],[75.56706395284584,17.00900024291189]]]}},{"type":"Feature","properties":{"taluk":"Devara Hipparagi","districtId":52,"talukCode":"0312"},"geometry":{"type":"Polygon","coordinates":[[[76.05264276541054,16.984249574407734],[76.06098526635488,16.968879539597946],[76.0561420209887,16.905332356120766],[76.0752652405434,16.892366984310083],[76.07728802429457,16.901392486359146],[76.11426223760638,16.898642824431185],[76.11579753426145,16.878282105439474],[76.10287951312539,16.875565301994442],[76.08503482184804,16.85200579986487],[76.0987630710795,16.84601471993599],[76.09816783093117,16.833178210793438],[76.15266598466037,16.83729230102066],[76.16730118608146,16.825176014820336],[76.16603783666093,16.804671583502518],[76.18124771654682,16.79371245915145],[76.24356404812107,16.787541571277313],[76.26803000216697,16.776579239314323],[76.23777588675105,16.763591953133872],[76.2376499412638,16.74134556518473],[76.22079303062154,16.701839270321525],[76.24210164000382,16.69935832428124],[76.25655363924407,16.708078036564658],[76.27728344416944,16.74455546386393],[76.2937728633675,16.746042100958473],[76.30116507642292,16.76715681461318],[76.3102187875255,16.76861390376377],[76.33913518342891,16.75740617325403],[76.36867824713467,16.767059468874447],[76.37440966358272,16.743391810612064],[76.39454349310495,16.741942209144437],[76.39232062209354,16.721127302024648],[76.42295415587353,16.73006537808079],[76.42267125992696,16.71763937137951],[76.44255650053582,16.713800131657063],[76.44660591081343,16.723444950253974],[76.4594502641596,16.723309138060834],[76.46168172756288,16.70874951839545],[76.45273625415457,16.714531320616096],[76.4408101484909,16.70941200827135],[76.42554175648533,16.695939676281732],[76.42676218897742,16.68867367957734],[76.39749196657397,16.689921200835514],[76.39649943248176,16.672936550915995],[76.3506516778626,16.6732778160701],[76.34200565287725,16.690428211392476],[76.32788160634148,16.692583785343267],[76.32811346828483,16.72088337581394],[76.30757379733133,16.70505056967852],[76.28714437248513,16.70141810455939],[76.26980229579176,16.62651652129833],[76.28703940373696,16.62618530230509],[76.29006611387305,16.61331724896767],[76.26247906378684,16.610417119930332],[76.2299388535429,16.631521563401247],[76.19693228210244,16.625176132427608],[76.19178277576752,16.6371470935476],[76.22416554090302,16.64676942996264],[76.21065944618125,16.662660432605573],[76.17844361146152,16.655462129187136],[76.16720774762902,16.659875428414203],[76.16019047094646,16.644671605429927],[76.14566863562888,16.636370269376407],[76.13533322734526,16.644969476456122],[76.0859346658781,16.655625541536903],[76.08908112607187,16.694707431227144],[76.04521799636224,16.69762787959837],[76.04097316088016,16.71585364745811],[76.01332478839834,16.724926140385392],[76.01410565172097,16.73247904528466],[76.02656737552238,16.7315193612888],[76.02580951771775,16.760224826512477],[75.99517251778663,16.7623744317635],[76.0002474267258,16.80732901229483],[76.01937228453318,16.82490600491179],[76.01930818460431,16.849232348999397],[76.02597299816699,16.854380816659923],[75.99482368014115,16.873086235306726],[76.00257037715603,16.906111304350777],[75.99585904817191,16.92173248840088],[75.95532567721312,16.9187774400566],[75.95290213805528,16.933443408129545],[75.96342799615753,16.96326738687249],[76.00044258541386,16.960074497568847],[75.999058650968,16.968792342566093],[76.02325653081516,16.973959238968355],[76.03061424085757,16.987144178295726],[76.05264276541054,16.984249574407734]]]}},{"type":"Feature","properties":{"taluk":"Afzalpur","districtId":33,"talukCode":"0402"},"geometry":{"type":"Polygon","coordinates":[[[76.41126306640639,17.378374065511142],[76.44788956845552,17.36885995376088],[76.44832097845233,17.36050912147381],[76.47341878285938,17.35881736316526],[76.47434430200276,17.334206428761473],[76.51724210217269,17.32530568209725],[76.51732095793444,17.33600191463934],[76.5277563460862,17.34341680240366],[76.60227996363675,17.347080068300745],[76.61888675296802,17.370234672756787],[76.66412445221148,17.36130445080952],[76.65612354228149,17.33235462017563],[76.62909372311668,17.310481547203583],[76.63615150539282,17.283900045292853],[76.66048423139243,17.27821278002302],[76.66849583750025,17.279522710504803],[76.66863933630869,17.2874204410784],[76.69447516623762,17.287355010233934],[76.69367863368439,17.27213559896671],[76.70964068769179,17.269981409264005],[76.70760273782192,17.241837727119215],[76.70489274198547,17.232817492417574],[76.67398840143753,17.235483808638246],[76.67098127493772,17.2297272534534],[76.67157232407156,17.205270256995203],[76.6872191567125,17.198886639126528],[76.68645373163443,17.183198684323287],[76.63953713108016,17.188142943403616],[76.6375417368582,17.152841608300758],[76.61233012698933,17.154499862517884],[76.60280230732805,17.11518920747023],[76.6101737069452,17.113311799646773],[76.60264895359286,17.059532426387122],[76.5808624456072,17.06588420761377],[76.5602119971997,17.06156389124507],[76.5602984750361,17.0704588753247],[76.58545291441486,17.087108540411112],[76.58581720114961,17.098095797235832],[76.57343930669703,17.108132376571582],[76.52044178662587,17.08892196263659],[76.50889924690613,17.096748650138114],[76.51972466935881,17.121641800562067],[76.55804062449414,17.135197744686806],[76.57775967810608,17.172811312928705],[76.57424806151788,17.179018052959798],[76.55272098581219,17.186121469566036],[76.54175647434236,17.17514465788444],[76.518507266229,17.17578624109999],[76.5144937066676,17.16111909171568],[76.49155794039376,17.13786694203119],[76.45008484634448,17.147584349933044],[76.4521603064856,17.12785498619154],[76.42024884591383,17.12018873311575],[76.42764916505794,17.100085467814875],[76.39172323987255,17.071002242305614],[76.38771115138341,17.094374674896287],[76.36255606974008,17.11391019690385],[76.39480395813803,17.14060454024466],[76.38847395935348,17.146330168959132],[76.3599430445193,17.140894917639358],[76.36814992536222,17.163715274869215],[76.36011785858605,17.185474169837658],[76.32691219846468,17.16904247691175],[76.27909112636583,17.166511254070056],[76.25945726869978,17.149775927819412],[76.2420822577508,17.150760113133813],[76.22071295928873,17.185889276197088],[76.18663500783222,17.186888635848717],[76.12233272875478,17.24842858043192],[76.08792394340851,17.25687544802315],[76.09828332939364,17.291901877691036],[76.06424755173926,17.315284745339945],[76.07389444038937,17.336206974891397],[76.07901228041145,17.331278828940494],[76.08821402745413,17.336903371929967],[76.0891065597974,17.352813308809527],[76.09946592699423,17.364545087953694],[76.11966378912436,17.371070419200628],[76.14662087056159,17.34804717688818],[76.16249533463474,17.3448489079664],[76.1648793376273,17.303057892438126],[76.17581775998933,17.300732575687835],[76.18271175061825,17.318642098586047],[76.17019411261624,17.352360319928966],[76.22884714012801,17.36539883223719],[76.22772223543939,17.375975535545475],[76.2419627813771,17.37924935897626],[76.25077660285046,17.36076656133789],[76.27182877105547,17.360619351670657],[76.27630505235426,17.334393692298445],[76.31727004471813,17.3320927327006],[76.31111895208123,17.347517763309913],[76.34579964316353,17.354356468339677],[76.35389822176347,17.314381221709894],[76.38260502396912,17.314029626504432],[76.3963941133767,17.346963141305864],[76.41205724353067,17.350910827078124],[76.41126306640639,17.378374065511142]]]}},{"type":"Feature","properties":{"taluk":"Gulbarga","districtId":33,"talukCode":"0403"},"geometry":{"type":"Polygon","coordinates":[[[76.77392117852125,17.484624484348434],[76.85858031092313,17.482382261336316],[76.86303583713683,17.461897297618997],[76.97178290018263,17.468482958794922],[76.97948475028372,17.449458769467235],[76.99793413714097,17.44513147393349],[77.0069884251511,17.431850786105517],[77.00024187389316,17.404688066226825],[76.97023102039854,17.401476829944404],[76.9636373458416,17.379275975569836],[77.0312797989824,17.375497870444967],[77.04357351461651,17.352239444751238],[77.02626885983301,17.327639041404666],[77.04326059323868,17.3174950176157],[77.01991929387877,17.30600032735027],[77.00695267778072,17.317025631128775],[76.98807999057881,17.3177289972264],[76.98863986437983,17.300749160652956],[77.00021228321206,17.299964781212623],[77.00228164675475,17.279754017857307],[76.98451702118044,17.277909316210877],[76.97151489488873,17.2580299647834],[76.92872400385167,17.25922827258523],[76.92278639278561,17.2086122261138],[76.9058598466833,17.218266692965347],[76.90372284459691,17.235172007535198],[76.8736711949142,17.241404554450046],[76.87347369380437,17.248141840643846],[76.86472480152472,17.245234750980146],[76.85610524191631,17.222074615721407],[76.83017966614588,17.1955786864959],[76.83707068426706,17.182211863251077],[76.88126420968813,17.176272452135603],[76.8706786760486,17.13177519191072],[76.87473307613116,17.09778390557893],[76.84261983933841,17.048107510565142],[76.81417949126636,17.04425678880404],[76.78745904139494,17.07658790582859],[76.76235829061203,17.08791644258888],[76.76332756950575,17.097490611244933],[76.77560101770942,17.103212874546696],[76.77768064282122,17.138988324416804],[76.77408258950696,17.157641215143034],[76.75567760970598,17.165866511986017],[76.74063101613335,17.158170874477786],[76.70117173592703,17.100480758274223],[76.69674054290024,17.060196280500385],[76.66204760235729,17.090359087778417],[76.6066520365017,17.080694151210736],[76.6101737069452,17.113311799646773],[76.60280230732805,17.11518920747023],[76.61233012698933,17.154499862517884],[76.6375417368582,17.152841608300758],[76.63953713108016,17.188142943403616],[76.68645373163443,17.183198684323287],[76.6872191567125,17.198886639126528],[76.67157232407156,17.205270256995203],[76.67098127493772,17.2297272534534],[76.67398840143753,17.235483808638246],[76.70489274198547,17.232817492417574],[76.70760273782192,17.241837727119215],[76.70964068769179,17.269981409264005],[76.69367863368439,17.27213559896671],[76.69447516623762,17.287355010233934],[76.63896684047278,17.2790972313189],[76.62915719375732,17.307931426615905],[76.65612354228149,17.33235462017563],[76.66412445221148,17.36130445080952],[76.65802299188836,17.375905257889453],[76.69829466805466,17.389683716757013],[76.68007046651907,17.43311909671722],[76.69454884770953,17.444756931015807],[76.70628897881836,17.429106062486685],[76.72285016328878,17.426466434483544],[76.73997307909039,17.436792174158267],[76.7332705033861,17.449833882776037],[76.75852553468856,17.4513457316158],[76.75143870515227,17.466810731016785],[76.77175515098116,17.473703671314553],[76.77392117852125,17.484624484348434]]]}},{"type":"Feature","properties":{"taluk":"Chincholi","districtId":33,"talukCode":"0404"},"geometry":{"type":"Polygon","coordinates":[[[77.1487908230204,17.632299403507293],[77.19392729678542,17.615179166852805],[77.19855842312715,17.631885395572446],[77.25843194348167,17.62309990848578],[77.27489093139259,17.62718211987231],[77.27945759437256,17.617731226291802],[77.29595609182687,17.614117948147005],[77.3003022659632,17.59795167535746],[77.31319848672096,17.594155792094195],[77.34321509907443,17.58797417555953],[77.3577346367938,17.601048390242084],[77.37708647572569,17.594250098941366],[77.37860625266657,17.58349233942604],[77.42829677378286,17.58729808524786],[77.45987399338816,17.580615891214965],[77.49297790268427,17.568078955717855],[77.5002318547149,17.543151618848313],[77.51266923266834,17.54449656797671],[77.5325356380773,17.577042280538816],[77.54271635347007,17.57144944584051],[77.54917672620483,17.55060745938125],[77.59195110319662,17.565093544746546],[77.59558648088299,17.535868266951624],[77.6629911809924,17.5230898045944],[77.67564075562746,17.507181581840058],[77.68789997788605,17.51259582336415],[77.69208288350401,17.496206443084116],[77.68299074091573,17.474330867025472],[77.6521952581211,17.484267089326362],[77.65535718588794,17.505159477906506],[77.63872210712351,17.47346997457801],[77.61352031838125,17.472056604946168],[77.61440706986573,17.446274757708043],[77.60294615134728,17.444489603841163],[77.57911615478821,17.458191171906503],[77.57654539963025,17.430536995208886],[77.53694554181105,17.445569379874048],[77.51426620493007,17.435737051888957],[77.51049454564169,17.413978113817073],[77.54028387575806,17.40756488729306],[77.52350524019778,17.388040678906485],[77.53247588033182,17.3810318671108],[77.52966867373586,17.37099419504665],[77.50329008464313,17.35523512900866],[77.48348280130026,17.35486605613842],[77.47472456667043,17.361561478267035],[77.47927845073413,17.37046254165255],[77.45291116059649,17.373808579665887],[77.45666339137142,17.32325196742629],[77.43733353416008,17.29243095762661],[77.45494356316236,17.288139338498723],[77.45896319473457,17.279456581188736],[77.42609204020216,17.25590359569489],[77.4206938159047,17.23672367018196],[77.40776223806802,17.239678977559578],[77.38515146526042,17.22402648423226],[77.38135379257278,17.251222919437303],[77.36860410053136,17.255023525820462],[77.36568798811744,17.24543701692005],[77.34132302246857,17.241981783327592],[77.33331600633441,17.258468776963092],[77.31667356115712,17.254043033053847],[77.26797856364061,17.261134889974006],[77.26107128312071,17.288648294291587],[77.26207118860121,17.353382978124245],[77.28486239282205,17.371904177425424],[77.29164555211665,17.39617555826351],[77.2848638690327,17.410239175274107],[77.27720173868715,17.410221623104725],[77.28512160842405,17.443272294679407],[77.27789640977434,17.46798479026947],[77.26227416515394,17.474452611995485],[77.27036759763497,17.49266036763971],[77.2322720460742,17.494473259535184],[77.23734865397327,17.511270167873057],[77.20710452645052,17.50856530695653],[77.1996111266618,17.488654182608652],[77.17233615673823,17.48186389602547],[77.14582370531575,17.455380371899086],[77.15511173276046,17.4749091205796],[77.14809282929754,17.481009268216898],[77.15624204363336,17.490514834884245],[77.14499319498456,17.50103070335587],[77.1466003893763,17.516951619969923],[77.16947932584802,17.54145247891215],[77.15738832583651,17.566842499863903],[77.17091809701603,17.576966196041308],[77.1595014621687,17.577268015596232],[77.16041412548338,17.584691806123143],[77.14164498979702,17.59439962562385],[77.14262429131813,17.6030553572281],[77.13433570573389,17.60293000222982],[77.13764159768134,17.623987818172946],[77.1487908230204,17.632299403507293]]]}},{"type":"Feature","properties":{"taluk":"Sedam","districtId":33,"talukCode":"0405"},"geometry":{"type":"Polygon","coordinates":[[[77.19850501712682,17.265872447069064],[77.20094136093148,17.25443814623586],[77.22757206127753,17.24626022328148],[77.25663368399464,17.248702098744083],[77.2592968789294,17.263122723176743],[77.27971831008139,17.255555879657297],[77.33331600633441,17.258468776963092],[77.34132302246857,17.241981783327592],[77.36568798811744,17.24543701692005],[77.36860410053136,17.255023525820462],[77.38217915548628,17.250383657798853],[77.38015705100126,17.22107952688927],[77.40207097465597,17.210477143429348],[77.39389409105112,17.19409124716271],[77.37159064360249,17.195786341136333],[77.36163616498831,17.164034588919602],[77.3661264882606,17.15485760099225],[77.37995427299641,17.15207339803991],[77.37816117289965,17.14013519091083],[77.40465123805872,17.135453924373337],[77.40743854488842,17.125973534452502],[77.43117056113717,17.118774770258483],[77.44359278040184,17.123487635446704],[77.45959770277886,17.114586958922917],[77.46143904713038,17.09144963688679],[77.48259738551403,17.08000138000134],[77.48372533049114,17.05891483779682],[77.49757609342485,17.043876844072827],[77.50227807655511,17.009762977144714],[77.48093117318027,16.997889351956385],[77.48201131139132,16.97279574204418],[77.46499823835806,16.957093567571185],[77.46955510439889,16.921598506006642],[77.45375541378121,16.914272466946123],[77.45576093398844,16.885502183372274],[77.42459742547247,16.885089670622378],[77.4097465665447,16.873544424577823],[77.401366200077,16.8821824289581],[77.39959179925842,16.898907316366138],[77.4045506489592,16.896852682188385],[77.40597224525015,16.901842256399007],[77.39597414053749,16.903695929258525],[77.38850708144254,16.891206725114454],[77.38733698439047,16.897893957569813],[77.37616364460486,16.89511618957059],[77.3504406666683,16.90770933376809],[77.34112595386354,16.934554424774824],[77.32028792199769,16.93629625624262],[77.31116079267488,16.927663457142433],[77.28947031355396,16.937379694886406],[77.26207187143036,16.927999901228674],[77.24619541353438,16.932426066309194],[77.24221652732602,16.942089387498214],[77.21162584822127,16.944413593917023],[77.21994847463684,16.956074215106995],[77.20710272229493,16.98511185546929],[77.22832180298829,16.99430362823393],[77.21946108481039,17.027209534972705],[77.19197793290826,17.05101918378486],[77.19137720760307,17.07261254285466],[77.20506081956215,17.090901818444724],[77.20673390854719,17.1096997908814],[77.1956449870702,17.10966511845167],[77.19443204049878,17.1234937687162],[77.15149742472835,17.118535308960357],[77.15785645148229,17.13611186459099],[77.1515544130924,17.151486152109158],[77.13127056722485,17.154931765010375],[77.12643977465409,17.164239543094798],[77.11824305541704,17.160641807143843],[77.1080027433464,17.175598780677447],[77.12897570365001,17.182917082485318],[77.12653142553599,17.20540321442604],[77.15133621936677,17.20840193116624],[77.15350707526724,17.236017903969827],[77.17471019826523,17.237185169082796],[77.1844981076266,17.263134167360196],[77.19850501712682,17.265872447069064]]]}},{"type":"Feature","properties":{"taluk":"Chittapur","districtId":33,"talukCode":"0406"},"geometry":{"type":"Polygon","coordinates":[[[77.00583857409828,17.31696014281748],[77.01991929387877,17.30600032735027],[77.0442758954817,17.31729265884282],[77.05425727768385,17.310048781272442],[77.0537903378594,17.296271703014114],[77.07727170338629,17.282149270855005],[77.09194646801474,17.291522091325977],[77.10080745178804,17.281084794210603],[77.10518764729693,17.245238593757147],[77.1337794866292,17.24296456040147],[77.13559771518678,17.234070651585444],[77.15344490066441,17.23584098213655],[77.15133621936677,17.20840193116624],[77.12653142553599,17.20540321442604],[77.12897570365001,17.182917082485318],[77.1080027433464,17.175598780677447],[77.11824305541704,17.160641807143843],[77.12643977465409,17.164239543094798],[77.13127056722485,17.154931765010375],[77.1515544130924,17.151486152109158],[77.15785645148229,17.13611186459099],[77.15149742472835,17.118535308960357],[77.19443204049878,17.1234937687162],[77.1956449870702,17.10966511845167],[77.20673390854719,17.1096997908814],[77.20506081956215,17.090901818444724],[77.19137720760307,17.07261254285466],[77.19197793290826,17.05101918378486],[77.21946108481039,17.027209534972705],[77.22812381830465,16.991163339183775],[77.20710272229493,16.98511185546929],[77.21994847463684,16.956074215106995],[77.20783345591867,16.93755023386754],[77.19191801928775,16.928919966909316],[77.18471829143253,16.93540074647814],[77.14963378368445,16.92627642608263],[77.10599467799103,16.902433182345664],[77.09305952966311,16.905484935441855],[77.08226648493934,16.940694764270955],[77.0685532900188,16.932293145032187],[77.07062468848544,16.95328696349373],[77.06392659395819,16.95378555622604],[77.04124067041384,16.923000006850124],[77.01992026313539,16.927525964680875],[77.0176003533283,16.898970880949722],[77.04158356482478,16.88269364505818],[77.0418532687591,16.868383052890444],[77.02074572450523,16.868457437891674],[77.00746907936362,16.857769746941976],[76.97960184256125,16.859615201721404],[76.98325352488531,16.8398313927421],[76.99531668711086,16.83750398324531],[76.99045082602605,16.811866450150802],[76.98034095480797,16.809175984036717],[76.94905975376307,16.829282312055863],[76.9286083588613,16.831881549580363],[76.91204860594024,16.816374774543384],[76.90278991450482,16.855942716079294],[76.92736133668379,16.879614680041296],[76.95265538148485,16.891030615502622],[76.93059001132532,16.954884658373384],[76.93896970261456,16.987759552821213],[76.9133042364784,17.015908141491728],[76.9261715930811,17.03912856779325],[76.90615824430853,17.043522061886666],[76.90530417513858,17.050153841241436],[76.93208406804219,17.059162549186183],[76.94556167219464,17.075161817372962],[76.96715874683119,17.141315634740014],[76.9623525018794,17.154264701808685],[76.99615216237615,17.163458102984787],[77.00666206462473,17.17398405352897],[77.00210145237529,17.19331411020187],[76.97446012696959,17.202351510437996],[76.97329055526718,17.219916400017187],[76.95123820513399,17.219269566114523],[76.94994296444398,17.20628825301124],[76.92266144697979,17.20837965181001],[76.92872400385167,17.25922827258523],[76.97151489488873,17.2580299647834],[76.98451702118044,17.277909316210877],[76.99838377310805,17.276754827358236],[77.00211497198889,17.29447993877047],[76.98863986437983,17.300749160652956],[76.9866995397654,17.311583410394483],[76.98807999057881,17.3177289972264],[77.00583857409828,17.31696014281748]]]}},{"type":"Feature","properties":{"taluk":"Kalagi","districtId":33,"talukCode":"0411"},"geometry":{"type":"Polygon","coordinates":[[[77.09859159800371,17.539928391143395],[77.09278767626212,17.51012429681751],[77.10813709109408,17.51144774267991],[77.12731019026859,17.529666506543002],[77.1466003893763,17.516951619969923],[77.14499319498456,17.50103070335587],[77.15624204363336,17.490514834884245],[77.14809282929754,17.481009268216898],[77.15511173276046,17.4749091205796],[77.14582370531575,17.455380371899086],[77.17233615673823,17.48186389602547],[77.1996111266618,17.488654182608652],[77.21104969149333,17.509711952560835],[77.23734865397327,17.511270167873057],[77.2322720460742,17.494473259535184],[77.27110158214688,17.491776329096435],[77.26227416515394,17.474452611995485],[77.27789640977434,17.46798479026947],[77.28512160842405,17.443272294679407],[77.27720173868715,17.410221623104725],[77.2848638690327,17.410239175274107],[77.29164555211665,17.39617555826351],[77.28486239282205,17.371904177425424],[77.26210212938598,17.353552285283868],[77.26107128312071,17.288648294291587],[77.26802672373572,17.26108499737521],[77.2592968789294,17.263122723176743],[77.25663368399464,17.248702098744083],[77.22722909990428,17.246328792259447],[77.20094136093148,17.25443814623586],[77.19850501712682,17.265872447069064],[77.1844981076266,17.263134167360196],[77.17471019826523,17.237185169082796],[77.13630298397266,17.233987962312078],[77.1337794866292,17.24296456040147],[77.10518764729693,17.245238593757147],[77.0975256152652,17.287332884307514],[77.0878678167151,17.291002623614744],[77.07727170338629,17.282149270855005],[77.06357819917024,17.287287807918673],[77.05252197600437,17.29762531972731],[77.0528753719513,17.312128083946018],[77.02626885983301,17.327639041404666],[77.04357351461651,17.352239444751238],[77.0312797989824,17.375497870444967],[76.9636373458416,17.379275975569836],[76.97023102039854,17.401476829944404],[77.00024187389316,17.404688066226825],[77.00695930623928,17.43345947708065],[76.99881195968382,17.450328819300953],[77.0442548683141,17.48148098041164],[77.04590631980496,17.50754903889133],[77.06358599584281,17.51364077620737],[77.08349426838582,17.544660644918412],[77.09859159800371,17.539928391143395]]]}},{"type":"Feature","properties":{"taluk":"Kamalapura","districtId":33,"talukCode":"0412"},"geometry":{"type":"Polygon","coordinates":[[[76.98673971785253,17.698468872000326],[77.01814553539822,17.67937298945166],[77.03332371775151,17.682312300691272],[77.04099465627874,17.66764376406174],[77.05803829247206,17.673411158704365],[77.08519939050147,17.658914762601533],[77.11767890406993,17.686030958132783],[77.13265624796598,17.682172237901597],[77.13193425307999,17.661126387507203],[77.14485170176278,17.655622085160754],[77.15129403034976,17.637229831270098],[77.13764159768134,17.623987818172946],[77.13433570573389,17.60293000222982],[77.14262429131813,17.6030553572281],[77.14164498979702,17.59439962562385],[77.16041412548338,17.584691806123143],[77.1595014621687,17.577268015596232],[77.17091809701603,17.576966196041308],[77.15738832583651,17.566842499863903],[77.1613238980241,17.548606683220807],[77.170283031732,17.54357500211329],[77.15793388420752,17.523024517817028],[77.14303448997116,17.515048192192108],[77.12731019026859,17.529666506543002],[77.10813709109408,17.51144774267991],[77.09278767626212,17.51012429681751],[77.09859159800371,17.539928391143395],[77.08349426838582,17.544660644918412],[77.06358599584281,17.51364077620737],[77.04590631980496,17.50754903889133],[77.0442548683141,17.48148098041164],[77.0195724558733,17.466579982313856],[77.01545156310539,17.455908520494372],[77.00034859023518,17.45329607230033],[76.99786821980601,17.444801376653754],[76.97948475028372,17.449458769467235],[76.96941548081585,17.469878299516594],[76.86303583713683,17.461897297618997],[76.85858031092313,17.482382261336316],[76.81580681376207,17.49028879295924],[76.81680729168635,17.503511461570493],[76.8299865486887,17.50396653702717],[76.83340271824262,17.51532979415425],[76.82145615636695,17.52519913137521],[76.80863371324814,17.524018277458868],[76.80651126778544,17.53278990159097],[76.80584492531948,17.543886371821298],[76.82299986252082,17.551488544175108],[76.82260881504439,17.562596105751282],[76.80089260209604,17.567691749573118],[76.80070110496976,17.577679872235716],[76.81589412970298,17.591101117015093],[76.77421964076322,17.62215457858783],[76.77697288027417,17.636332706786064],[76.7851534849579,17.636944202262793],[76.79200595717407,17.652753918461734],[76.89886684423841,17.644875162734113],[76.9076261439446,17.634873430004504],[76.92934247045619,17.637249373683463],[76.91948398902447,17.62183559412941],[76.92191990010096,17.609908414878756],[76.94125076417764,17.606654020565585],[76.95195162343299,17.624228427215012],[76.95732125627535,17.620560746631444],[76.96056967038507,17.638627769254413],[76.98374771648176,17.652970077834542],[76.97615559783416,17.680612820890214],[76.98673971785253,17.698468872000326]]]}},{"type":"Feature","properties":{"taluk":"Yadrami","districtId":33,"talukCode":"0413"},"geometry":{"type":"Polygon","coordinates":[[[76.47045419006531,17.001121060895493],[76.49546097325182,16.980214542589255],[76.49484468533686,16.962530257707087],[76.52026481727871,16.95752751815839],[76.52593750886288,16.967900323623727],[76.5879935732278,16.952235657219447],[76.62589716467943,16.961742559911386],[76.65630920574861,16.9595093060256],[76.66868826873637,16.954762697095052],[76.67305577279356,16.94144998461259],[76.69568348154525,16.94539947049279],[76.71906775050164,16.93888942168429],[76.72766438165948,16.920011195081607],[76.71421179813302,16.872949055612697],[76.73287318792822,16.872035713045843],[76.7324260602194,16.855433345062078],[76.71755851492483,16.849897315114596],[76.71443260246318,16.83653185524242],[76.73532793866084,16.83131005228179],[76.73263848720758,16.81980892668636],[76.74490912382485,16.816249222791974],[76.7453651896909,16.77812248238377],[76.7092361034324,16.792618786062736],[76.67948334241804,16.784792538386988],[76.67583539027649,16.76553306736294],[76.66095033571071,16.767191338410598],[76.65316894564457,16.755800054853097],[76.65927764178255,16.72555891155046],[76.63528941130821,16.734940286134407],[76.63518474008144,16.74507529122905],[76.6227082164306,16.74222868003617],[76.62377885379225,16.765192763253875],[76.59981893769044,16.767106368439563],[76.58130009170414,16.76566621588232],[76.57029530313187,16.752512629501076],[76.5473702741468,16.747355822992034],[76.5156093566434,16.750597762184473],[76.50244112921031,16.738471152841555],[76.50311110010033,16.723099202813497],[76.48086483178295,16.71188814850377],[76.46104085038029,16.71100122679656],[76.4594502641596,16.723309138060834],[76.45058379980343,16.724536641183764],[76.44255650053582,16.713800131657063],[76.42267125992696,16.71763937137951],[76.4228177153769,16.730740123861793],[76.44018593429513,16.742521692373877],[76.44057792777699,16.759888268170524],[76.4184357439597,16.768853353428476],[76.37061266815094,16.767520550055004],[76.37779784903933,16.801117994470772],[76.3962240304484,16.805707471060796],[76.41029935705531,16.79867915720819],[76.4138662507209,16.81347544886136],[76.35120060977734,16.819338673264028],[76.35875202431014,16.842506994736027],[76.37424224472564,16.85844408835538],[76.4291314644369,16.850857610103795],[76.42958094516918,16.837148840266973],[76.45968090715556,16.83293472433426],[76.47089585953404,16.839099536570544],[76.45881435290595,16.867252472517713],[76.43800623678874,16.86832098935309],[76.43380508761847,16.89775818325236],[76.46580524645442,16.90229084336377],[76.44757812066928,16.940230400324165],[76.46316999719777,16.96281816372597],[76.45369131693685,16.9899096666077],[76.47045419006531,17.001121060895493]]]}},{"type":"Feature","properties":{"taluk":"Shahbadha","districtId":33,"talukCode":"0417"},"geometry":{"type":"Polygon","coordinates":[[[76.86604292557534,17.246828479274438],[76.8736711949142,17.241404554450046],[76.90372284459691,17.235172007535198],[76.9058598466833,17.218266692965347],[76.91441934009012,17.218407715783115],[76.91666248167232,17.20804878461281],[76.94994296444398,17.20628825301124],[76.95123820513399,17.219269566114523],[76.97329055526718,17.219916400017187],[76.97446012696959,17.202351510437996],[77.00210145237529,17.19331411020187],[77.00666206462473,17.17398405352897],[76.99615216237615,17.163458102984787],[76.9623525018794,17.154264701808685],[76.96715874683119,17.141315634740014],[76.94556167219464,17.075161817372962],[76.93208406804219,17.059162549186183],[76.91109696310473,17.055290826935458],[76.90615824430853,17.043522061886666],[76.89689491477587,17.041757639762267],[76.87097818974932,17.04803007839475],[76.85435284566921,17.06508800503991],[76.87473307613116,17.09778390557893],[76.8706786760486,17.13177519191072],[76.88126420968813,17.176272452135603],[76.83707068426706,17.182211863251077],[76.83017966614588,17.1955786864959],[76.85610524191631,17.222074615721407],[76.86604292557534,17.246828479274438]]]}},{"type":"Feature","properties":{"taluk":"Basavakalyan","districtId":21,"talukCode":"0501"},"geometry":{"type":"Polygon","coordinates":[[[76.91837232820717,17.956179133991252],[76.94577646928376,17.953544063900196],[76.947080519467,17.937059527591423],[76.95620327427727,17.93233143333415],[76.99550539491814,17.92363382453914],[77.00612325797587,17.931191023675325],[77.0138311915038,17.92722660706803],[77.02330024470614,17.91379782945922],[77.04309518489981,17.90611947816818],[77.04820777305282,17.8766460506964],[77.06939851188872,17.875042539624523],[77.06993412003759,17.82280700365694],[77.08058418710594,17.812094155181708],[77.08019070795908,17.79404460495652],[77.06082251862212,17.772352556916086],[77.07388354689542,17.746514950821854],[77.05508443079907,17.730624929306575],[77.05107100590942,17.706932357228006],[77.0611553917047,17.70442243290308],[77.05987473309135,17.672796556835177],[77.04099465627874,17.66764376406174],[77.03332371775151,17.682312300691272],[77.01814553539822,17.67937298945166],[77.00060272428726,17.69548172759483],[76.9808453976869,17.6981376506165],[76.97615559783416,17.680612820890214],[76.98374771648176,17.652970077834542],[76.96056967038507,17.638627769254413],[76.95732125627535,17.620560746631444],[76.95195162343299,17.624228427215012],[76.94125076417764,17.606654020565585],[76.92191990010096,17.609908414878756],[76.91948398902447,17.62183559412941],[76.92934247045619,17.637249373683463],[76.9076261439446,17.634873430004504],[76.89886684423841,17.644875162734113],[76.79200595717407,17.652753918461734],[76.7851534849579,17.636944202262793],[76.77689669680065,17.636343043189783],[76.77190374833945,17.666140401579533],[76.73272369818287,17.665266795297505],[76.71453512526823,17.638957902264718],[76.69894165818694,17.64199904421919],[76.71224297265674,17.65770016294755],[76.69488429032923,17.662890482858696],[76.68988381324252,17.684115092577173],[76.69350985787756,17.695966350374526],[76.71256335673147,17.696728795080702],[76.70050550737771,17.70615805595494],[76.70542721473439,17.72314949708024],[76.69926469911191,17.72835210063573],[76.72829422457366,17.737561719526113],[76.7183904058939,17.751887461089098],[76.72156494366891,17.769750389975357],[76.71267673418802,17.774146232858214],[76.71427071413882,17.781319591933983],[76.72143449616577,17.788207644738186],[76.74069968011766,17.779772156858165],[76.76191492100588,17.787396335815824],[76.76631442461209,17.79885097951303],[76.7792584108255,17.798214990827525],[76.79069559929314,17.825098309139115],[76.76834739596546,17.851698585697513],[76.7384462822363,17.856036877754843],[76.73996331765154,17.899541799112185],[76.76825251820468,17.90241247759671],[76.7738041084084,17.878466370780547],[76.80522359440505,17.870891797511206],[76.81006216612364,17.887408301396814],[76.8326407236789,17.882590056212276],[76.83958740256084,17.89979373519705],[76.88417470570599,17.89425914995224],[76.90040638779669,17.917547916953986],[76.91886574242167,17.9164192925186],[76.91837232820717,17.956179133991252]]]}},{"type":"Feature","properties":{"taluk":"Aurad","districtId":21,"talukCode":"0503"},"geometry":{"type":"Polygon","coordinates":[[[77.36628164555388,18.450352954402494],[77.36356610025553,18.43108334204443],[77.37251499322282,18.400942075744826],[77.4007959519886,18.402280486869785],[77.4143249852199,18.392468056335282],[77.41011096191319,18.377516536707933],[77.39490684913302,18.369323671169095],[77.40043060162805,18.34737089636971],[77.35647343594714,18.32072252447595],[77.36577042039058,18.30890309914565],[77.41208356654462,18.302060766984],[77.43768148808013,18.310296886299458],[77.43676108162241,18.292225138899425],[77.44739826270681,18.269815593306998],[77.4642797383447,18.262840537039573],[77.48024647292276,18.272336487182915],[77.49369948048164,18.269223960515014],[77.50779414313841,18.28456082341854],[77.5129133528479,18.31017777898309],[77.56065500723018,18.284590266858135],[77.5723593078635,18.29495311766788],[77.60331316720985,18.280140452700437],[77.57252965172606,18.2432538164604],[77.58638361360553,18.217834751840158],[77.57699155296197,18.201546621367473],[77.56570958074352,18.203898779498314],[77.56304397433816,18.195466410361448],[77.58401543750057,18.160986809400463],[77.5974317029483,18.15683634198456],[77.59389731202236,18.136147144585145],[77.60225822142333,18.10520919743516],[77.59591550481547,18.085601824969434],[77.54840218169677,18.064130542548483],[77.54639228002554,18.03612776362621],[77.49859526803385,18.06032588943171],[77.50071047794394,18.04360312394442],[77.482429858217,18.022283163360225],[77.45151780912595,18.041910650702658],[77.43417671786072,18.085735761550538],[77.422986996835,18.079213410849377],[77.42064347513136,18.063494372070146],[77.39335752135015,18.051824102091413],[77.38514552996162,18.074117331479446],[77.40082178909005,18.104048132153565],[77.3698116439192,18.105696535305142],[77.3674516660321,18.099281825477796],[77.343346010418,18.121302696733284],[77.34879228013276,18.119996663893133],[77.34924318948372,18.13986616496306],[77.34222159732646,18.14693200134469],[77.35898294242757,18.1530563795042],[77.36941447455615,18.213769512990762],[77.34923239233993,18.203082167173527],[77.33465215353542,18.207428193263983],[77.33895077148094,18.25240869541601],[77.34893804993047,18.262375456053206],[77.32612041677656,18.250987889549126],[77.30630389145594,18.263661676829543],[77.3193792164598,18.31354159084263],[77.303817470921,18.339802132639527],[77.30340214934625,18.39099557985013],[77.31616278647999,18.422063962346364],[77.32628977658192,18.41685095098093],[77.33616131134866,18.42180299530055],[77.34361412454936,18.442953805923718],[77.36628164555388,18.450352954402494]]]}},{"type":"Feature","properties":{"taluk":"Chittaguppa","districtId":21,"talukCode":"0506"},"geometry":{"type":"Polygon","coordinates":[[[77.24524212956689,17.789800026217204],[77.24974619724877,17.773024810852743],[77.29480715918308,17.779345985714954],[77.28847642865644,17.76265615875963],[77.31662179942714,17.762054429498928],[77.3310778306501,17.723110173632275],[77.34681798256754,17.735803570674435],[77.3744419796667,17.736677855470923],[77.386372535346,17.746923379964954],[77.37432628957593,17.718869396204454],[77.38868023208363,17.71268488310434],[77.39219904675069,17.696277125455854],[77.4542544927315,17.683834600147165],[77.44848922088586,17.653331600327938],[77.45627966811409,17.632129612760565],[77.44476679641664,17.609111669131494],[77.44451963673589,17.583502560391388],[77.37860625266657,17.58349233942604],[77.37708647572569,17.594250098941366],[77.3577346367938,17.601048390242084],[77.34321509907443,17.58797417555953],[77.31319848672096,17.594155792094195],[77.3003022659632,17.59795167535746],[77.29595609182687,17.614117948147005],[77.27945759437256,17.617731226291802],[77.27489093139259,17.62718211987231],[77.25843194348167,17.62309990848578],[77.19855842312715,17.631885395572446],[77.19392729678542,17.615179166852805],[77.15089419914777,17.631289967014652],[77.14485170176278,17.655622085160754],[77.13193425307999,17.661126387507203],[77.13269396804463,17.681412786081943],[77.15582501554049,17.708846066074546],[77.17772117947663,17.711079349142565],[77.18764491534351,17.727264673614513],[77.2231435947217,17.73880892808957],[77.22035689148753,17.77595424258531],[77.23152914872041,17.787916432975],[77.24524212956689,17.789800026217204]]]}},{"type":"Feature","properties":{"taluk":"Hulasuru","districtId":21,"talukCode":"0508"},"geometry":{"type":"Polygon","coordinates":[[[76.99188852630921,18.064405388575555],[77.0524568664407,18.04263967801287],[77.0437252428095,18.025132104041255],[77.064347372011,18.01964424420673],[77.0588086423769,17.97499156468101],[77.08677219891304,17.972478952081076],[77.09471180825273,17.952164469779852],[77.07949514093043,17.919056745909025],[77.05370877192988,17.917126254140424],[77.04286362705288,17.905916265053065],[77.00612325797587,17.931191023675325],[76.99550539491814,17.92363382453914],[76.95620327427727,17.93233143333415],[76.947080519467,17.937059527591423],[76.94577646928376,17.953544063900196],[76.91491179203055,17.957258229600807],[76.91336699116788,17.993202719283595],[76.90651468355806,17.996713914429144],[76.91447165411809,18.03556410931497],[76.95299608996535,18.041715855597026],[76.98113212997147,18.025988144557065],[76.99188852630921,18.064405388575555]]]}},{"type":"Feature","properties":{"taluk":"Lingasugur","districtId":41,"talukCode":"0601"},"geometry":{"type":"Polygon","coordinates":[[[76.59018224594459,16.33976331653163],[76.68675023774846,16.35827893139706],[76.69238141723666,16.342034651521136],[76.72359372248293,16.338897099263775],[76.73483255592264,16.322171821388036],[76.7313216645739,16.3019614668247],[76.76264528347774,16.28052408599757],[76.76295989588377,16.258150915444812],[76.72902432517192,16.246120410889453],[76.72101807905932,16.2167155144889],[76.74807298289782,16.20986582582797],[76.7620711174508,16.223938852985516],[76.78620671962636,16.221745730705898],[76.77046841542872,16.194313180931825],[76.76537582817028,16.14059060913101],[76.72021037808426,16.15603097239758],[76.6969754118394,16.155313359329217],[76.68840351945377,16.14741008764236],[76.69114366119508,16.126196391006687],[76.6801099224579,16.116098233423443],[76.6677973789081,16.119680201515923],[76.65823757137117,16.112737340831615],[76.65473136184005,16.087287381413443],[76.64407004826123,16.078925436469554],[76.61272281658539,16.090825404494385],[76.61179442989663,16.11469676705812],[76.58466339245923,16.12215985601931],[76.57212970607823,16.097584022408775],[76.55410011620816,16.098549320547566],[76.545453663581,16.079086547563705],[76.47327074968184,16.082803633208474],[76.46570354959762,16.07725852622916],[76.44832229724491,16.040475651183296],[76.46576637583362,16.02323960018946],[76.48999307535352,16.02290471057892],[76.48929204963706,16.011220632613526],[76.47337218159268,16.00183319048464],[76.47099379269436,15.984549518524194],[76.4571789409779,15.980580417343056],[76.45673135612203,15.956952483119032],[76.44850731455647,15.957125204218935],[76.44311003420819,15.937244677144427],[76.46818229598087,15.90546162044631],[76.46143700880822,15.884601491254857],[76.49457560152732,15.878045145185066],[76.49291793564144,15.868404254689473],[76.50194291639482,15.865934918145255],[76.49806993811058,15.855566819590825],[76.45681103107148,15.862168021127575],[76.44958008437435,15.85330634088127],[76.41683705463103,15.864809891460686],[76.4263954073493,15.890636019714258],[76.40335134378576,15.90206329471298],[76.37513738263728,15.902224995865202],[76.37359401225223,15.91762355447194],[76.35369997486937,15.903166885236635],[76.35880493832539,15.881319164080077],[76.35124456114642,15.863377484658374],[76.33774474430061,15.871550717875744],[76.34506658749766,15.90077058224711],[76.33016370307784,15.905186988033133],[76.28975648910327,15.892617006269317],[76.28566638330824,15.930316374865749],[76.31273157327419,15.922202829920005],[76.31285865876696,15.928944864339947],[76.32890349334191,15.934614911000507],[76.32246594836845,15.955985506356717],[76.30932168189554,15.956987157892598],[76.2964765062292,15.992264515731607],[76.29789724418096,15.998894851158973],[76.31173909166782,16.000388930458072],[76.30388121272738,16.07350260237088],[76.26035665308297,16.07395447720449],[76.2588348978444,16.09117191045939],[76.3275355081206,16.07747238390671],[76.33250507516972,16.091297045502785],[76.26782101459406,16.10970759468149],[76.25578516951461,16.097359570118105],[76.25415717922944,16.109487077561187],[76.24461502056944,16.11319370730734],[76.2465907367177,16.128100587762198],[76.23427577030046,16.13050835982673],[76.23846537440382,16.16519298751043],[76.27884803087309,16.1525303608252],[76.29712272432454,16.185372585854942],[76.34789481910575,16.198228327012814],[76.47685936061924,16.290812910665394],[76.53622881732228,16.308762228887364],[76.59018224594459,16.33976331653163]]]}},{"type":"Feature","properties":{"taluk":"Manvi","districtId":41,"talukCode":"0604"},"geometry":{"type":"Polygon","coordinates":[[[77.13480243502995,16.098101728827103],[77.1594249602629,16.089460857029692],[77.16804458244408,16.097538424358483],[77.24894920482767,16.08791582799283],[77.24567259674316,16.061193755671198],[77.27057554076862,16.0495206710863],[77.27521925878213,15.987100536084295],[77.26174002885375,15.957426763349366],[77.1555042597465,15.953380383547994],[77.14032418937082,15.936280762734345],[77.10679532685499,15.926892615181295],[77.0739036412919,15.904960185904685],[77.03202566466344,15.850995557591085],[76.99730315241872,15.875826202584548],[76.96954078349854,15.871390409113697],[76.93834610141047,15.880570746034685],[76.88530835129794,15.922398799995921],[76.85457521897182,15.928201693010987],[76.8367683332421,15.942497680870536],[76.81321061319292,15.940699005484579],[76.80676483889296,15.932557262282993],[76.77407242541312,15.955268603883408],[76.79244474888384,15.979080941901874],[76.86582686839046,15.979320196809626],[76.86257070209057,16.005223575094828],[76.87197809241377,16.014305958140127],[76.87110815252274,16.030236630633993],[76.91480018810948,16.041451716622216],[76.9137159753065,16.060960816167615],[76.92844252207571,16.054360445937775],[76.92914347757122,16.06369072553354],[76.97833295051436,16.06362397639609],[76.99458839256286,16.04913739570839],[77.07059311951683,16.045386234484184],[77.07476685167305,16.06285463086182],[77.09409231833394,16.076682036071592],[77.12543687296501,16.07833302780372],[77.11951277550865,16.092156758086755],[77.13480243502995,16.098101728827103]]]}},{"type":"Feature","properties":{"taluk":"Sindhanur","districtId":41,"talukCode":"0605"},"geometry":{"type":"Polygon","coordinates":[[[76.83294311268847,15.942627403022838],[76.85457521897182,15.928201693010987],[76.88530835129794,15.922398799995921],[76.93834610141047,15.880570746034685],[76.96954078349854,15.871390409113697],[76.99817390919192,15.875446631927069],[77.03376459582599,15.846641139743797],[76.9631485271951,15.773990944288288],[76.94038973638818,15.761754032963312],[76.90858030218084,15.693238639945697],[76.88767946729472,15.684997870015703],[76.8590898483158,15.64477005079128],[76.83198880019806,15.624030115289097],[76.83403453815384,15.566421940286657],[76.8126648558346,15.546756246987915],[76.7597336995488,15.565917257385655],[76.74876361400497,15.590021944846015],[76.68883296472188,15.595623360722604],[76.67995102103077,15.62243405354855],[76.69352943490321,15.624629868898575],[76.69174527523728,15.648334325905923],[76.6701709213589,15.639033117110072],[76.67194653482571,15.658021146500113],[76.59949859172467,15.673468242439066],[76.59800135764004,15.695812315529135],[76.56226149535263,15.705619208556078],[76.5318162812076,15.699434069007339],[76.50942586132079,15.71695952299721],[76.4917065248196,15.708119694039732],[76.48237136937598,15.719302818864517],[76.44624913394549,15.73420363590007],[76.43950522290285,15.784327997541112],[76.42213951057224,15.785858660830433],[76.41279276096488,15.796540362623388],[76.41288532275033,15.80418882816351],[76.43836191633427,15.824758155914088],[76.45225515265574,15.814903874291598],[76.45884423202415,15.790762001142047],[76.4817784716188,15.780957904575498],[76.50687086514671,15.781535102886258],[76.53557963857568,15.799453369084805],[76.60064543148026,15.789214003423549],[76.60845516046541,15.82360645005442],[76.61931946078712,15.824462897658904],[76.62262935068625,15.838604527963705],[76.68587791348533,15.828728232347729],[76.68847416596634,15.877653317449829],[76.69702144396875,15.882015284058928],[76.72589779060091,15.886803384980666],[76.74103899186416,15.881484109963408],[76.74253139635488,15.899090027412933],[76.75699790530392,15.897286328539414],[76.75573620272739,15.880089224833567],[76.76873899132471,15.87928060072282],[76.76603355869536,15.857640695365582],[76.77189960041461,15.85668837074256],[76.77822758563647,15.88236085836306],[76.79045453478707,15.88095824360088],[76.79109821866126,15.894588689856802],[76.80849222020247,15.893646679902835],[76.8131840853111,15.940680285231647],[76.83294311268847,15.942627403022838]]]}},{"type":"Feature","properties":{"taluk":"Maski","districtId":41,"talukCode":"0606"},"geometry":{"type":"Polygon","coordinates":[[[76.6969754118394,16.155313359329217],[76.76537582817028,16.14059060913101],[76.77783965299503,16.128337105157527],[76.77099246798011,16.08481594832268],[76.79513953964377,16.086756266020444],[76.8022174042839,16.049815261363488],[76.8525622140073,16.044807223228858],[76.85178602770122,16.03402814794152],[76.87110815252274,16.030236630633993],[76.87197809241377,16.014305958140127],[76.86257070209057,16.005223575094828],[76.86582686839046,15.979320196809626],[76.79244474888384,15.979080941901874],[76.78707982578922,15.966080551110416],[76.77503754763869,15.962664426405947],[76.77407242541312,15.955268603883408],[76.81226280784391,15.93341355457659],[76.80849222020247,15.893646679902835],[76.79109821866126,15.894588689856802],[76.79045453478707,15.88095824360088],[76.77822758563647,15.88236085836306],[76.77189960041461,15.85668837074256],[76.76603355869536,15.857640695365582],[76.76873899132471,15.87928060072282],[76.75573620272739,15.880089224833567],[76.75699790530392,15.897286328539414],[76.74253139635488,15.899090027412933],[76.74103899186416,15.881484109963408],[76.72589779060091,15.886803384980666],[76.69702144396875,15.882015284058928],[76.68847416596634,15.877653317449829],[76.68587791348533,15.828728232347729],[76.62262935068625,15.838604527963705],[76.61931946078712,15.824462897658904],[76.60845516046541,15.82360645005442],[76.60064543148026,15.789214003423549],[76.53557963857568,15.799453369084805],[76.50687086514671,15.781535102886258],[76.4817784716188,15.780957904575498],[76.45884423202415,15.790762001142047],[76.4422638306611,15.824368684320069],[76.45426708716056,15.86044205852831],[76.4942519645524,15.85387157105426],[76.50194291639482,15.865934918145255],[76.49291793564144,15.868404254689473],[76.49457560152732,15.878045145185066],[76.46143700880822,15.884601491254857],[76.46818229598087,15.90546162044631],[76.44311003420819,15.937244677144427],[76.44850731455647,15.957125204218935],[76.45673135612203,15.956952483119032],[76.4571789409779,15.980580417343056],[76.47256215412236,15.986084089310262],[76.47337218159268,16.00183319048464],[76.48969955817671,16.013879942125115],[76.48999307535352,16.02290471057892],[76.46576637583362,16.02323960018946],[76.44832229724491,16.040475651183296],[76.4611420709303,16.072020565648646],[76.47327074968184,16.082803633208474],[76.545453663581,16.079086547563705],[76.55410011620816,16.098549320547566],[76.57212970607823,16.097584022408775],[76.58466339245923,16.12215985601931],[76.61179442989663,16.11469676705812],[76.61272281658539,16.090825404494385],[76.64407004826123,16.078925436469554],[76.65473136184005,16.087287381413443],[76.65823757137117,16.112737340831615],[76.6677973789081,16.119680201515923],[76.6801099224579,16.116098233423443],[76.69114366119508,16.126196391006687],[76.68840351945377,16.14741008764236],[76.6969754118394,16.155313359329217]]]}},{"type":"Feature","properties":{"taluk":"Sirivara","districtId":41,"talukCode":"0607"},"geometry":{"type":"Polygon","coordinates":[[[76.78966095581777,16.2262064532727],[76.80618619104925,16.215910725307957],[76.81254376992622,16.222160059020634],[76.83979539063242,16.21689675621561],[76.85109963277608,16.19959362230859],[76.8718288612092,16.18749213063055],[76.89614127697229,16.202868636912406],[76.90781507368858,16.193223351952245],[76.9329615250643,16.191204984427436],[76.93796819306124,16.197718624164505],[76.95678150487686,16.19222813760645],[76.95741825821389,16.20396433143487],[76.97941336711193,16.191290105486086],[76.98517026938504,16.198622908879564],[76.99665986577432,16.1924911396468],[77.05725859088008,16.19789090124277],[77.07783122340759,16.17908062906282],[77.0885756990228,16.219770712786758],[77.1073895825606,16.21911782624545],[77.10721242336086,16.213010200340335],[77.11834419750959,16.211278819831925],[77.12161386599892,16.194247305238697],[77.15695164911642,16.192197131974368],[77.15776560352545,16.182875996196998],[77.17160458442896,16.180542837732766],[77.22498169900331,16.181251742131703],[77.2474441019892,16.1681014042676],[77.25692320659995,16.13112641989824],[77.24802039377045,16.132381816779702],[77.23986409356111,16.091359795770682],[77.16804458244408,16.097538424358483],[77.1594249602629,16.089460857029692],[77.13232942493588,16.0982340207784],[77.11951277550865,16.092156758086755],[77.12543687296501,16.07833302780372],[77.08883933247259,16.074405244103573],[77.07476685167305,16.06285463086182],[77.07059311951683,16.045386234484184],[76.99458839256286,16.04913739570839],[76.97833295051436,16.06362397639609],[76.92914347757122,16.06369072553354],[76.92844252207571,16.054360445937775],[76.9137159753065,16.060960816167615],[76.91480018810948,16.041451716622216],[76.8690403182855,16.030453629622194],[76.85178602770122,16.03402814794152],[76.8525622140073,16.044807223228858],[76.8022174042839,16.049815261363488],[76.79513953964377,16.086756266020444],[76.77099246798011,16.08481594832268],[76.77833699193455,16.127114850532212],[76.76529332213546,16.140383549946385],[76.76982836593342,16.19131851343899],[76.7792582414138,16.219245483027375],[76.78966095581777,16.2262064532727]]]}},{"type":"Feature","properties":{"taluk":"Kushtagi","districtId":36,"talukCode":"0702"},"geometry":{"type":"Polygon","coordinates":[[[76.06053666466396,16.011467490588586],[76.08009849265085,16.009999461189736],[76.08481147361225,15.99716503475966],[76.05847561874313,15.905998212721434],[76.10160189511973,15.900456808108148],[76.11719554143728,15.886014906440973],[76.12533177966583,15.894112058132153],[76.14532545567158,15.895052398327747],[76.15993692845277,15.921078850830138],[76.17190019804939,15.92477390419601],[76.17199752568,15.931656731324642],[76.19491112454861,15.932396886391116],[76.20046063840928,15.943989497430989],[76.22653104803418,15.94089470968469],[76.23009289065236,15.923312037479933],[76.25686557792443,15.922925747757525],[76.26183519817555,15.906711763074602],[76.27697344019649,15.909705863097946],[76.28975648910327,15.892617006269317],[76.33016370307784,15.905186988033133],[76.34506658749766,15.90077058224711],[76.33774474430061,15.871550717875744],[76.35070399349009,15.863437506482633],[76.35880493832539,15.881319164080077],[76.35369997486937,15.903166885236635],[76.37287850715276,15.917493993035206],[76.37513738263728,15.902224995865202],[76.40335134378576,15.90206329471298],[76.4263954073493,15.890636019714258],[76.41683705463103,15.864809891460686],[76.45166224852974,15.855167224150474],[76.451085506391,15.84388274708995],[76.4423155013446,15.823494635439271],[76.42180266710058,15.812535993350235],[76.41279276096488,15.796540362623388],[76.42213951057224,15.785858660830433],[76.43950522290285,15.784327997541112],[76.44624913394549,15.73420363590007],[76.48439996613394,15.71535177223292],[76.47334100549841,15.708624133171416],[76.46732040327007,15.6836635673875],[76.45833916564128,15.68640586964332],[76.4533152099612,15.66896720459101],[76.41914105101954,15.666947513020538],[76.40093938285578,15.673092087816197],[76.39314625699069,15.691499605386786],[76.37784515549427,15.689177628609748],[76.37979539179224,15.671504276432653],[76.37527020989326,15.667433785069624],[76.36127477870434,15.676442491011132],[76.35665701224939,15.639923936653387],[76.3430955855132,15.627446500824126],[76.32534820476738,15.664405202135432],[76.31111966091667,15.675615117247004],[76.31998253919834,15.69929389894729],[76.31300841648786,15.725325041753122],[76.3008262581855,15.719791916905669],[76.28251172149547,15.7409556575401],[76.26458968093,15.73448850622274],[76.27874120335319,15.723263434943588],[76.26990612400937,15.70518316166604],[76.23586355590271,15.70085406624852],[76.19200269988971,15.702203710170078],[76.16530811175261,15.713600351531628],[76.1127114903666,15.713080736987193],[76.10888216200915,15.728225214934373],[76.07553312928025,15.716235148823806],[76.07296924437529,15.742807997882638],[76.05020591808538,15.74435128506058],[76.03703993791072,15.737034791136063],[76.03911952325281,15.771076706702448],[76.00992891319567,15.784106335861857],[75.9934229978046,15.781094524881906],[75.98845054867687,15.801552628218325],[75.96387537850815,15.795131422016345],[75.96137069082768,15.784845210644963],[75.92769746558007,15.791610463472454],[75.87393937570582,15.828169986773222],[75.84514868243214,15.83810616867342],[75.84817327006253,15.87143113902001],[75.82781698529682,15.866226503387464],[75.8354285651452,15.88276375636098],[75.82760408260664,15.900269968129617],[75.81162523166404,15.900130305121445],[75.81106970350373,15.894156208130763],[75.77588814615838,15.902508425731709],[75.7771336689974,15.91912389785861],[75.78915448889589,15.924189466111034],[75.83641418290107,15.924688422217125],[75.85485290177573,15.935645248666114],[75.87907070997635,15.93127769789654],[75.88795730671468,15.919155406342673],[75.90195477367962,15.922751727954646],[75.92245229421721,15.903327042407573],[75.92842595711882,15.875189976833628],[75.9654882557859,15.858966691796395],[75.97465547576753,15.861831456442617],[75.97378863539019,15.986625078708983],[75.98948632783367,16.004811565955695],[76.05161880959535,16.00337787665676],[76.06053666466396,16.011467490588586]]]}},{"type":"Feature","properties":{"taluk":"Gangavathi","districtId":36,"talukCode":"0703"},"geometry":{"type":"Polygon","coordinates":[[[76.50336497182138,15.552593251370316],[76.5152569260499,15.543454446167111],[76.5776242051129,15.538238301886121],[76.5789775397729,15.521388655311753],[76.61033781044748,15.519700400595568],[76.61999577124901,15.512225565798442],[76.62119834509899,15.449996541840816],[76.59103617655367,15.4121912751477],[76.55742694513124,15.398760746813272],[76.49323362585687,15.345200757013544],[76.47709362164504,15.348448225268381],[76.46743523463988,15.336960683443829],[76.42222157537968,15.334232937074464],[76.41018592039168,15.371633905565995],[76.42097040408103,15.384374188945134],[76.40122202644237,15.388166960810459],[76.39773664244942,15.410443035362658],[76.38037604491082,15.416342312989322],[76.37279253616911,15.439774108129544],[76.36109067205301,15.444244218996772],[76.35705796948106,15.46436679256374],[76.3163551506561,15.48134863700798],[76.34755174536011,15.489803710433964],[76.3573327881615,15.50099130620957],[76.39702663901593,15.48700525510342],[76.40404436764199,15.514307855309125],[76.46434451301837,15.515875213065067],[76.48036633372033,15.552470895958175],[76.50336497182138,15.552593251370316]]]}},{"type":"Feature","properties":{"taluk":"koppal","districtId":36,"talukCode":"0704"},"geometry":{"type":"Polygon","coordinates":[[[76.27993757512617,15.616435262214862],[76.28249814544442,15.607523750918352],[76.31131491994303,15.594763811122702],[76.30009704788449,15.560981063275138],[76.31364965151943,15.558870680275628],[76.30861529488028,15.479435400183512],[76.35705796948106,15.46436679256374],[76.36109067205301,15.444244218996772],[76.37279253616911,15.439774108129544],[76.38037604491082,15.416342312989322],[76.39773664244942,15.410443035362658],[76.40122202644237,15.388166960810459],[76.42097040408103,15.384374188945134],[76.41018592039168,15.371633905565995],[76.42222570079662,15.334210958864366],[76.36077586407133,15.323849841673104],[76.34376516067896,15.27311415414285],[76.26946833499242,15.207158790817818],[76.2578226128236,15.206098171959468],[76.2485194673644,15.190886380033826],[76.23097656815787,15.188612929927386],[76.21888676133153,15.197502439263987],[76.23046555648843,15.231236523953353],[76.18824853424006,15.235570088549084],[76.15831399406164,15.212890675314641],[76.15714266516234,15.197252453146053],[76.11398488306935,15.199788436438373],[76.0949287403906,15.163017657782378],[76.05827363106216,15.157668453872702],[76.03135789461487,15.142939620583773],[75.97708039101882,15.151097839881615],[75.95141766194888,15.135526496478635],[75.94787936502237,15.17291431259534],[75.92470167713974,15.182574831394074],[75.91202906504303,15.240789537935596],[75.90000978690257,15.245573541489064],[75.89853202480624,15.275695716341026],[75.88760173572919,15.297448670435738],[75.89297475744466,15.319013472219467],[75.8881111983607,15.35301987044355],[75.90296766531041,15.353790749552783],[75.90296354588187,15.35925648561719],[75.96169988626092,15.356055421836595],[75.96269189525091,15.344912443821313],[75.97404874331309,15.344412809201216],[75.97256353017832,15.328933649014456],[75.98543479354855,15.328732729719981],[75.99996308005998,15.304503200519893],[76.01801414835982,15.308162872994112],[76.05533252009282,15.342841391086356],[76.0602333229944,15.399366411433508],[76.10046321800189,15.40458312251665],[76.09175906237607,15.432237307942481],[76.10414717316793,15.440581373949778],[76.09984948565048,15.445287387195291],[76.12665399636566,15.449792322572824],[76.12647625140195,15.45956009222824],[76.16317043294998,15.458008591013314],[76.18675422942665,15.489036144933474],[76.21728620873266,15.475580859081436],[76.21841512668813,15.487359871350685],[76.20917722868367,15.495385857950993],[76.2109923094716,15.503056395715253],[76.22420925774026,15.506643782978381],[76.22729186819504,15.541712834188974],[76.24339647055936,15.538362663226227],[76.23858276696679,15.56212730460688],[76.25407453876558,15.580086602199641],[76.26120623582982,15.60936750151331],[76.27993757512617,15.616435262214862]]]}},{"type":"Feature","properties":{"taluk":"Karatagi","districtId":36,"talukCode":"0705"},"geometry":{"type":"Polygon","coordinates":[[[76.58573833121957,15.697518287450636],[76.59800135764004,15.695812315529135],[76.59949859172467,15.673468242439066],[76.67194653482571,15.658021146500113],[76.6701709213589,15.639033117110072],[76.69235594682863,15.647985536228845],[76.69352943490321,15.624629868898575],[76.67995102103077,15.62243405354855],[76.68883296472188,15.595623360722604],[76.74876361400497,15.590021944846015],[76.7597336995488,15.565917257385655],[76.81253772598272,15.546805210458203],[76.81048371679732,15.514474358083849],[76.78125884086413,15.493007426555996],[76.70790364660795,15.48787445140778],[76.66287740060086,15.447292506741713],[76.6186838209145,15.443802071781816],[76.61999577124901,15.512225565798442],[76.61033781044748,15.519700400595568],[76.5789775397729,15.521388655311753],[76.5776242051129,15.538238301886121],[76.55178127857411,15.53942877059067],[76.55054059023684,15.566553948708634],[76.56617738038499,15.565254278129906],[76.57070893584647,15.601742035905385],[76.55037577383874,15.604388728724265],[76.55101164033259,15.611947913140824],[76.56548224041619,15.628144100075072],[76.56395060018606,15.647907042245349],[76.58573833121957,15.697518287450636]]]}},{"type":"Feature","properties":{"taluk":"Kanakagiri","districtId":36,"talukCode":"0707"},"geometry":{"type":"Polygon","coordinates":[[[76.51511164992125,15.714547722019088],[76.5318162812076,15.699434069007339],[76.56226149535263,15.705619208556078],[76.58573833121957,15.697518287450636],[76.56395060018606,15.647907042245349],[76.56548224041619,15.628144100075072],[76.55101164033259,15.611947913140824],[76.55037577383874,15.604388728724265],[76.57070893584647,15.601742035905385],[76.56617738038499,15.565254278129906],[76.55054059023684,15.566553948708634],[76.55178127857411,15.53942877059067],[76.48036633372033,15.552470895958175],[76.46434451301837,15.515875213065067],[76.40404436764199,15.514307855309125],[76.39702663901593,15.48700525510342],[76.3573327881615,15.50099130620957],[76.34755174536011,15.489803710433964],[76.30932976673428,15.478099723430537],[76.31364965151943,15.558870680275628],[76.30009704788449,15.560981063275138],[76.31131491994303,15.594763811122702],[76.32394676100266,15.604704998579214],[76.32129825298611,15.63889779803485],[76.3430955855132,15.627446500824126],[76.35593384191283,15.638734566463217],[76.36127477870434,15.676442491011132],[76.37773122385327,15.668941840199285],[76.37784515549427,15.689177628609748],[76.39314625699069,15.691499605386786],[76.4105602258847,15.668400112761775],[76.4533152099612,15.66896720459101],[76.45833916564128,15.68640586964332],[76.46732040327007,15.6836635673875],[76.47334100549841,15.708624133171416],[76.51511164992125,15.714547722019088]]]}},{"type":"Feature","properties":{"taluk":"Naragund","districtId":29,"talukCode":"0801"},"geometry":{"type":"Polygon","coordinates":[[[75.46170483465721,15.886526081977685],[75.46087196444728,15.879511292398906],[75.47500369560116,15.872547888848864],[75.49623572617699,15.872733943274433],[75.50224181834638,15.858101395458906],[75.51909982606414,15.858397861309713],[75.51286175789622,15.850362478128211],[75.53092739970637,15.841830110164446],[75.5291865817499,15.835410870696997],[75.55568080575055,15.833027036272888],[75.55538038993525,15.823897521230329],[75.5461579979684,15.823715893863081],[75.54474452108974,15.799388555397094],[75.5347606394257,15.79788522284134],[75.53060149098374,15.784839434024713],[75.54241187997066,15.77886589831791],[75.52209835185558,15.71194084108155],[75.51083931218403,15.710530045394497],[75.50517277157067,15.699733026364715],[75.46884873668391,15.701600170848387],[75.46969010349925,15.683469027313716],[75.44654489518551,15.68100790378275],[75.44533178641638,15.672987439280305],[75.42345399855735,15.66835650973434],[75.41338203826133,15.65607379938671],[75.36256774266569,15.668954851578196],[75.3599488817927,15.64569736119629],[75.33602622971371,15.647942558512627],[75.3366499050184,15.673956370283527],[75.2950264961837,15.691767956331036],[75.27855751066087,15.689788734272945],[75.27523470680141,15.740674515159686],[75.29309086367692,15.741345645263552],[75.29288779157785,15.728415079072176],[75.29980059861505,15.72780303687901],[75.31376931939549,15.730334832816885],[75.3173377348473,15.74345220668935],[75.31756570051544,15.764209620287573],[75.30536377456824,15.766398953580119],[75.30300169543564,15.81241981798379],[75.32678801192961,15.812962151588541],[75.33892748362153,15.827659085106907],[75.34090261919047,15.804455811773376],[75.36494264231744,15.804318627421663],[75.37561399868584,15.845995611481602],[75.38521318144248,15.83855133571537],[75.42498119618307,15.842448281911977],[75.41400822424319,15.784096051906282],[75.43658623461701,15.77812321711777],[75.43965161464519,15.795108750294501],[75.44768503593684,15.793697153820576],[75.45776589280588,15.817820241155596],[75.45763428037198,15.861420209507198],[75.45133756938861,15.861926372797939],[75.44887946253884,15.885048957096105],[75.46170483465721,15.886526081977685]]]}},{"type":"Feature","properties":{"taluk":"Gadag","districtId":29,"talukCode":"0803"},"geometry":{"type":"Polygon","coordinates":[[[75.62782231972271,15.640308986845405],[75.62985576591313,15.626115139496159],[75.64153376786327,15.6251750207384],[75.64071425983596,15.583950621578603],[75.65468691262772,15.57250428843636],[75.66524519676504,15.540396208106344],[75.68655821851782,15.522899528568153],[75.73582381612293,15.526493243540319],[75.74040645750848,15.55284617601379],[75.77947401463187,15.553992418092413],[75.79998938807319,15.541675611123463],[75.82293891919238,15.498984811138934],[75.8091791477174,15.487783821866747],[75.81248122475782,15.467289537469004],[75.81840617310716,15.469045010338009],[75.81970666300886,15.45559882100246],[75.83912771528315,15.443213725758493],[75.85831049963896,15.443671141774246],[75.85940810240284,15.42327229193402],[75.8238177066917,15.425036698599298],[75.81022863644448,15.421507420085824],[75.80921747723075,15.414059840520252],[75.76051420407951,15.40624129490254],[75.758997327943,15.356350734189853],[75.69934160766748,15.357103837996837],[75.67110203842738,15.334529170033418],[75.65197060172572,15.332648551096831],[75.6622875456119,15.286566066968538],[75.63965678568651,15.281432991885827],[75.64325858799576,15.262315548022407],[75.66723500459835,15.260431236200835],[75.67713399450561,15.241864607938567],[75.63950673212946,15.23479028320732],[75.62754272363864,15.210446715239794],[75.59511856528611,15.22142340693481],[75.59319007371086,15.245742733042887],[75.584425049063,15.256328281325235],[75.57044377628867,15.255968875638612],[75.54125287276597,15.237559558862396],[75.50065544508796,15.238836716452685],[75.49307278199423,15.269546750023615],[75.44733906574108,15.263568001604789],[75.44085243687907,15.291971355046284],[75.44153017155534,15.300987083918296],[75.44995620946591,15.301438919837874],[75.44941674738759,15.32748950752846],[75.45735579631244,15.341868684371619],[75.44529503464342,15.386300932248268],[75.46862880336542,15.385553304523485],[75.46958647149499,15.397032133348521],[75.48221133658329,15.39290989005676],[75.48141736347661,15.378582074190737],[75.49322294316728,15.368508268602271],[75.4947316959063,15.470167391456332],[75.48688289567252,15.489296176832704],[75.47103914991992,15.493113391235884],[75.47359835323472,15.519720749921015],[75.48264645054904,15.53180776103682],[75.52938158267511,15.537936264910185],[75.52823842892467,15.566590071850143],[75.54947683433642,15.620642744773946],[75.62178924524115,15.627985287108402],[75.62782231972271,15.640308986845405]]]}},{"type":"Feature","properties":{"taluk":"Shirahatti","districtId":29,"talukCode":"0804"},"geometry":{"type":"Polygon","coordinates":[[[75.58108054432616,15.256303400920379],[75.59103559972536,15.252286818023803],[75.59511856528611,15.22142340693481],[75.62754272363864,15.210446715239794],[75.63950673212946,15.23479028320732],[75.67071267460727,15.242872578996582],[75.69776609770685,15.235468958177064],[75.7259667047697,15.246178772561708],[75.7342029322503,15.208769295587595],[75.72362201176662,15.21760412965131],[75.71138270480334,15.21424000747874],[75.71528675588215,15.167927716197696],[75.7041130258011,15.16614562993283],[75.71562005745864,15.137378868621315],[75.74713123440019,15.11262477774086],[75.73910877099532,15.0809991452593],[75.76974568756401,15.082728953166782],[75.76312170285387,15.052783199654696],[75.7458600026267,15.054559903705455],[75.75249460338392,14.999094708102115],[75.78552158990591,15.001662015986081],[75.77894364427898,14.976988193390834],[75.7411981420412,14.944674660398913],[75.70122874188657,14.946938179693356],[75.68876520076564,14.975156387531973],[75.6665844871678,14.987434230902604],[75.63218791371179,14.991502059448003],[75.61892254353661,15.006376713074273],[75.59336885138352,15.015558824555379],[75.58452912191653,15.056189765830252],[75.59495369022343,15.06831072660543],[75.6090249377468,15.06260237186864],[75.60905999285775,15.078388500682841],[75.59518348719878,15.091052374516966],[75.59589425904447,15.097638695799015],[75.6055320297133,15.097972379006608],[75.6038928458119,15.135165876300446],[75.57849797498372,15.14870007324104],[75.57756239805049,15.172970404712043],[75.5569845697243,15.176862717882212],[75.55828202645002,15.190803404476226],[75.44791688785331,15.2114028569965],[75.44356711395774,15.222318621094711],[75.44981739662214,15.236343242722459],[75.50867261055872,15.221332702749798],[75.50065544508796,15.238836716452685],[75.54125287276597,15.237559558862396],[75.5430577657544,15.244016350698534],[75.58108054432616,15.256303400920379]]]}},{"type":"Feature","properties":{"taluk":"Mundargi","districtId":29,"talukCode":"0805"},"geometry":{"type":"Polygon","coordinates":[[[75.8238177066917,15.425036698599298],[75.86477897685735,15.423005458964953],[75.86541525829588,15.408002895158733],[75.9040017569397,15.402776779493818],[75.90296766531041,15.353790749552783],[75.8881111983607,15.35301987044355],[75.89297475744466,15.319013472219467],[75.88760173572919,15.297448670435738],[75.89853202480624,15.275695716341026],[75.90000978690257,15.245573541489064],[75.91202906504303,15.240789537935596],[75.9243632841194,15.205754573799647],[75.92470167713974,15.182574831394074],[75.94787936502237,15.17291431259534],[75.95141766194888,15.135526496478635],[75.92983080284729,15.140807073543158],[75.91070211415226,15.135304444333107],[75.88593152952376,15.108290380856019],[75.8874898600767,15.09670438771896],[75.90827392852773,15.079076077844306],[75.90392125964263,15.055971544800684],[75.88407171241515,15.052818831830217],[75.87216552331617,15.034937066760595],[75.84459997239809,15.04375250127518],[75.83077669612828,15.02813420440362],[75.80909525751727,15.026297254301719],[75.78552158990591,15.001662015986081],[75.75279458425186,14.998979182041857],[75.7458600026267,15.054559903705455],[75.76312170285387,15.052783199654696],[75.76974568756401,15.082728953166782],[75.73910877099532,15.0809991452593],[75.74713123440019,15.11262477774086],[75.71562005745864,15.137378868621315],[75.7041130258011,15.16614562993283],[75.71528675588215,15.167927716197696],[75.71138270480334,15.21424000747874],[75.72362201176662,15.21760412965131],[75.7342029322503,15.208769295587595],[75.7259667047697,15.246178772561708],[75.68078579944132,15.23592413915223],[75.66723500459835,15.260431236200835],[75.64364013830044,15.261015978661206],[75.63965678568651,15.281432991885827],[75.6622875456119,15.286566066968538],[75.65197060172572,15.332648551096831],[75.67110203842738,15.334529170033418],[75.69934160766748,15.357103837996837],[75.758997327943,15.356350734189853],[75.76051420407951,15.40624129490254],[75.80921747723075,15.414059840520252],[75.81022863644448,15.421507420085824],[75.8238177066917,15.425036698599298]]]}},{"type":"Feature","properties":{"taluk":"Dharwad","districtId":28,"talukCode":"0901"},"geometry":{"type":"Polygon","coordinates":[[[75.0595653211573,15.683025483296841],[75.05567424096708,15.632644750757962],[75.0898105235913,15.611993614486499],[75.08829748906162,15.571258586822594],[75.10765003811821,15.571397161471157],[75.1175654337843,15.542960862328568],[75.17541651823207,15.546706722450569],[75.17845535394744,15.52188407674615],[75.22657479872343,15.528526014047154],[75.2265503783627,15.503567139385304],[75.18288129412751,15.490500170511453],[75.17843023946621,15.461746129694612],[75.15829355369729,15.453963027669909],[75.14194150363194,15.422364421799978],[75.1138834515417,15.432804522625577],[75.07784375976216,15.433295244647024],[75.07328543137041,15.400464627585885],[75.04189463032175,15.401348395170983],[75.04338921628866,15.372037394610624],[74.95527433124431,15.347758143641732],[74.94602983870074,15.338543782522738],[74.94243387624216,15.350429425377282],[74.93139219075377,15.349766943670485],[74.93093312614106,15.325979338360785],[74.91203558829012,15.338718374062168],[74.89004303902647,15.334212027909105],[74.89197084466574,15.317755327580521],[74.88346436032204,15.314762408983954],[74.86132171781061,15.327348291643341],[74.85481848793802,15.340497598315874],[74.83213356043836,15.336462141435064],[74.81902333695973,15.370801849304957],[74.83058410143174,15.373456125310094],[74.82033938480681,15.384896898341928],[74.83847251436426,15.39795247337274],[74.83238033741068,15.423467836812021],[74.84022645478188,15.426628239778267],[74.84579539232946,15.417505888319306],[74.85494723184695,15.421872732261425],[74.85980459334388,15.433017308812438],[74.84975832209862,15.448051313379578],[74.86501988239907,15.459854044255078],[74.86087539940091,15.474019175711257],[74.83930205591216,15.4675648847818],[74.84043121690098,15.491628779707836],[74.81442492906697,15.478627325126125],[74.8019627634594,15.501505918571986],[74.81437244577333,15.503965559482005],[74.79721176933923,15.54755635414738],[74.84085273807726,15.574614556014396],[74.82857261060958,15.60838493694292],[74.8780314870549,15.617064094624888],[74.89202649155095,15.630686199409615],[74.93268813601499,15.622648983475102],[74.96519774839159,15.626412755307921],[74.96693997529025,15.653076043524901],[75.0194159973153,15.644789725691828],[75.02745662716183,15.652006446137072],[75.02851848721916,15.6701155351936],[75.04685882913341,15.670400003951098],[75.04982741821718,15.682782531267348],[75.0595653211573,15.683025483296841]]]}},{"type":"Feature","properties":{"taluk":"Navalgund","districtId":28,"talukCode":"0902"},"geometry":{"type":"Polygon","coordinates":[[[75.4873565361177,15.703323385205282],[75.5022114421521,15.647551787661108],[75.55427995180915,15.646899059431634],[75.54895959058885,15.612991110264751],[75.54038811495195,15.601283494622848],[75.5268628009927,15.607998743164707],[75.52687355672019,15.622205693502279],[75.50914036941033,15.625480458712252],[75.50855823723309,15.63738478096511],[75.4941320943599,15.636843205459275],[75.48643747326905,15.599973726568841],[75.46305810340122,15.59927449584089],[75.4684606537306,15.57264591292023],[75.43730258792102,15.567320582680642],[75.43917920513708,15.544802701020714],[75.39834112251705,15.547456592697358],[75.38995810179796,15.5089262237827],[75.3722751121415,15.505612303579408],[75.37002731903291,15.485206009275366],[75.25130225489647,15.480899257944305],[75.2523899510385,15.502155370117023],[75.2265503783627,15.503567139385304],[75.22657479872343,15.528526014047154],[75.17845535394744,15.52188407674615],[75.17541651823207,15.546706722450569],[75.1175654337843,15.542960862328568],[75.10765003811821,15.571397161471157],[75.08482539587375,15.575755935888644],[75.10724739930045,15.672178188908285],[75.14021352382002,15.658360586662244],[75.17148623772694,15.660431710130005],[75.18687471442827,15.649288760133564],[75.20232050302903,15.649167298459101],[75.20335773975144,15.68143569623838],[75.23612905307806,15.679268024030094],[75.24879865546264,15.647119496043157],[75.27319189832743,15.648055653708324],[75.27733948818353,15.689006057161356],[75.2950264961837,15.691767956331036],[75.3366499050184,15.673956370283527],[75.33602622971371,15.647942558512627],[75.3599488817927,15.64569736119629],[75.36256774266569,15.668954851578196],[75.41154282830837,15.655454262603993],[75.42345399855735,15.66835650973434],[75.44533178641638,15.672987439280305],[75.44654489518551,15.68100790378275],[75.46969010349925,15.683469027313716],[75.46884873668391,15.701600170848387],[75.4873565361177,15.703323385205282]]]}},{"type":"Feature","properties":{"taluk":"Kalgatgi","districtId":28,"talukCode":"0904"},"geometry":{"type":"Polygon","coordinates":[[[75.01379396001447,15.359739051581276],[75.03016135898899,15.318898876270936],[75.04575522790095,15.301876509831692],[75.05531486536674,15.306337915339029],[75.06770555861227,15.280325481575145],[75.07607237360311,15.240625389483181],[75.06286830332576,15.23038831167086],[75.06602168306976,15.212279929720431],[75.09481210592685,15.2140701342735],[75.11677471751868,15.194091650920937],[75.11493517807827,15.181420210424672],[75.13712835479562,15.16097113666068],[75.13383414112057,15.148300390522738],[75.10484513220193,15.140691418797418],[75.11348742057528,15.11726878207806],[75.07795722602532,15.110432144550028],[75.0817452022151,15.074410279689753],[75.05827628814733,15.071345330781927],[75.05326915780564,15.082421599544881],[75.01289126460588,15.068121580040026],[74.99175397399108,15.073606992518656],[74.94027078795355,15.06657597087227],[74.94011487461582,15.051882150550673],[74.9173341614612,15.038903142403765],[74.90786510555006,15.04971794763564],[74.89174388299293,15.044600035636295],[74.88737502028692,15.066384009446006],[74.8773689252558,15.073767072720607],[74.8925600059785,15.09663417380314],[74.85835942299535,15.104210302844852],[74.85184595160952,15.121271383106002],[74.82895172284309,15.139679219946348],[74.85013974933005,15.17106401556385],[74.87752598745078,15.193037199965513],[74.87238471929382,15.216161630202988],[74.91021314568964,15.251832345604539],[74.89710744563001,15.30131061995145],[74.87500027425482,15.300164882605742],[74.87559603974451,15.316017991240583],[74.89197084466574,15.317755327580521],[74.88743637168457,15.33357958224113],[74.91203558829012,15.338718374062168],[74.93093312614106,15.325979338360785],[74.93139219075377,15.349766943670485],[74.94243387624216,15.350429425377282],[74.94602983870074,15.338543782522738],[74.98234827408442,15.35642077209179],[75.01379396001447,15.359739051581276]]]}},{"type":"Feature","properties":{"taluk":"Kundgol","districtId":28,"talukCode":"0905"},"geometry":{"type":"Polygon","coordinates":[[[75.34568198638264,15.350867471284888],[75.35437503353106,15.32305922993615],[75.38592301172119,15.324019476369033],[75.3897432278959,15.298890056889954],[75.41191975335391,15.29745854006736],[75.40638927324008,15.278140488931538],[75.41676150361883,15.275648323432963],[75.4021430058569,15.273248264011238],[75.40231354174942,15.260480674299252],[75.41648503539058,15.26229796929754],[75.41599929270407,15.234243134918179],[75.42276707643634,15.22627917040026],[75.44041691607347,15.227294054034282],[75.44933100450861,15.20803061724021],[75.43359418143835,15.209674411904874],[75.43265850382114,15.198786622806564],[75.39827423836672,15.200834614549342],[75.39551770761553,15.165172925287951],[75.41191190687992,15.162076106599358],[75.43403429981545,15.107960810024478],[75.41662894587184,15.084929019780692],[75.41663585716827,15.059056682101213],[75.3669655935457,15.050411126391257],[75.35697545534025,15.065937545477784],[75.33926552945456,15.069870296686682],[75.33433453678012,15.08153882897611],[75.35044447991312,15.101743818857079],[75.33694494806478,15.111616870023452],[75.3357449971471,15.161277289786629],[75.30561674144067,15.154055202446326],[75.30589761867881,15.138339515678927],[75.28666195538534,15.136769627420946],[75.28828801097532,15.129306716670392],[75.25874345508511,15.117598293645178],[75.2576651955301,15.0983829031102],[75.23872872049338,15.109379192474542],[75.22560779535819,15.107149412909402],[75.22505890057808,15.100186971999348],[75.15787785541147,15.101953682052775],[75.15840913163954,15.110510120522767],[75.13920498166377,15.102366099407565],[75.13716917554181,15.12940459181366],[75.15292708535536,15.145642362786287],[75.14095832566439,15.168457180607495],[75.16619088802523,15.170552435187789],[75.16802141102266,15.196317020010412],[75.17935295145634,15.212148056447514],[75.17455489563227,15.236176511345674],[75.19723853232917,15.242405423811448],[75.20451749611006,15.263578290888738],[75.19695057557286,15.301095704041163],[75.23085334168148,15.320853897222557],[75.27767164849583,15.323775318631455],[75.2797879558702,15.335737181863134],[75.34568198638264,15.350867471284888]]]}},{"type":"Feature","properties":{"taluk":"Hubballi Nagara","districtId":28,"talukCode":"0906"},"geometry":{"type":"Polygon","coordinates":[[[75.09566764235386,15.434871726771384],[75.16074135421239,15.414055186007106],[75.17945106683008,15.417132956056795],[75.18640832883662,15.372400376378117],[75.21908659314207,15.36419579473449],[75.22363036178861,15.347804054135393],[75.20802223043928,15.347158895199076],[75.20958586255726,15.341408348347304],[75.18052308278871,15.331153004155441],[75.18185349837087,15.325836828289068],[75.1463511075742,15.32453667775293],[75.14030197264621,15.33083009967698],[75.13937952120045,15.319799220842764],[75.16245156196284,15.320334626546101],[75.16493031705994,15.310312536350938],[75.13716306489809,15.302651722892076],[75.13084551855407,15.322631773115104],[75.10738481667096,15.313977367617342],[75.09938813555257,15.31789090171875],[75.10464320366286,15.333884478643013],[75.09901813016839,15.350827984521809],[75.0904046953697,15.354474433367132],[75.07002801256954,15.330080337797726],[75.0608366840567,15.332418289841888],[75.05836073045457,15.34783672249945],[75.04919895887383,15.349524052418378],[75.02011582643517,15.336924072802521],[75.01338878231515,15.363966923795164],[75.04338921628866,15.372037394610624],[75.04189463032175,15.401348395170983],[75.07328543137041,15.400464627585885],[75.07640460250862,15.432163615683736],[75.09566764235386,15.434871726771384]]]}},{"type":"Feature","properties":{"taluk":"Alnavara","districtId":28,"talukCode":"0907"},"geometry":{"type":"Polygon","coordinates":[[[74.8032242420491,15.497300469062763],[74.81442492906697,15.478627325126125],[74.84043121690098,15.491628779707836],[74.83930205591216,15.4675648847818],[74.86087539940091,15.474019175711257],[74.86501988239907,15.459854044255078],[74.84975832209862,15.448051313379578],[74.85980459334388,15.433017308812438],[74.85494723184695,15.421872732261425],[74.84579539232946,15.417505888319306],[74.84022645478188,15.426628239778267],[74.83238033741068,15.423467836812021],[74.83847251436426,15.39795247337274],[74.79530932868164,15.37767887602438],[74.78159512646278,15.394248893315314],[74.76554898285751,15.398333855543534],[74.7680512240754,15.417380879923043],[74.74092493994479,15.411545370170057],[74.730435323318,15.42693877574426],[74.74390742750303,15.463120200891051],[74.73212161804348,15.469329494377154],[74.72666518552532,15.487958297783502],[74.74818556544336,15.49536509535771],[74.76020908132281,15.470775339419435],[74.77826504293101,15.45854078140791],[74.7852239124866,15.484689040223234],[74.8032242420491,15.497300469062763]]]}},{"type":"Feature","properties":{"taluk":"ANNIGERI","districtId":28,"talukCode":"0908"},"geometry":{"type":"Polygon","coordinates":[[[75.499343863809,15.637873747571522],[75.50855823723309,15.63738478096511],[75.50914036941033,15.625480458712252],[75.52687355672019,15.622205693502279],[75.5268628009927,15.607998743164707],[75.54209292651707,15.601315499116259],[75.52823842892467,15.566590071850143],[75.52938158267511,15.537936264910185],[75.48264645054904,15.53180776103682],[75.47359835323472,15.519720749921015],[75.47103914991992,15.493113391235884],[75.48688289567252,15.489296176832704],[75.4947316959063,15.470167391456332],[75.49312251562364,15.368283368020965],[75.48141736347661,15.378582074190737],[75.48221133658329,15.39290989005676],[75.46958647149499,15.397032133348521],[75.46862880336542,15.385553304523485],[75.44529503464342,15.386300932248268],[75.44862672714991,15.358957334616221],[75.36552068834584,15.3602234802285],[75.33905148445008,15.35074260389088],[75.32681047550808,15.410464130027625],[75.31833372016239,15.42420035854556],[75.3049739218628,15.427420081099553],[75.3064098127421,15.444264269734882],[75.3214248072367,15.446320222377004],[75.3321214826644,15.483734765090416],[75.37002731903291,15.485206009275366],[75.3722751121415,15.505612303579408],[75.38995810179796,15.5089262237827],[75.39834112251705,15.547456592697358],[75.43917920513708,15.544802701020714],[75.43730258792102,15.567320582680642],[75.4684606537306,15.57264591292023],[75.46305810340122,15.59927449584089],[75.48643747326905,15.599973726568841],[75.499343863809,15.637873747571522]]]}},{"type":"Feature","properties":{"taluk":"Joida","districtId":51,"talukCode":"1002"},"geometry":{"type":"Polygon","coordinates":[[[74.2781249179957,15.521477993946434],[74.34173586745355,15.518238487982918],[74.37360830300078,15.479562155428143],[74.38638920206101,15.483618414890872],[74.41792765002066,15.46936828361067],[74.4288563668913,15.398679794862714],[74.45204880569422,15.408006297583789],[74.44565946233915,15.419637612868735],[74.46037533038269,15.420613528289806],[74.46287763219634,15.433062197771568],[74.4777045506111,15.428854398510374],[74.49181849829274,15.443754010933471],[74.49126664137621,15.435428626158014],[74.50962528690039,15.427569915471704],[74.50994175686756,15.40293590441173],[74.5337445607814,15.418694260448552],[74.54711120085214,15.41479297069115],[74.61383000504765,15.359261889695533],[74.6009079617318,15.325088134733662],[74.57210573871009,15.317469879853864],[74.56449309454031,15.307728646383596],[74.57330124730731,15.294681004408266],[74.60540822374203,15.292501699346731],[74.59566067673997,15.257244313857665],[74.61520426544986,15.256352724911086],[74.64026950904788,15.082732428796152],[74.6200291848773,15.06610034750483],[74.6040270705975,15.063181166011097],[74.6020027562416,15.02919297043376],[74.5808410409853,15.014948203618703],[74.58293715285728,15.001207550438098],[74.56687178289815,14.977848709457653],[74.5634079220459,14.946593887023907],[74.54541471105621,14.94200070916225],[74.53340271601726,14.919505537519688],[74.51722969606841,14.924625688377334],[74.497643643424,14.918220079121086],[74.47662458005314,14.894226110394182],[74.46763495903346,14.89262361249309],[74.45593867623967,14.936464408363975],[74.4408388992424,14.959511482409805],[74.42112398864975,14.922126967527502],[74.42263704188571,14.90826857440008],[74.40605774664337,14.9195550233147],[74.39924771913103,14.905083022354333],[74.38746311354603,14.92536826507747],[74.36932177448212,14.925364815189376],[74.36501740046154,14.945390714145182],[74.34516128721297,14.948644970603297],[74.33477432314179,14.95982114927834],[74.33820298028587,14.96716170715345],[74.3273211829488,14.9910049191912],[74.31312722689006,14.993311696917779],[74.30849520087122,15.020649649025964],[74.31859453679569,15.024802298487337],[74.32152110799113,15.040670356873793],[74.3047590855381,15.050258596632178],[74.29467868539108,15.04482274513668],[74.2909844586544,15.066660876486006],[74.2808245600724,15.068507981258936],[74.27272664820865,15.097854995044425],[74.28255533048139,15.106723552717687],[74.285863330457,15.149679523956321],[74.29563110511111,15.151043341054102],[74.31459303621374,15.180322611667103],[74.30996122362524,15.205651565716048],[74.29137007490318,15.234089937906274],[74.25968728557726,15.241241144456245],[74.25063265714556,15.259637186293444],[74.26117429374882,15.260895136553726],[74.27204856180218,15.281662555837723],[74.29459603039433,15.289281193266214],[74.32635582359949,15.284008995438903],[74.33616340230043,15.29561687123558],[74.31691680133488,15.329812437050466],[74.3219672605363,15.34352099227658],[74.31398032554446,15.360394218726604],[74.32125671493506,15.368488599988968],[74.27870185955038,15.392766779825331],[74.27081269589745,15.418493098568357],[74.2748573397065,15.448376109504984],[74.24902666832824,15.49163933089819],[74.2781249179957,15.521477993946434]]]}},{"type":"Feature","properties":{"taluk":"Yellapur","districtId":51,"talukCode":"1004"},"geometry":{"type":"Polygon","coordinates":[[[74.82094733987728,15.150837636414213],[74.81959451570701,15.14015496344532],[74.85184595160952,15.121271383106002],[74.85835942299535,15.104210302844852],[74.89033759421362,15.099341749639144],[74.8773689252558,15.073767072720607],[74.88737502028692,15.066384009446006],[74.89174388299293,15.044600035636295],[74.90604663414696,15.049924697543442],[74.9100669758259,15.04323070094269],[74.909088169565,15.03410676077647],[74.88971423210586,15.024832080831345],[74.88592214492874,15.000489109234467],[74.87082784613051,14.984991034947845],[74.86556620155508,14.965809973803305],[74.8835583364442,14.960337112890008],[74.89230888882356,14.935612852064708],[74.93497903511717,14.90963542931315],[74.91368044770502,14.901650295605357],[74.92335260292798,14.862991198591331],[74.90533544682536,14.835808402229217],[74.90436298903701,14.824692859043727],[74.94410899545957,14.835221430012643],[74.9266519033415,14.802800596053979],[74.90789241017639,14.810078203740078],[74.91793946781243,14.766404033945786],[74.89393334621533,14.76834989481348],[74.88357392745576,14.759828676410732],[74.88727784409042,14.74832875372859],[74.86533684141567,14.735385678359584],[74.84704695206456,14.73242601589574],[74.84641189678659,14.747902149974534],[74.83071139898728,14.739422169687188],[74.81747422819014,14.745698208216089],[74.8139262687848,14.737715983097099],[74.80634352986934,14.750539709311974],[74.78457830042224,14.752133803825224],[74.77168294017501,14.77570729723571],[74.75964110857196,14.775552597418876],[74.7503333351812,14.827836488452043],[74.738766538674,14.837716592276221],[74.66999012542408,14.829493712290947],[74.63927457973999,14.835959377847956],[74.60844196617819,14.799664063581336],[74.5997792053941,14.830569057877216],[74.57428032639572,14.869953388145625],[74.5648782629019,14.872228183744562],[74.5550793779628,14.860949077687312],[74.57613231998134,14.824446664914205],[74.56891746335506,14.794154118686482],[74.55231576582818,14.798508310456315],[74.54165117965924,14.792951280132282],[74.54107416995794,14.778460497888647],[74.5144790412973,14.768426365666354],[74.49670594851678,14.790236521966335],[74.4781716063514,14.77366339108882],[74.47010071235087,14.753877964178818],[74.42230842538271,14.760484728667038],[74.41982203445217,14.776554470472629],[74.4572771453942,14.791735939927056],[74.45263100886439,14.800410610460851],[74.48281440276972,14.829445195945707],[74.49173743451769,14.849306162999763],[74.51159590707604,14.860696363072051],[74.50453916039282,14.880944376626998],[74.5248905182078,14.896346848595405],[74.52693771729525,14.921134719039873],[74.53786206998346,14.922511893865664],[74.54586621493334,14.942342972420251],[74.56504559625714,14.948952428076359],[74.56687178289815,14.977848709457653],[74.58293715285728,15.001207550438098],[74.5808410409853,15.014948203618703],[74.6020027562416,15.02919297043376],[74.6040270705975,15.063181166011097],[74.6200291848773,15.06610034750483],[74.63769300480206,15.083667811225299],[74.64743698079585,15.077971670453989],[74.67456637828559,15.098092781253904],[74.68302271847817,15.092897742160526],[74.70068447062336,15.104537227987265],[74.71756123232687,15.080783566171135],[74.73306597128594,15.089704801637186],[74.7432033183757,15.084640614022053],[74.75399288886994,15.102923912817284],[74.7744270640123,15.100241648992352],[74.78457304291848,15.116883102232945],[74.78173628556833,15.131968247144798],[74.79329829725047,15.131952731789212],[74.79300829728585,15.146342969246124],[74.82094733987728,15.150837636414213]]]}},{"type":"Feature","properties":{"taluk":"Mundgod","districtId":51,"talukCode":"1005"},"geometry":{"type":"Polygon","coordinates":[[[75.05403185900506,15.080745586578127],[75.05827628814733,15.071345330781927],[75.08253868539876,15.074595454467685],[75.0681305120715,15.014719383066073],[75.07587615654707,14.974029346585311],[75.08451447990298,14.956646709256686],[75.10022956526326,14.955342598975049],[75.09495301404525,14.950787419455425],[75.10337171226357,14.935078295358597],[75.10228795443801,14.92763087717863],[75.08542529615369,14.926776113359603],[75.0872494415394,14.920971573423433],[75.0670676685734,14.919097551769326],[75.07409620017422,14.856064352345207],[75.06768575011264,14.83676982049152],[75.09053063550442,14.820223064284619],[75.09168318671732,14.811060112757671],[75.05530579016092,14.814619957916806],[75.05600549089876,14.805106608098471],[75.06884262848448,14.79798272031184],[75.07076406853365,14.78241561914923],[75.04059059975876,14.774098728908491],[75.04767335319511,14.744143065563351],[75.03706492289878,14.738466362722367],[75.03841936862726,14.727737019705405],[75.00650919036731,14.71917581265093],[74.9941603209535,14.69505037156849],[74.96743181840094,14.703254679202521],[74.97897703166163,14.725323718844761],[74.95510251411412,14.732217725209923],[74.95152560942412,14.740488245221444],[74.93546802166547,14.737428802113275],[74.91982784259885,14.74867846155661],[74.88621377539083,14.749314602636122],[74.88357392745576,14.759828676410732],[74.89393334621533,14.76834989481348],[74.91793946781243,14.766404033945786],[74.90789241017639,14.810078203740078],[74.9266519033415,14.802800596053979],[74.94421323272984,14.834248516886873],[74.94221388504965,14.839849121753494],[74.90436298903701,14.824692859043727],[74.91344795266944,14.856185651349476],[74.92335260292798,14.862991198591331],[74.91368044770502,14.901650295605357],[74.93497903511717,14.90963542931315],[74.89230888882356,14.935612852064708],[74.8835583364442,14.960337112890008],[74.86559783305323,14.966553667358658],[74.88592214492874,15.000489109234467],[74.88971423210586,15.024832080831345],[74.94011487461582,15.051882150550673],[74.94027078795355,15.06657597087227],[74.99175397399108,15.073606992518656],[75.01289126460588,15.068121580040026],[75.05403185900506,15.080745586578127]]]}},{"type":"Feature","properties":{"taluk":"Sirsi","districtId":51,"talukCode":"1006"},"geometry":{"type":"Polygon","coordinates":[[[74.73930284463417,14.835430674808498],[74.7503333351812,14.827836488452043],[74.75964110857196,14.775552597418876],[74.77168294017501,14.77570729723571],[74.78457830042224,14.752133803825224],[74.80634352986934,14.750539709311974],[74.8139262687848,14.737715983097099],[74.81747422819014,14.745698208216089],[74.83071139898728,14.739422169687188],[74.84641189678659,14.747902149974534],[74.84704695206456,14.73242601589574],[74.85339900044706,14.732946181355963],[74.87908229467679,14.739390653380548],[74.88433592802235,14.750217883425453],[74.91982784259885,14.74867846155661],[74.93546802166547,14.737428802113275],[74.95152560942412,14.740488245221444],[74.96191110220295,14.728697609815471],[74.97793733741248,14.727171860400345],[74.96743181840094,14.703254679202521],[74.97738970525262,14.698099366383556],[74.9941603209535,14.69505037156849],[75.00650919036731,14.71917581265093],[75.03291784997433,14.710005827600625],[75.03132607180562,14.665053645684308],[75.05247911088146,14.648647578179457],[75.02405062735194,14.607768267390938],[75.02786746837587,14.584684248772456],[75.0206978623264,14.571318412511978],[75.04437321403194,14.54575915900283],[75.0607415711661,14.544548416862566],[75.03770610932759,14.528720735721372],[75.0407766726782,14.500118025781653],[75.0194703018769,14.497117667604204],[74.98955705468951,14.472283614666559],[74.98461302331056,14.488307787455726],[74.9927704665056,14.495165888262317],[74.97238825236471,14.519658786519475],[74.98038380789085,14.525631727987497],[74.97836960598904,14.549260770480643],[74.95566176046381,14.554668051144429],[74.93765427876794,14.518701838482153],[74.92840724339173,14.52854596007224],[74.89121722724705,14.535273925439295],[74.88504188083388,14.554625867892247],[74.87380402287869,14.558123384633356],[74.85007886406177,14.549582322248208],[74.86224194348235,14.53490872365108],[74.84232076530967,14.524420406592625],[74.82096408908012,14.522212043188675],[74.81214754140238,14.530969487536131],[74.8037533971066,14.519697820543012],[74.75827917261181,14.522620685437873],[74.74663792856109,14.517299403267684],[74.74353267278828,14.504491446957283],[74.73272075531712,14.507822626761685],[74.73108596978705,14.516365885999631],[74.71085998006521,14.505521674149294],[74.69410020347065,14.515536649409711],[74.67117410855329,14.503918146566315],[74.63508557444955,14.503265091557017],[74.63664288015528,14.472617997430588],[74.61392942503508,14.466048936390418],[74.58066312821879,14.482704620333653],[74.57150198589142,14.496526337337736],[74.56873086289028,14.52680896972747],[74.58280446521815,14.558896653709413],[74.582879644745,14.602104250446832],[74.56807239703805,14.619749986197675],[74.57856331788598,14.653261369859298],[74.57324081141424,14.68554946918147],[74.61152829021819,14.692704660650099],[74.6173113097985,14.7261963487345],[74.61071211366789,14.74289651560004],[74.63210145022607,14.776005408630619],[74.6538814961798,14.78040807208123],[74.63314207517524,14.808057852050352],[74.68068978031278,14.809543893754554],[74.70806480950006,14.81699415272145],[74.6934656818239,14.833299056160415],[74.73930284463417,14.835430674808498]]]}},{"type":"Feature","properties":{"taluk":"Siddapur","districtId":51,"talukCode":"1009"},"geometry":{"type":"Polygon","coordinates":[[[74.88577931203673,14.553427257254626],[74.90237525740164,14.51551533123847],[74.88892717408586,14.48002057838598],[74.91774223557934,14.46696961899242],[74.92037399547222,14.458944204430246],[74.88845307768425,14.460251817162867],[74.87394736575816,14.447255923967047],[74.88024268315894,14.429368849214885],[74.91772484254744,14.430712783663633],[74.93364822489796,14.403689433053446],[74.94920099481129,14.39882666010296],[74.9493059295302,14.376096968580477],[74.93894197056548,14.358453698616174],[74.97439974447062,14.33814991556389],[74.96959092269924,14.32550220982436],[74.97707478932188,14.320263909074548],[74.92127963626616,14.316507888254678],[74.90560509838515,14.293447265131896],[74.90993832195133,14.277697273962124],[74.92621640425709,14.27730838711522],[74.93918566828101,14.255782638738406],[74.93552851886528,14.242750051172127],[74.92100577096382,14.2273077808568],[74.89855367307047,14.228133229776716],[74.8946773712434,14.216988073353582],[74.87851450758869,14.214094627900565],[74.88086988534758,14.232927346936906],[74.87341048990764,14.240307179579439],[74.86726459424926,14.218336226884901],[74.85373974861935,14.209247489103083],[74.83889563177618,14.227485469998532],[74.79273437626112,14.22802425474853],[74.73303314753905,14.267414978780755],[74.7178392977762,14.268735118957014],[74.72583076829419,14.277683486167119],[74.70401915762363,14.303555682661806],[74.67216784649824,14.308462814780217],[74.65887706600247,14.32621960631184],[74.64695845233466,14.31989402806419],[74.6196107199917,14.338665582938637],[74.66669327852148,14.391088465024323],[74.67290009417981,14.41333715936819],[74.65368329732256,14.432018708693361],[74.67564546718907,14.431480993584863],[74.67874453696945,14.444320409318136],[74.67041442839121,14.448994048393242],[74.6962347659853,14.473303182200388],[74.69154573272814,14.483122618989492],[74.6683475394286,14.475214185190449],[74.6522062565861,14.480761515593505],[74.62954413742916,14.459044089218299],[74.63664288015528,14.472617997430588],[74.63508557444955,14.503265091557017],[74.67117410855329,14.503918146566315],[74.69410020347065,14.515536649409711],[74.71085998006521,14.505521674149294],[74.73108596978705,14.516365885999631],[74.73272075531712,14.507822626761685],[74.74353267278828,14.504491446957283],[74.74663792856109,14.517299403267684],[74.75827917261181,14.522620685437873],[74.8037533971066,14.519697820543012],[74.81214754140238,14.530969487536131],[74.82096408908012,14.522212043188675],[74.84232076530967,14.524420406592625],[74.86224194348235,14.53490872365108],[74.84770521274068,14.545879178167276],[74.85437846177062,14.552888737199307],[74.88577931203673,14.553427257254626]]]}},{"type":"Feature","properties":{"taluk":"Honnavar","districtId":51,"talukCode":"1010"},"geometry":{"type":"Polygon","coordinates":[[[74.4909741821491,14.43265193839347],[74.5010904069351,14.41601424751754],[74.51505903210314,14.428223977874458],[74.53272257774047,14.426476193499504],[74.53483470436986,14.408882541496633],[74.56325624978332,14.397238677589913],[74.54838104167284,14.363978603675168],[74.56300503277218,14.36236311997882],[74.58518418294662,14.376237058844385],[74.62780255168732,14.374149793806392],[74.6638735453218,14.388090269209842],[74.6196107199917,14.338665582938637],[74.64695845233466,14.31989402806419],[74.65887706600247,14.32621960631184],[74.67216784649824,14.308462814780217],[74.70401915762363,14.303555682661806],[74.7212686483103,14.288177854400882],[74.72582094057641,14.276272407637675],[74.7178392977762,14.268735118957014],[74.7315344873428,14.264752915458665],[74.71260853157241,14.232948036736298],[74.7261341986407,14.173795974141498],[74.7475706823634,14.156866221530379],[74.74907142620576,14.142097027717007],[74.70904355482274,14.167283733192631],[74.66476914702977,14.18300526178376],[74.65273071194133,14.167333331634298],[74.62975436423946,14.163926756664823],[74.621871555921,14.1492828270868],[74.58330910932865,14.148893082923506],[74.55214129288774,14.133982007079718],[74.55389382747657,14.107458993557282],[74.53550098358697,14.105903746157058],[74.51621450867297,14.113188562013882],[74.51653926795349,14.125057748277468],[74.50036126781129,14.124506350978274],[74.49737979853342,14.137270491534721],[74.50642527882619,14.140844584793077],[74.503178242091,14.145110286285965],[74.47671995871747,14.14016186120557],[74.47079183970126,14.182345281969999],[74.4417688379845,14.227573886429665],[74.40784805065691,14.344524619429212],[74.4394594036714,14.383123350273157],[74.46132654250296,14.38309817135771],[74.47888890389113,14.410770692347755],[74.47929050588776,14.426530419495332],[74.4909741821491,14.43265193839347]]]}},{"type":"Feature","properties":{"taluk":"Bhatkal","districtId":51,"talukCode":"1011"},"geometry":{"type":"Polygon","coordinates":[[[74.62703194815077,14.158145487760214],[74.62919799426444,14.144095582161945],[74.64407650531719,14.140413987059285],[74.64596694455321,14.114695861283773],[74.65554987115276,14.115428958279006],[74.64589723673697,14.102373510458106],[74.67638073844735,14.061792290921531],[74.67621125067511,14.023401567901484],[74.6613613696536,13.993622023648799],[74.6647460124379,13.980983424944746],[74.64657695006969,13.963067105818785],[74.65170679731263,13.944414233198069],[74.63827983397405,13.939173379627473],[74.63168233372522,13.946196154608733],[74.62060818917325,13.935825134382956],[74.60644311304416,13.940838591862967],[74.5968314565111,13.931973077456249],[74.59534230016715,13.941825631013266],[74.57909555469837,13.926071680174019],[74.56924836054715,13.947772080827331],[74.54917629643654,13.949095257007905],[74.51485513623702,13.98754555844166],[74.48071852531116,14.138034759327024],[74.503178242091,14.145110286285965],[74.50036126781129,14.124506350978274],[74.51653926795349,14.125057748277468],[74.51621450867297,14.113188562013882],[74.53550098358697,14.105903746157058],[74.55389382747657,14.107458993557282],[74.54985914649022,14.128697536468128],[74.56750022964275,14.143717977201145],[74.621871555921,14.1492828270868],[74.62703194815077,14.158145487760214]]]}},{"type":"Feature","properties":{"taluk":"Dandelli","districtId":51,"talukCode":"1012"},"geometry":{"type":"Polygon","coordinates":[[[74.68914240136333,15.398692327022939],[74.67872547602892,15.384354152359876],[74.7046765069688,15.377443357281168],[74.72461036053227,15.381345534205717],[74.72498270387676,15.370023996505171],[74.67128889366298,15.36472685727807],[74.67485930852303,15.345349219953256],[74.65401735967764,15.340741748381554],[74.66852195405151,15.31592062095171],[74.71002403943933,15.320022963006807],[74.71314013436375,15.311086893139747],[74.69694912801141,15.298826078030878],[74.69888763703788,15.279748014743388],[74.68860416090044,15.270153857043129],[74.69739885436698,15.269664703462269],[74.69697110116856,15.25507377485722],[74.68372760727804,15.24318380693599],[74.68796783969366,15.222447581554349],[74.7146952287034,15.21204929450983],[74.67183052406484,15.196760425420575],[74.66493408817126,15.185929357544188],[74.68252948827745,15.18153611402081],[74.69795354266029,15.19437342784883],[74.73005133447116,15.174350490973305],[74.75932623995345,15.173108877876123],[74.75972889425879,15.165106538549544],[74.75650745736067,15.158117985989207],[74.71608391808304,15.146910853543648],[74.72966910016461,15.112986839217255],[74.73173807648541,15.083458597795895],[74.71756123232687,15.080783566171135],[74.70068447062336,15.104537227987265],[74.68302271847817,15.092897742160526],[74.67456637828559,15.098092781253904],[74.64743698079585,15.077971670453989],[74.64026950904788,15.082732428796152],[74.63865496067469,15.111198073128346],[74.69082914867971,15.139485316840661],[74.66760778822521,15.149558695284348],[74.62938999436452,15.13914546205647],[74.61520426544986,15.256352724911086],[74.59566067673997,15.257244313857665],[74.60540822374203,15.292501699346731],[74.57330124730731,15.294681004408266],[74.56449309454031,15.307728646383596],[74.57210573871009,15.317469879853864],[74.6009079617318,15.325088134733662],[74.61379639949834,15.359290326156144],[74.63506982310994,15.368202686657234],[74.6490503783414,15.39057659844579],[74.68914240136333,15.398692327022939]]]}},{"type":"Feature","properties":{"taluk":"Hangal","districtId":31,"talukCode":"1103"},"geometry":{"type":"Polygon","coordinates":[[[75.068598508766,14.908636326098215],[75.12405844745771,14.894140125086853],[75.13688717895381,14.898988415745361],[75.15067236885997,14.890833087152577],[75.15386299259542,14.879140023684887],[75.16854742805174,14.88281143236734],[75.16629595210146,14.894153235682753],[75.17785219712779,14.894694637819665],[75.18077564568894,14.874046260946338],[75.20506851817439,14.866223279741964],[75.21086260876021,14.893704514912107],[75.2315373242648,14.89525738831561],[75.23293204046352,14.883079042126296],[75.26430453316118,14.885180921586223],[75.272496308447,14.869435590270893],[75.29819670580747,14.867881503677381],[75.31027315479153,14.84139249812471],[75.30913923701682,14.83011336850699],[75.29746972946393,14.821352292433247],[75.3051683275579,14.812944764779504],[75.29304321723441,14.793947274536526],[75.29570759293584,14.776307683691511],[75.27991647427693,14.773104824161413],[75.27223183504036,14.753063400721791],[75.28301823258606,14.746618310059121],[75.2831307758173,14.735261492606183],[75.30483317282135,14.731486322729479],[75.32840778426247,14.71475701969873],[75.33572637990859,14.697362639656612],[75.31582983347766,14.66569123791471],[75.29371986704187,14.664577760100949],[75.28829314237286,14.652229295480414],[75.25177202197565,14.6425176230574],[75.25704825850183,14.631440206816482],[75.24760609312308,14.62935408223763],[75.25842833032037,14.60626471345815],[75.2441398532855,14.5981037081122],[75.22300720106561,14.608965072579105],[75.22329677078899,14.584942163400786],[75.21045098228225,14.572452689513494],[75.18383616202247,14.585862088880157],[75.18123823155959,14.597874155960906],[75.205271400372,14.597513816392478],[75.21063660595327,14.623577708917363],[75.20537569710042,14.638037117600383],[75.19654919849737,14.62285402940427],[75.16462869229191,14.632581915735251],[75.15996720870456,14.616983897850039],[75.153414227193,14.62623636203838],[75.14337082502414,14.620422985251285],[75.14221569851112,14.63385638357914],[75.12460165860624,14.630655322742115],[75.10163539894056,14.644014487343604],[75.0992149095985,14.653023965561998],[75.05245277194177,14.648663026097084],[75.03132607180562,14.665053645684308],[75.03291784997433,14.710005827600625],[75.01697309048252,14.710734301892836],[75.01444058089609,14.720230162564967],[75.03805787559659,14.727413337039527],[75.03706492289878,14.738466362722367],[75.04767335319511,14.744143065563351],[75.04059059975876,14.774098728908491],[75.07076406853365,14.78241561914923],[75.06884262848448,14.79798272031184],[75.05600549089876,14.805106608098471],[75.05530579016092,14.814619957916806],[75.09168318671732,14.811060112757671],[75.09053063550442,14.820223064284619],[75.06768575011264,14.83676982049152],[75.07409620017422,14.856064352345207],[75.068598508766,14.908636326098215]]]}},{"type":"Feature","properties":{"taluk":"Haveri","districtId":31,"talukCode":"1104"},"geometry":{"type":"Polygon","coordinates":[[[75.64126381700729,14.991553761113963],[75.66875207463912,14.9864986939336],[75.69501781266831,14.967542120041196],[75.70129886812815,14.94693085938045],[75.68280195757403,14.936827089907018],[75.69674429816804,14.891334606338184],[75.72780835597852,14.897263455713244],[75.73917983242652,14.887067681222284],[75.73237688083992,14.863687549879398],[75.72239581804584,14.864132842690884],[75.71190984607092,14.852429605642294],[75.69057088591339,14.856781613368936],[75.66351249549297,14.7951744369557],[75.65151882930525,14.784374799043519],[75.6459010793083,14.794108703430028],[75.61328443471616,14.792539905704752],[75.60880059202981,14.766473141404445],[75.5754929451008,14.769744794253718],[75.56630602593953,14.764072433430135],[75.55375346527283,14.783816431683604],[75.50539005232065,14.77496397812982],[75.49729503232918,14.763673488461292],[75.44885680685505,14.76146211703687],[75.45295754934601,14.719794814950701],[75.40796280040654,14.710496477990265],[75.39895805191824,14.70174996173802],[75.38187376049508,14.716121405455667],[75.3596013105756,14.717476349276964],[75.3590455576722,14.708630118851598],[75.33851561054463,14.70335357680269],[75.30483317282135,14.731486322729479],[75.2831307758173,14.735261492606183],[75.27272914630795,14.756491592350429],[75.27991647427693,14.773104824161413],[75.29570759293584,14.776307683691511],[75.29304321723441,14.793947274536526],[75.3051683275579,14.812944764779504],[75.29746972946393,14.821352292433247],[75.30957405819761,14.831158203418903],[75.30657171858014,14.854075478221473],[75.32238299612611,14.862571265577934],[75.35502197755302,14.862824385040316],[75.36497361376301,14.882202277917811],[75.38898059925724,14.890534622113668],[75.40181930736358,14.870490244081658],[75.42065907174955,14.88296955234281],[75.43474117626602,14.878464125432844],[75.44535693910527,14.891115177642405],[75.45500140697489,14.867251408696905],[75.46620425322536,14.865113728483903],[75.48731952116765,14.87949531102898],[75.49178548756242,14.8942462313569],[75.48729232756084,14.9049751141127],[75.46851548405398,14.90986421931417],[75.48477878228408,14.920450130417429],[75.50969948630575,14.921445835362501],[75.49938239918308,14.966550635480814],[75.52199679449741,14.963470631563762],[75.53143536487387,14.949884939344319],[75.52664456589156,14.943098401183693],[75.56547591466436,14.94339157875534],[75.56523202112898,14.971406677500045],[75.60276031258938,14.95464365972753],[75.61183697639541,14.959251303334844],[75.60963756199666,14.973509827568765],[75.64126381700729,14.991553761113963]]]}},{"type":"Feature","properties":{"taluk":"Byadagi","districtId":31,"talukCode":"1105"},"geometry":{"type":"Polygon","coordinates":[[[75.55383740397485,14.783622569593543],[75.57549577098936,14.744667176391147],[75.60425861621319,14.715939579334453],[75.60453851367552,14.700338312121405],[75.55141605322153,14.70736821193383],[75.5442404100313,14.688927097485989],[75.51545259332188,14.68406900852704],[75.5355352314504,14.66288365361845],[75.53315287761163,14.618792293323374],[75.51911097593265,14.617409212061105],[75.50062974802279,14.587562908718361],[75.46011203497685,14.584138016281527],[75.45347601590534,14.604304238637225],[75.4392319136478,14.60791667513443],[75.4373170834821,14.591195982217396],[75.42347961206457,14.587853512552073],[75.4158184907518,14.608330957870479],[75.37946122453569,14.608564548496476],[75.37069861704671,14.605127019037907],[75.3733278055118,14.575028662656583],[75.34352558899192,14.57999203021283],[75.34353839996187,14.589815394641176],[75.32861281548273,14.592112489820517],[75.32054092228651,14.605040611352653],[75.29810894156216,14.605253390389496],[75.2805101017517,14.593675856386032],[75.2517129491211,14.611757662152627],[75.24760609312308,14.62935408223763],[75.25704825850183,14.631440206816482],[75.25177202197565,14.6425176230574],[75.28829314237286,14.652229295480414],[75.29371986704187,14.664577760100949],[75.31582983347766,14.66569123791471],[75.33533598710555,14.706122239414833],[75.35776069517117,14.708003053744408],[75.3596013105756,14.717476349276964],[75.38187376049508,14.716121405455667],[75.39895805191824,14.70174996173802],[75.40796280040654,14.710496477990265],[75.45295754934601,14.719794814950701],[75.44885680685505,14.76146211703687],[75.49729503232918,14.763673488461292],[75.50539005232065,14.77496397812982],[75.55383740397485,14.783622569593543]]]}},{"type":"Feature","properties":{"taluk":"Hirekerur","districtId":31,"talukCode":"1106"},"geometry":{"type":"Polygon","coordinates":[[[75.41621256935187,14.607148073687654],[75.42347961206457,14.587853512552073],[75.4373170834821,14.591195982217396],[75.4392319136478,14.60791667513443],[75.45347601590534,14.604304238637225],[75.46011203497685,14.584138016281527],[75.49012620998397,14.587253471784164],[75.4856400937138,14.563976337631662],[75.49796722623344,14.5447030166673],[75.4951551259594,14.533204934645276],[75.48523503158049,14.530727022774316],[75.47464668885313,14.495301317314064],[75.44518521443769,14.50450361643542],[75.44132426649237,14.483413949433105],[75.4568642529503,14.473809372041416],[75.4621552526712,14.450507821687268],[75.42006607412104,14.451990789285386],[75.42895538264975,14.43929279582062],[75.42562142283593,14.397426775345235],[75.43928440214235,14.393820166417182],[75.44805235731403,14.375823789848155],[75.43276922717344,14.377664288442283],[75.44609671438269,14.35472671111053],[75.44340765383609,14.337523905121676],[75.34939011879466,14.388696475125837],[75.3590142278775,14.409155684512346],[75.37768509085456,14.407371333529072],[75.38225305905772,14.433810890319693],[75.36480668078737,14.441531652022395],[75.35503604772393,14.428777524251563],[75.33912335682709,14.437437647255448],[75.34709641758444,14.456643121725953],[75.34037706916362,14.468628494050279],[75.3464287345788,14.485587023209288],[75.3287911500743,14.495259241558006],[75.32126139058805,14.512767547591936],[75.26722332789934,14.514338893148164],[75.26828867984968,14.52797175571866],[75.27947816047285,14.535023113807995],[75.28658958569851,14.529830557525242],[75.29757527244726,14.539789027207446],[75.2898450410012,14.556262941392509],[75.26538586523208,14.580902983444266],[75.24943678899128,14.58117603932058],[75.24131431398239,14.555664538653708],[75.23464823401689,14.555624513050775],[75.2228651247372,14.589264442034173],[75.22607230451085,14.609620397612021],[75.2441398532855,14.5981037081122],[75.26117256317634,14.606934915196463],[75.2805101017517,14.593675856386032],[75.29810894156216,14.605253390389496],[75.32054092228651,14.605040611352653],[75.32861281548273,14.592112489820517],[75.34353839996187,14.589815394641176],[75.34352558899192,14.57999203021283],[75.3733278055118,14.575028662656583],[75.37149737212543,14.607348686143807],[75.41621256935187,14.607148073687654]]]}},{"type":"Feature","properties":{"taluk":"Ranebennur","districtId":31,"talukCode":"1107"},"geometry":{"type":"Polygon","coordinates":[[[75.68002363030723,14.796710297843227],[75.69177261012668,14.783166176812584],[75.71545819139857,14.779899415731704],[75.72322355982875,14.770587342006355],[75.7042909216601,14.723948787699975],[75.71569632238634,14.718772517069358],[75.75540107487673,14.739602991880556],[75.76306310538348,14.733171969925436],[75.76391174548901,14.721605913560385],[75.74130240656596,14.700085431728608],[75.74153933896123,14.68461544948657],[75.76328799243672,14.675380958502167],[75.7988972508786,14.681911509621472],[75.79941796108012,14.666541607417225],[75.80854270723076,14.656976350001328],[75.80445292018689,14.598988314503101],[75.81963286264178,14.565658196586613],[75.79993776304376,14.542670331989463],[75.79637896029831,14.510532995588255],[75.77275857746889,14.518458614733888],[75.7577622693027,14.514805281096054],[75.7147635500463,14.47292304403628],[75.69951675009007,14.492734834223088],[75.68681756140373,14.491290712644854],[75.66206696837008,14.451516872153439],[75.66109181292923,14.460465075108393],[75.63660550542387,14.466521644178254],[75.63066571221282,14.445928756552922],[75.63749752257307,14.441719998994206],[75.63423387116927,14.43291309524155],[75.64398879736984,14.431176209740743],[75.63860408528839,14.405753257112607],[75.61021982650622,14.402870081119158],[75.60944694389163,14.411311584829546],[75.5951845153222,14.415341443877216],[75.60487520372055,14.454753774269312],[75.56951085801326,14.452873231793333],[75.5645514820889,14.47784030568719],[75.54933650780484,14.478554554038768],[75.55196614756625,14.501989148702764],[75.51605064725686,14.538792619056885],[75.49725202903883,14.538305681622525],[75.48580759024591,14.568578450880855],[75.49012620998397,14.587253471784164],[75.50062974802279,14.587562908718361],[75.51914371650211,14.617435557555782],[75.53315287761163,14.618792293323374],[75.5355352314504,14.66288365361845],[75.51545259332188,14.68406900852704],[75.5442404100313,14.688927097485989],[75.55141605322153,14.70736821193383],[75.60453851367552,14.700338312121405],[75.60425861621319,14.715939579334453],[75.5664498253989,14.764058432587175],[75.5754929451008,14.769744794253718],[75.60880059202981,14.766473141404445],[75.61328443471616,14.792539905704752],[75.6459010793083,14.794108703430028],[75.65151882930525,14.784374799043519],[75.66139668843898,14.799821325510338],[75.68002363030723,14.796710297843227]]]}},{"type":"Feature","properties":{"taluk":"Ratteehalli","districtId":31,"talukCode":"1108"},"geometry":{"type":"Polygon","coordinates":[[[75.51605064725686,14.538792619056885],[75.55196614756625,14.501989148702764],[75.54933650780484,14.478554554038768],[75.5645514820889,14.47784030568719],[75.56951085801326,14.452873231793333],[75.60487520372055,14.454753774269312],[75.5951845153222,14.415341443877216],[75.60944694389163,14.411311584829546],[75.61021982650622,14.402870081119158],[75.63860408528839,14.405753257112607],[75.6224338999818,14.345923372600286],[75.63446072875428,14.314828675680403],[75.6109434596499,14.315827410679185],[75.60350374886593,14.29306738288011],[75.58740657298485,14.288810076063825],[75.5805911064594,14.277302127961324],[75.53513865794575,14.277537128562678],[75.53373863580242,14.290322130024126],[75.50390539718327,14.307890520309615],[75.50111157847344,14.343721924881878],[75.48955201677592,14.347726244774163],[75.48789844753618,14.339149062286204],[75.47673379647989,14.345154488263736],[75.4773704591262,14.317783887990982],[75.45585454655415,14.327832651550997],[75.44340765383609,14.337523905121676],[75.44584752189827,14.355573449655122],[75.43275354671762,14.368892299520867],[75.43276922717344,14.377664288442283],[75.44751039040543,14.377204542432482],[75.43928440214235,14.393820166417182],[75.42562142283593,14.397426775345235],[75.42895538264975,14.43929279582062],[75.42105030676662,14.45438865027617],[75.4621552526712,14.450507821687268],[75.4568642529503,14.473809372041416],[75.44132426649237,14.483413949433105],[75.44518521443769,14.50450361643542],[75.47464668885313,14.495301317314064],[75.48523503158049,14.530727022774316],[75.51605064725686,14.538792619056885]]]}},{"type":"Feature","properties":{"taluk":"Hadagali","districtId":15,"talukCode":"1201"},"geometry":{"type":"Polygon","coordinates":[[[75.86553358567284,14.855051236430253],[75.85354469099785,14.863334371180263],[75.85599974730616,14.882302236633945],[75.84528134363556,14.890061427274434],[75.83283491630455,14.883164363024482],[75.82577758478985,14.899502652327383],[75.81631525719614,14.90004467914584],[75.80203854989793,14.869139094411521],[75.80923017891888,14.833271434655218],[75.8181863012451,14.834610530775084],[75.83289180810225,14.813565459125543],[75.8265467462292,14.780401721583535],[75.79748194696816,14.767913680561913],[75.77422020068705,14.789247037061353],[75.75649549647495,14.773923123828157],[75.75605182859823,14.740240528889684],[75.71569632238634,14.718772517069358],[75.70205538952082,14.728117763746809],[75.72193965881937,14.754301021131827],[75.72075002817208,14.775951902720482],[75.69177261012668,14.783166176812584],[75.66361382240781,14.803276626470195],[75.69057088591339,14.856781613368936],[75.71190984607092,14.852429605642294],[75.72239581804584,14.864132842690884],[75.73237688083992,14.863687549879398],[75.73917983242652,14.887067681222284],[75.72780835597852,14.897263455713244],[75.69674429816804,14.891334606338184],[75.68323829134862,14.93918221740137],[75.71733861207238,14.950757871244875],[75.7411981420412,14.944674660398913],[75.77894364427898,14.976988193390834],[75.78378005497447,14.999502354744733],[75.80909525751727,15.026297254301719],[75.83077669612828,15.02813420440362],[75.84768578232662,15.044622685749747],[75.87216552331617,15.034937066760595],[75.88407171241515,15.052818831830217],[75.90392125964263,15.055971544800684],[75.90827392852773,15.079076077844306],[75.88493148132484,15.10413049402338],[75.90653065103044,15.133093176874237],[75.92983080284729,15.140807073543158],[75.96019921125624,15.137517428547035],[75.98035146908373,15.151498103992298],[76.02476948065431,15.143178227624395],[76.02586402790371,15.092552360464277],[76.0140973459152,15.090583181801481],[76.01606926220273,15.068145166021797],[76.04012555961255,15.071104979924131],[76.03635389130726,15.019369184410182],[76.05766656344147,15.018824792507402],[76.06643581305843,14.98156730346055],[76.10951406346022,14.98420473078613],[76.10792085551502,14.930771444493926],[76.08396867322004,14.918912469679416],[76.12065498765668,14.920815696540084],[76.11502579914763,14.90592742170935],[76.12091601434328,14.908043744396421],[76.12047127378386,14.869586392624544],[76.07220615122824,14.867725412037395],[76.06461845282527,14.887345928034796],[76.08472345017773,14.912834665182839],[76.06834430191554,14.908673708642858],[76.05046163400736,14.917558144643566],[76.04452585613946,14.931328726848138],[76.01092383080825,14.896762193590114],[76.0109765112522,14.905507890558331],[75.99816082725964,14.897522734548165],[75.98514368754347,14.907984369980696],[75.97504681700865,14.900271823086571],[75.96358040275263,14.90812581446517],[75.96590989702938,14.901381564390572],[75.9400574065613,14.90008577887348],[75.88695773122782,14.86840061828953],[75.86908220255707,14.866427923989006],[75.86553358567284,14.855051236430253]]]}},{"type":"Feature","properties":{"taluk":"Hagaribommanahalli","districtId":15,"talukCode":"1202"},"geometry":{"type":"Polygon","coordinates":[[[76.33336773642075,15.259750579262633],[76.36202987116503,15.247077936439482],[76.35799442878167,15.240857431270255],[76.34950808852697,15.247305600177956],[76.34571274880997,15.246976633315732],[76.35582890681414,15.240798691245043],[76.36195500224702,15.211655915055006],[76.33620261169021,15.20681646793343],[76.33256995281648,15.164763251132014],[76.32719686097815,15.167436159219116],[76.32421437619756,15.152446153305657],[76.30992182364628,15.150217169607384],[76.31999384959339,15.123681592986806],[76.31636752527334,15.104984106042227],[76.34434547886842,15.119042940410854],[76.3516585573448,15.093720845350573],[76.33592385760025,15.074943437786073],[76.31701387656703,15.07587141558122],[76.31627559255234,15.05033262069497],[76.31017264579181,15.046263626676073],[76.36466247473349,14.991050074269161],[76.35767840842081,14.973726121450321],[76.32899730166636,14.968919142736247],[76.32914138298354,14.948046997002107],[76.31905039547253,14.93338146295426],[76.28669548595056,14.938094668222371],[76.26577147290556,14.913599919437784],[76.2465647977106,14.916314474261833],[76.21945170514566,14.939301851516333],[76.20627276296935,14.938165893972988],[76.18659819442682,14.960093804133832],[76.14256724461676,14.954055849908785],[76.12574302562788,14.94464191506982],[76.12456918566777,14.933283093281434],[76.10862486399874,14.933838870465786],[76.10951406346022,14.98420473078613],[76.06643581305843,14.98156730346055],[76.05766656344147,15.018824792507402],[76.03635389130726,15.019369184410182],[76.04012555961255,15.071104979924131],[76.01606926220273,15.068145166021797],[76.0140973459152,15.090583181801481],[76.02586402790371,15.092552360464277],[76.02476948065431,15.143178227624395],[76.0949287403906,15.163017657782378],[76.1166565509603,15.201330684509065],[76.15714266516234,15.197252453146053],[76.15831399406164,15.212890675314641],[76.1875520008192,15.235433545196063],[76.23046555648843,15.231236523953353],[76.21888676133153,15.197502439263987],[76.23097656815787,15.188612929927386],[76.24616315187448,15.189943455917511],[76.25850858859174,15.206678630315265],[76.26946833499242,15.207158790817818],[76.31559130002894,15.249914418523087],[76.32753708409427,15.257741086213231],[76.33682062373592,15.253575593387621],[76.33336773642075,15.259750579262633]]]}},{"type":"Feature","properties":{"taluk":"Siraguppa","districtId":15,"talukCode":"1204"},"geometry":{"type":"Polygon","coordinates":[[[77.03642480669419,15.828981090136304],[77.06630551735289,15.826470779980685],[77.06623772393834,15.784817157521578],[77.06024495393146,15.786323034547102],[77.05075480531254,15.76401039105881],[77.05442190933121,15.756520161201598],[77.0478166192096,15.756238348710886],[77.04920879472373,15.729968822420924],[77.0801041363106,15.72747383591568],[77.07901826733593,15.716051930256036],[77.0879453484783,15.714730320958274],[77.07868646823779,15.695100892738585],[77.1283362388469,15.66587485016602],[77.12142878123555,15.630947399488726],[77.08296170802959,15.658914058353274],[77.07121260555107,15.645482316997485],[77.03145739427843,15.635104043521439],[77.0300817563842,15.502736673217884],[76.9744288183675,15.51060355696405],[76.9765683387423,15.490711575143576],[76.99815218605616,15.47757512114595],[77.01003223630826,15.44983669406673],[77.03460679491143,15.431682542471696],[77.02883889761492,15.405481012407234],[77.0449710891405,15.393653881578725],[77.04426943235842,15.377427247779062],[77.00657189833035,15.371097589724643],[76.98759332940533,15.379328864060922],[76.96554861195511,15.357491566941249],[76.93827408715525,15.357140694045274],[76.93066073229446,15.38637913530402],[76.90968859815393,15.385754149892495],[76.89284698360511,15.374839363900731],[76.87998995971341,15.387649828800924],[76.84959863824511,15.388523388717294],[76.8476093914084,15.402107212640589],[76.83027404313603,15.402562289467463],[76.83065389379654,15.410252173389251],[76.82070511422131,15.414051238760699],[76.80829270739318,15.413929567660356],[76.80060408297349,15.403425202847465],[76.79908604376187,15.412474254487035],[76.75816645485313,15.41656799295142],[76.75655491157472,15.44235658091513],[76.71299258844107,15.442205846177583],[76.69375540768131,15.478640774403297],[76.72391053426688,15.492844225093833],[76.78224309803115,15.493289381946479],[76.81048371679732,15.514474358083849],[76.81239300586073,15.546543249785664],[76.83403453815384,15.566421940286657],[76.83198880019806,15.624030115289097],[76.8590898483158,15.64477005079128],[76.88767946729472,15.684997870015703],[76.90858030218084,15.693238639945697],[76.94038973638818,15.761754032963312],[76.9631485271951,15.773990944288288],[77.02442325254886,15.837639936367836],[77.03642480669419,15.828981090136304]]]}},{"type":"Feature","properties":{"taluk":"Ballari","districtId":15,"talukCode":"1205"},"geometry":{"type":"Polygon","coordinates":[[[76.99201542256272,15.373554970682397],[77.04426943235842,15.377427247779062],[77.04416513965316,15.357848216198807],[77.06388654098207,15.345065946801864],[77.06412995605203,15.327539627058771],[77.11352691178857,15.333635293012405],[77.11789127950435,15.294384765726917],[77.15177322896176,15.291956277348161],[77.14745468858061,15.272268782682909],[77.16790077921428,15.26790353976071],[77.16801807546501,15.25773734825928],[77.14399623470426,15.256760716005164],[77.13569759234316,15.241582435493369],[77.12622236778925,15.240335514602934],[77.12478471216332,15.22724756350962],[77.14737702631375,15.224720217234001],[77.1662305019126,15.188289826057275],[77.16258427241956,15.157823570540272],[77.14103507669489,15.158990398244793],[77.13450898197259,15.148459226152564],[77.15692958620274,15.140602797950518],[77.15632866685311,15.1231228300966],[77.12977191909921,15.101015392106229],[77.11300531362123,15.033374341064484],[77.0851780934407,15.030862940611687],[77.082746796472,15.005603770505914],[77.0442362447602,15.009223102014706],[77.04935005277947,15.033007740741263],[77.00399518906288,15.034189757060602],[76.9862441342286,15.02644442611983],[76.98549613134806,15.015511898397294],[76.91804433416421,15.036178285068862],[76.87728106676758,15.031168911972035],[76.86127196362166,15.06022559071542],[76.86474396127024,15.071263932168389],[76.8544673173095,15.080032376372369],[76.8672757903361,15.087861646077801],[76.87594613051277,15.083750684814694],[76.8731253232233,15.08986968519972],[76.85682548958343,15.09497178607074],[76.85786886841618,15.086937119573758],[76.8482311163173,15.083044674400325],[76.81431160999784,15.103670058651462],[76.79686859540884,15.104986678660998],[76.80053652200431,15.11059797466488],[76.78620769180522,15.12591130945576],[76.78246147462815,15.118470555729386],[76.77640175670933,15.126846181946181],[76.7658417359572,15.121378722754816],[76.75049275408631,15.137556670151293],[76.7623970145271,15.166145555413568],[76.7515770973685,15.156469184708683],[76.72329420880044,15.169433638911368],[76.709282770719,15.199740965546688],[76.73204725425954,15.21574167198841],[76.72705428431786,15.236229515094346],[76.74631652913968,15.241504273022315],[76.7472919023167,15.252590922714477],[76.80950543331443,15.246328712996046],[76.7861622784574,15.174341370743214],[76.80039231074691,15.165329835027315],[76.8229048176687,15.1673654541842],[76.83033141335207,15.198598303923182],[76.8221715051333,15.199112640666975],[76.83615762521,15.242805557704086],[76.87422047984764,15.234191194136478],[76.87172087406456,15.22355050890787],[76.88863670395116,15.219802159715602],[76.90855252501237,15.221306903245004],[76.93269495399986,15.247067255563184],[76.95016918465635,15.247964490075649],[76.94198908228985,15.275685873284532],[76.94890538134979,15.285237490915227],[76.98008373000079,15.29391337666364],[76.97812885881726,15.315392129981875],[76.98477778528549,15.31925724582813],[76.9703410349742,15.327346794584303],[76.94080106066487,15.317540672776676],[76.93810650616636,15.357210099298177],[76.96554861195511,15.357491566941249],[76.9787968838165,15.37582309493842],[76.99109886648164,15.379148019477526],[76.99201542256272,15.373554970682397]]]}},{"type":"Feature","properties":{"taluk":"Sonduru","districtId":15,"talukCode":"1206"},"geometry":{"type":"Polygon","coordinates":[[[76.6878550009912,15.27607276556275],[76.68904825888647,15.26143545425642],[76.70264436505272,15.261909973844972],[76.70917366272162,15.245311436450976],[76.69604561379316,15.234472170619856],[76.69144653429613,15.218264937645955],[76.72329420880044,15.169433638911368],[76.7515770973685,15.156469184708683],[76.7623970145271,15.166145555413568],[76.75049275408631,15.137556670151293],[76.75633037707094,15.13018051398035],[76.76860146651441,15.120102136693129],[76.77423136318184,15.127108603048535],[76.78246147462815,15.118470555729386],[76.78620769180522,15.12591130945576],[76.80053652200431,15.11059797466488],[76.79686859540884,15.104986678660998],[76.81431160999784,15.103670058651462],[76.8482311163173,15.083044674400325],[76.85786886841618,15.086937119573758],[76.85444416969698,15.091891010971539],[76.85682548958343,15.09497178607074],[76.86963304842014,15.092127537209604],[76.87594613051277,15.083750684814694],[76.8672757903361,15.087861646077801],[76.85510244256874,15.081016831521323],[76.86474396127024,15.071263932168389],[76.86154466619467,15.062355272162565],[76.80159058981033,15.095478651135533],[76.78715390841687,15.08738832177703],[76.77327333475385,15.061468621386897],[76.78604409675387,15.037175701653714],[76.78804231082191,15.009836660539014],[76.77851822434938,15.006707393544149],[76.77215812099016,14.990574922209268],[76.7538971086399,14.98417330663706],[76.73423403777588,14.985368998622224],[76.7280310661865,14.997494844571724],[76.73273651723353,15.032006924555157],[76.70359200252588,15.033078601097168],[76.70166082338972,15.016623747234087],[76.68583893078566,15.01843270424808],[76.68746935350522,15.025052073668608],[76.67232291985779,15.020142816159032],[76.68960852057384,14.978155284266832],[76.71228362397629,14.974991875566502],[76.7170903287951,14.967373413896924],[76.7146865240667,14.94232627771464],[76.70610565377805,14.942640424308031],[76.70678790778625,14.931086271708518],[76.69862064964359,14.927458674306598],[76.6594410342861,14.942108204019242],[76.66616135109534,14.91655612565112],[76.6775316586388,14.911426956580256],[76.67758121721785,14.894682191673324],[76.63755485554049,14.895022393702586],[76.63257053747922,14.883126039341445],[76.59432506319445,14.881626512857952],[76.58603125693281,14.859234434893928],[76.56981026335343,14.867621469757474],[76.56562896424944,14.880248675007413],[76.54196917265422,14.881310213598821],[76.52993408546821,14.874772332779365],[76.53395418114782,14.871073785357842],[76.49851039174325,14.86893169410353],[76.49475682828412,14.859637057750387],[76.4813814562975,14.85904243179186],[76.47795254429866,14.882551155750422],[76.46565066546442,14.875606179687713],[76.45788332804946,14.883182080805016],[76.45250651920762,14.912257741771734],[76.47061794804077,14.927405779807058],[76.453211423903,14.926868189998428],[76.43520188455916,14.937087396162728],[76.42697121027597,14.931079599457364],[76.39803223183434,14.932851628910461],[76.40703322959843,14.952071275430312],[76.37516988279691,14.957138610667958],[76.37673595709458,14.983656303401363],[76.36126957756464,14.986020524144143],[76.36116965522476,14.995581518525986],[76.37764409991077,15.005917387266274],[76.37722847390432,15.021599460766721],[76.4060022680757,15.029724284145033],[76.3935946451516,15.063519041664405],[76.41104931305608,15.060788755591116],[76.43167961546735,15.042166264868934],[76.45207423980233,15.038729770317111],[76.46439244356279,15.048026046903054],[76.47468542423567,15.042038460071709],[76.47283893754455,15.057491137363593],[76.44928069813358,15.086749900904579],[76.44688051926946,15.10668458814535],[76.43523871836281,15.10771420584184],[76.44103777065894,15.122325083206201],[76.42010753332691,15.118215047221499],[76.39754747109262,15.125963565182632],[76.42327649902423,15.137839720339754],[76.41206525843222,15.142429624587798],[76.40497606794118,15.159917839729681],[76.41765820652667,15.165872222598745],[76.37915523128997,15.218167420942727],[76.35894610403652,15.232146110552273],[76.35943866053553,15.241109364767212],[76.3627906568775,15.24577862878235],[76.37581009993609,15.238584550220345],[76.37338226492564,15.23052916070301],[76.38553786727294,15.221327158070377],[76.40013816263031,15.223818551006868],[76.4088406043945,15.20831142912516],[76.42147562071305,15.206428088591002],[76.42044102494191,15.21819179318648],[76.41394733112003,15.21753993672785],[76.40070880770912,15.228546512251256],[76.40765229898373,15.234426789707573],[76.36947215605383,15.251897644289205],[76.37859754467996,15.256584756939757],[76.3818583112274,15.246486726724472],[76.40731187448839,15.236105936725725],[76.41591435359621,15.245592109061693],[76.4029206956658,15.267237144950371],[76.4288407218373,15.27585513970137],[76.42374267195936,15.245381333274294],[76.43358737026128,15.243801125433333],[76.4326797053705,15.232236314065453],[76.44906626486065,15.219361259898024],[76.46371152398986,15.224850477868184],[76.49279291653609,15.212817095532818],[76.48117669243432,15.191843675483714],[76.48979332528656,15.183023572328244],[76.5011077402985,15.192704517274633],[76.5330420300369,15.195874038566735],[76.53898961657049,15.186700997173338],[76.55471966655377,15.215038118557716],[76.54431099634215,15.223378101753854],[76.56306643911039,15.221302275454823],[76.56174081987302,15.214372842675806],[76.57761452441633,15.20738776007065],[76.56335906270976,15.205559247815648],[76.5734629244007,15.192866602939672],[76.60351275746795,15.19509175306364],[76.6152126704314,15.200294143365326],[76.62852292275066,15.229951952358721],[76.64195920073455,15.239123094888932],[76.63162442726615,15.260350341361042],[76.65660605722711,15.262837006345752],[76.6547171012703,15.274076723759572],[76.6878550009912,15.27607276556275]]]}},{"type":"Feature","properties":{"taluk":"Kudligi","districtId":15,"talukCode":"1207"},"geometry":{"type":"Polygon","coordinates":[[[76.36409159479193,14.985587881536743],[76.37673595709458,14.983656303401363],[76.37516988279691,14.957138610667958],[76.40703322959843,14.952071275430312],[76.39803223183434,14.932851628910461],[76.42697121027597,14.931079599457364],[76.43520188455916,14.937087396162728],[76.453211423903,14.926868189998428],[76.47061794804077,14.927405779807058],[76.45250651920762,14.912257741771734],[76.45788332804946,14.883182080805016],[76.46565066546442,14.875606179687713],[76.47795254429866,14.882551155750422],[76.4813814562975,14.85904243179186],[76.49475682828412,14.859637057750387],[76.49851039174325,14.86893169410353],[76.53395418114782,14.871073785357842],[76.52993408546821,14.874772332779365],[76.54196917265422,14.881310213598821],[76.56562896424944,14.880248675007413],[76.56981026335343,14.867621469757474],[76.58603125693281,14.859234434893928],[76.59432506319445,14.881626512857952],[76.63257053747922,14.883126039341445],[76.63755485554049,14.895022393702586],[76.67520696489873,14.896231329679997],[76.67766797847928,14.887760635510247],[76.6977362599632,14.890690664266696],[76.71227896920924,14.867561657034788],[76.71180208538019,14.837447899199155],[76.74044556356289,14.825583202935055],[76.74003044985287,14.815229078240229],[76.70517438392083,14.81749773953527],[76.68223420386006,14.808139918060515],[76.6683379613171,14.79148360971208],[76.67362382294112,14.787840495035946],[76.66702024803942,14.7751013893855],[76.64874661724795,14.755442012514019],[76.65101715021454,14.726364818835195],[76.64460005365139,14.713067066074606],[76.60792500477267,14.686988688012036],[76.61056889828636,14.668481288611352],[76.59822729351585,14.669867356523122],[76.59757647859952,14.653786137798244],[76.61242471683337,14.648360758290814],[76.59806024715506,14.632085765194521],[76.60072157378988,14.620879471333529],[76.58570526718385,14.618182513638065],[76.56708852114298,14.58670266878927],[76.53504174770038,14.561468527622472],[76.51034663167589,14.560447125372043],[76.42370379831958,14.580920131889819],[76.43294075473072,14.617969638138579],[76.39365429572348,14.626765364556634],[76.39017800781446,14.648276801015593],[76.37507815399411,14.646318143446026],[76.37971938338451,14.661991667281162],[76.39760429414402,14.66032383681843],[76.39743890507198,14.668590288884607],[76.38599303423045,14.669605777843568],[76.39367072073595,14.684527707699646],[76.38361048919847,14.731359383139688],[76.36145194352792,14.719206567706388],[76.32904528466182,14.735805949103417],[76.33168383136251,14.751601983166696],[76.32410268036784,14.762065271910723],[76.33416689170153,14.760818602271728],[76.34107248537757,14.788045829922213],[76.33316454711687,14.790353030509724],[76.34560964834391,14.814929915517375],[76.31904911570065,14.819905481384293],[76.33928762085041,14.839283774824152],[76.34266927784282,14.879960841317558],[76.33453221873435,14.892513429115018],[76.33021060613831,14.887678646389007],[76.3189978689103,14.89469632914158],[76.31753322438084,14.905577158910752],[76.30438762629775,14.910311988442269],[76.29465972726369,14.894170292677948],[76.28368449674487,14.893911961436148],[76.2692111089327,14.913464371860446],[76.28669548595056,14.938094668222371],[76.31905039547253,14.93338146295426],[76.32914138298354,14.948046997002107],[76.32899730166636,14.968919142736247],[76.35767840842081,14.973726121450321],[76.36409159479193,14.985587881536743]]]}},{"type":"Feature","properties":{"taluk":"Kurugodu","districtId":15,"talukCode":"1208"},"geometry":{"type":"Polygon","coordinates":[[[76.75164280350683,15.416908077897844],[76.79908604376187,15.412474254487035],[76.80060408297349,15.403425202847465],[76.80829270739318,15.413929567660356],[76.82115684129235,15.413907834585617],[76.83065389379654,15.410252173389251],[76.83027404313603,15.402562289467463],[76.8476093914084,15.402107212640589],[76.84959863824511,15.388523388717294],[76.87998995971341,15.387649828800924],[76.89284698360511,15.374839363900731],[76.90968859815393,15.385754149892495],[76.93066073229446,15.38637913530402],[76.94080106066487,15.317540672776676],[76.9703410349742,15.327346794584303],[76.98477778528549,15.31925724582813],[76.97812885881726,15.315392129981875],[76.98008373000079,15.29391337666364],[76.94890538134979,15.285237490915227],[76.94198908228985,15.275685873284532],[76.95016918465635,15.247964490075649],[76.93269495399986,15.247067255563184],[76.90855252501237,15.221306903245004],[76.88109206158538,15.220062904146939],[76.87172087406456,15.22355050890787],[76.87422047984764,15.234191194136478],[76.83615762521,15.242805557704086],[76.8221715051333,15.199112640666975],[76.83033141335207,15.198598303923182],[76.8229048176687,15.1673654541842],[76.80039231074691,15.165329835027315],[76.7861622784574,15.174341370743214],[76.80950543331443,15.246328712996046],[76.7472919023167,15.252590922714477],[76.74631652913968,15.241504273022315],[76.72705428431786,15.236229515094346],[76.73204725425954,15.21574167198841],[76.70928574609388,15.199738885988333],[76.69144653429613,15.218264937645955],[76.69939445063793,15.239414989869898],[76.71083518477322,15.246154882709767],[76.71645819083612,15.290489224055163],[76.75682307113398,15.289952657286298],[76.75575438272338,15.31083016189305],[76.71899249230808,15.309869852318547],[76.72132994975124,15.325062505456414],[76.70129683572853,15.32444594231625],[76.69699218669189,15.35000075684893],[76.71424732396974,15.363783892418711],[76.7472712065121,15.365773336812929],[76.75164280350683,15.416908077897844]]]}},{"type":"Feature","properties":{"taluk":"Kotturu","districtId":15,"talukCode":"1209"},"geometry":{"type":"Polygon","coordinates":[[[76.18659819442682,14.960093804133832],[76.20627276296935,14.938165893972988],[76.21945170514566,14.939301851516333],[76.2465647977106,14.916314474261833],[76.27004698711859,14.915382422221635],[76.28368449674487,14.893911961436148],[76.29465972726369,14.894170292677948],[76.30438762629775,14.910311988442269],[76.31753322438084,14.905577158910752],[76.32326766640509,14.891326927702972],[76.33590640051453,14.891233871438999],[76.3439701684982,14.85535795361902],[76.33928762085041,14.839283774824152],[76.31904911570065,14.819905481384293],[76.34560964834391,14.814929915517375],[76.33316454711687,14.790353030509724],[76.34107248537757,14.788045829922213],[76.33416689170153,14.760818602271728],[76.32410268036784,14.762065271910723],[76.33168383136251,14.751601983166696],[76.3259942569831,14.745047434705718],[76.32904528466182,14.735805949103417],[76.35981873775023,14.71938533418696],[76.38361048919847,14.731359383139688],[76.39367072073595,14.684527707699646],[76.38599303423045,14.669605777843568],[76.39784007392844,14.668251987440108],[76.39632803926438,14.656997142176984],[76.34284158482089,14.665724132082314],[76.33781626865387,14.685999978960453],[76.32497542928718,14.69120145647551],[76.27942583451868,14.685051580045137],[76.25683930391237,14.700989806347769],[76.24621648860439,14.693838622158365],[76.23047236109385,14.649235408523978],[76.19347058476103,14.681440055233407],[76.19359143094891,14.697746523471565],[76.18410437634097,14.700868492560794],[76.1875515074854,14.722302220143126],[76.19749426884262,14.724861818033554],[76.2006234396687,14.753112179955009],[76.19228298999847,14.768264005375366],[76.1807523540344,14.764048328532269],[76.16868788565168,14.785186469303373],[76.14922021501661,14.784151499951774],[76.14223087527878,14.80457446073676],[76.14639802393621,14.823067168258508],[76.15779132872342,14.829239144882372],[76.1946903084958,14.821075088809103],[76.19095125109114,14.846560956840841],[76.15733464168287,14.847419277702256],[76.15531997970179,14.862375015904624],[76.13011579827935,14.861296119946346],[76.13095526140272,14.868262841281586],[76.12047127378386,14.869586392624544],[76.12091601434328,14.908043744396421],[76.11502579914763,14.90592742170935],[76.12065498765668,14.920815696540084],[76.08396867322004,14.918912469679416],[76.10789238813948,14.933740462805268],[76.12456918566777,14.933283093281434],[76.12574302562788,14.94464191506982],[76.14256724461676,14.954055849908785],[76.18659819442682,14.960093804133832]]]}},{"type":"Feature","properties":{"taluk":"Harapanahalli","districtId":15,"talukCode":"1211"},"geometry":{"type":"Polygon","coordinates":[[[75.8649334129932,14.855300823296288],[75.86908220255707,14.866427923989006],[75.88695773122782,14.86840061828953],[75.9400574065613,14.90008577887348],[75.96590989702938,14.901381564390572],[75.96358040275263,14.90812581446517],[75.97504681700865,14.900271823086571],[75.98514368754347,14.907984369980696],[75.99816082725964,14.897522734548165],[76.0109765112522,14.905507890558331],[76.01092383080825,14.896762193590114],[76.04452585613946,14.931328726848138],[76.05046163400736,14.917558144643566],[76.06834430191554,14.908673708642858],[76.08472345017773,14.912834665182839],[76.06461845282527,14.887345928034796],[76.07220615122824,14.867725412037395],[76.12611898374028,14.870210745884753],[76.13011579827935,14.861296119946346],[76.15531997970179,14.862375015904624],[76.15733464168287,14.847419277702256],[76.19095125109114,14.846560956840841],[76.1946903084958,14.821075088809103],[76.15779132872342,14.829239144882372],[76.14639802393621,14.823067168258508],[76.14228947108869,14.803044561137247],[76.14922021501661,14.784151499951774],[76.16868788565168,14.785186469303373],[76.1807523540344,14.764048328532269],[76.19228298999847,14.768264005375366],[76.2006234396687,14.753112179955009],[76.19749426884262,14.724861818033554],[76.1875515074854,14.722302220143126],[76.18384779670295,14.699695991731282],[76.145449792484,14.705234419887988],[76.13947514721585,14.6986335566302],[76.12118814240348,14.699855019327204],[76.10947965879552,14.686488681165331],[76.1080038648959,14.65986351852907],[76.1294374921121,14.649382136080215],[76.13116077212898,14.630402413332062],[76.14232372944697,14.628031391231854],[76.14608933552493,14.614904812399232],[76.14012710632899,14.614283722599362],[76.12743086370575,14.575619449248414],[76.11526451740566,14.568069387032754],[76.13349196921331,14.540815757709298],[76.12880575314368,14.527048288614212],[76.09716500684793,14.523574624406791],[76.05273100136715,14.505451568045002],[76.02768096585696,14.524384016542914],[76.00610800652932,14.517622202569425],[75.94684591007771,14.523769939543412],[75.93933450403053,14.560427936734014],[75.91024102072568,14.562923624073186],[75.90878566651308,14.574223454422272],[75.86834370982643,14.593725989826217],[75.86611420568575,14.616151309997399],[75.85475593916134,14.607216547553987],[75.83219052351339,14.607280347293345],[75.83572180214595,14.633702782896833],[75.80767874605003,14.63595177321412],[75.7988972508786,14.681911509621472],[75.76328799243672,14.675380958502167],[75.74153933896123,14.68461544948657],[75.74130240656596,14.700085431728608],[75.76443294694286,14.723253259727874],[75.75540107487673,14.739602991880556],[75.75649549647495,14.773923123828157],[75.77422020068705,14.789247037061353],[75.79748194696816,14.767913680561913],[75.82405588574302,14.77727467764526],[75.83218836893928,14.793874181078818],[75.83289180810225,14.813565459125543],[75.80593346139521,14.840276244661615],[75.8108806340124,14.844846591489658],[75.80190038214938,14.874766085383184],[75.81631525719614,14.90004467914584],[75.82577758478985,14.899502652327383],[75.83283491630455,14.883164363024482],[75.84528134363556,14.890061427274434],[75.85599974730616,14.882302236633945],[75.85354469099785,14.863334371180263],[75.8649334129932,14.855300823296288]]]}},{"type":"Feature","properties":{"taluk":"Molakalmuru","districtId":25,"talukCode":"1301"},"geometry":{"type":"Polygon","coordinates":[[[76.70359200252588,15.033078601097168],[76.73488440906264,15.026810671072663],[76.72720318013862,15.000067917007408],[76.73423403777588,14.985368998622224],[76.75994945726877,14.989340624620294],[76.76640071675374,14.974613281731454],[76.81800587156658,14.969304523808228],[76.82840059521288,14.956071101931876],[76.84129644238692,14.966265642523933],[76.86687022353097,14.969563701112078],[76.86386972024697,14.895383999329116],[76.8472973011535,14.89631624735633],[76.84540386676808,14.889767417590985],[76.85699332945424,14.868877059827026],[76.85438179180136,14.840980983190244],[76.84251520198058,14.836227779715214],[76.8543081212439,14.809905116539754],[76.83751946299536,14.81082308507118],[76.83732087072849,14.791214017758357],[76.78293713901986,14.786490800787556],[76.79439801122528,14.746028079825704],[76.78645258422775,14.698240463874983],[76.77081264693786,14.675308479153399],[76.76576079871272,14.606259170438774],[76.75482696716878,14.605582577900384],[76.75300098246522,14.598423280665628],[76.7291148528832,14.605185422676081],[76.72495242824024,14.59310436960699],[76.69536792089875,14.58094831992061],[76.67977697343697,14.58453236358437],[76.67197514022274,14.577091449966828],[76.63378128900138,14.572695150339625],[76.62622458244634,14.585860413920292],[76.62713727914799,14.615092047074704],[76.60461262642804,14.620031725681878],[76.59756126622679,14.630052041974103],[76.61242471683337,14.648360758290814],[76.59757647859952,14.653786137798244],[76.59822729351585,14.669867356523122],[76.61056889828636,14.668481288611352],[76.60792500477267,14.686988688012036],[76.64460005365139,14.713067066074606],[76.65101715021454,14.726364818835195],[76.64874661724795,14.755442012514019],[76.68223420386006,14.808139918060515],[76.70517438392083,14.81749773953527],[76.7346267668087,14.813205888796006],[76.74118298505385,14.818853568796195],[76.74038809729603,14.825636408809562],[76.71180208538019,14.837447899199155],[76.71360226210086,14.864847096712843],[76.6977362599632,14.890690664266696],[76.67766797847928,14.887760635510247],[76.6775316586388,14.911426956580256],[76.66616135109534,14.91655612565112],[76.6594410342861,14.942108204019242],[76.69591834636167,14.926785867854194],[76.70678790778625,14.931086271708518],[76.70610565377805,14.942640424308031],[76.71318998092225,14.93924265210358],[76.71602837619038,14.972837805592002],[76.68960852057384,14.978155284266832],[76.67152054226713,15.019320580687525],[76.68746935350522,15.025052073668608],[76.68583893078566,15.01843270424808],[76.70166082338972,15.016623747234087],[76.70359200252588,15.033078601097168]]]}},{"type":"Feature","properties":{"taluk":"Challakere","districtId":25,"talukCode":"1302"},"geometry":{"type":"Polygon","coordinates":[[[76.60013090243308,14.625728234715512],[76.62713727914799,14.615092047074704],[76.62622458244634,14.585860413920292],[76.63378128900138,14.572695150339625],[76.67197514022274,14.577091449966828],[76.67977697343697,14.58453236358437],[76.69536792089875,14.58094831992061],[76.72495242824024,14.59310436960699],[76.7291148528832,14.605185422676081],[76.75300098246522,14.598423280665628],[76.75482696716878,14.605582577900384],[76.7656219925248,14.606303586213295],[76.78152072752385,14.5966853523272],[76.7914507468544,14.554242844752407],[76.80668255345505,14.531900745331884],[76.83149787068419,14.529406231093132],[76.8556256460675,14.509220278004017],[76.8687762473047,14.474470019218368],[76.90450038817961,14.48967544336346],[76.97495319483318,14.485230581717012],[76.96010612857309,14.45091206839191],[76.94490444440824,14.451468669860532],[76.94273104428247,14.39967993614531],[76.91557430433673,14.420980426786162],[76.8985331454817,14.39811630862773],[76.88475665286232,14.395359147763907],[76.88482373554191,14.347499294252643],[76.90334651151444,14.322842995194513],[76.94507750085215,14.312624121145147],[76.95641102981826,14.294457015987117],[76.92470447682445,14.27407339805287],[76.94004202186102,14.244242128152345],[76.98558094688075,14.247428962853036],[77.00560357146071,14.235773013142662],[76.99891643326173,14.229032288643555],[77.00676904865263,14.218999495337773],[77.00243791100894,14.198477682100965],[77.02413998692388,14.186822979477084],[77.02243530533259,14.177280151695804],[77.00490369483865,14.184224603439386],[76.99461365272835,14.178626628939314],[76.96256219366423,14.181927532135468],[76.94666519635837,14.198045947490296],[76.9425293122757,14.173244193028404],[76.91962859054007,14.164111252211411],[76.89478127502197,14.167659178813684],[76.88670204925018,14.137878751694428],[76.87931163821985,14.147595474016766],[76.83299867655207,14.150167725698235],[76.80323758740545,14.166213347693573],[76.78825106048888,14.155764725842053],[76.78635771790204,14.112515920382037],[76.76471922586192,14.099915794079271],[76.75219698324857,14.071171971354405],[76.74029107587474,14.072496090693631],[76.73822612666586,14.118167226822841],[76.71698347430848,14.11130516291517],[76.68780974193751,14.119380301641586],[76.6867933697549,14.141872905591699],[76.64200422927789,14.141872779082965],[76.63998335948655,14.188838433979168],[76.61333432891941,14.18117169387603],[76.60439558980615,14.203762145404989],[76.58138118491658,14.202885557695643],[76.58151482302728,14.220541740918772],[76.56321443128355,14.223012903189366],[76.56743692251976,14.244496411070841],[76.5460942676046,14.24497915119337],[76.53460879082256,14.290672768488808],[76.52587515504506,14.289146705997943],[76.51839638552052,14.29937669426192],[76.51593505652204,14.31167599131534],[76.52595466031435,14.314578432484621],[76.52465883663918,14.323583699555153],[76.53980146457519,14.324188052973597],[76.53366979281333,14.382533700680323],[76.49767247764966,14.38371852663397],[76.47243431990606,14.36900151860905],[76.46288691809522,14.370828535856502],[76.45526163622854,14.388575952108605],[76.49544540640619,14.411474324239109],[76.48736306265565,14.431753739510874],[76.4632938657097,14.439899523963211],[76.45516026159856,14.469867309057411],[76.46114999400112,14.504850921519706],[76.48441670752185,14.504913192619039],[76.5082498266505,14.516269270784607],[76.5338757789129,14.540017341832343],[76.51034663167589,14.560447125372043],[76.54146397686763,14.56604269145567],[76.56708852114298,14.58670266878927],[76.58570526718385,14.618182513638065],[76.60013090243308,14.625728234715512]]]}},{"type":"Feature","properties":{"taluk":"chitradurga","districtId":25,"talukCode":"1303"},"geometry":{"type":"Polygon","coordinates":[[[76.17459004738656,14.462421864730368],[76.20845140082491,14.456288599222226],[76.21881430139977,14.441945229911784],[76.2383861235383,14.450457610741672],[76.26008586599883,14.444458097610408],[76.26417923393667,14.424832220617258],[76.28187168118826,14.404597018446196],[76.33130926769675,14.408475430041841],[76.33788610093212,14.41932697449556],[76.38392003807144,14.419245644392527],[76.39564282324231,14.436248882337255],[76.42404590405278,14.438114140003186],[76.42391741684118,14.449467520653306],[76.46011223825982,14.45026429642527],[76.46753904869661,14.434340187538545],[76.48736306265565,14.431753739510874],[76.49544540640619,14.411474324239109],[76.48869355463636,14.401898676321538],[76.45526163622854,14.388575952108605],[76.46288691809522,14.370828535856502],[76.47243431990606,14.36900151860905],[76.49767247764966,14.38371852663397],[76.53366979281333,14.382533700680323],[76.53980146457519,14.324188052973597],[76.52480054707009,14.323728977087068],[76.52595466031435,14.314578432484621],[76.51593505652204,14.31167599131534],[76.52587515504506,14.289146705997943],[76.53460879082256,14.290672768488808],[76.54587474936288,14.24526927749627],[76.56743692251976,14.244496411070841],[76.56321443128355,14.223012903189366],[76.58151482302728,14.220541740918772],[76.57657273855679,14.159354290662298],[76.56672957573228,14.148247531884378],[76.50496272696002,14.145359112472097],[76.50365696766474,14.162613611691018],[76.45050058490548,14.158725051527302],[76.44823353887315,14.140481091919899],[76.43541144128895,14.128993924325407],[76.44525049423375,14.05662374153589],[76.41695753336015,14.051995243922127],[76.40430741888763,14.078327729586826],[76.37479226827884,14.067457111802394],[76.35223941219314,14.077626390116745],[76.34625323657764,14.073540804780118],[76.31528343395789,14.092127795650995],[76.31359657106418,14.12241022788877],[76.2903228357576,14.136496892455929],[76.27555998164948,14.164602316550457],[76.24085421783222,14.156892800484655],[76.20536838393852,14.159832764996018],[76.22034283743416,14.215647191597323],[76.20634978163135,14.217976250936225],[76.19504367658874,14.231385327547335],[76.17358937385777,14.232767920849419],[76.16756868329915,14.224002883516203],[76.15308513448805,14.2589620339905],[76.13470668628335,14.255902006688189],[76.13003530211378,14.281681468592495],[76.11683866167833,14.277178931051303],[76.12146652956976,14.28953930260247],[76.10594231702242,14.308909842678665],[76.11672898373416,14.323566872250186],[76.15722222811154,14.321065588905343],[76.153491187234,14.397001845096057],[76.13606969317487,14.426972154559444],[76.17371183882676,14.44794573245043],[76.17459004738656,14.462421864730368]]]}},{"type":"Feature","properties":{"taluk":"holalkere","districtId":25,"talukCode":"1304"},"geometry":{"type":"Polygon","coordinates":[[[76.15308513448805,14.2589620339905],[76.16756868329915,14.224002883516203],[76.17358937385777,14.232767920849419],[76.19504367658874,14.231385327547335],[76.20634978163135,14.217976250936225],[76.22034283743416,14.215647191597323],[76.20536838393852,14.159832764996018],[76.24085421783222,14.156892800484655],[76.27555998164948,14.164602316550457],[76.2903228357576,14.136496892455929],[76.31359657106418,14.12241022788877],[76.31528343395789,14.092127795650995],[76.34625323657764,14.073540804780118],[76.35223941219314,14.077626390116745],[76.37479226827884,14.067457111802394],[76.40430741888763,14.078327729586826],[76.41695753336015,14.051995243922127],[76.46124795222691,14.05822917265067],[76.4766576677058,14.034085978470483],[76.45958490439378,14.028884364768388],[76.45497086028752,13.996247470885171],[76.43634345444677,14.007602536547422],[76.42331000024176,13.999800553214744],[76.41726719299487,13.989177989551534],[76.4246829349589,13.966437784440599],[76.41647471897961,13.95370561821268],[76.39873968446184,13.95928140772891],[76.37326143644187,13.95507193900334],[76.36006062369583,13.986082707507713],[76.33610970899642,13.984372097677408],[76.31880076615633,13.980887143118682],[76.32634963951392,13.959889944309765],[76.3000672045741,13.956336471582656],[76.30046534075083,13.94564928393418],[76.27899749751235,13.928805443823899],[76.27295038441348,13.956712353262],[76.26205749186688,13.956021320882364],[76.25770814403909,13.963842854869041],[76.26953330703132,13.979885493440046],[76.26404540256087,13.995633707450846],[76.22858467841426,13.986684569250563],[76.24482791055074,13.954109679733607],[76.2350494307376,13.94796972467798],[76.2407349485717,13.93143556739863],[76.21317877687977,13.924937393211989],[76.20653952543188,13.91080633973542],[76.18135762602958,13.915153311012272],[76.17279419815934,13.897089644309641],[76.17555817220746,13.876604876015236],[76.14882088532805,13.872246236257114],[76.15009781984266,13.865053134085677],[76.1015611782993,13.858558084536863],[76.07635297872987,13.87934654385624],[76.05368034149251,13.879512848710027],[76.05109591183212,13.89763854279144],[76.02851947654312,13.898775549168311],[76.02925526948644,13.920403366971021],[76.04482298209045,13.942020301231933],[76.06597076715981,13.941361646383227],[76.07238238217884,13.9821446239482],[76.05111919024206,13.978817283109993],[76.0435554383105,13.98726229311538],[76.05484949744833,14.089241041906233],[76.0477072827879,14.097206499970437],[76.03398051165694,14.090806399981208],[76.02506074124656,14.113087539974439],[76.0331745025139,14.120232758620066],[76.0326568359683,14.13443330134888],[76.04660472840496,14.145218094861539],[76.04569012808803,14.155443757344223],[76.06384474425843,14.15996329898733],[76.06624698906793,14.18148694241758],[76.0573204329428,14.181262282867083],[76.05645989877235,14.191458258724385],[76.06592852470199,14.206376975453802],[76.0607980521835,14.2222571799029],[76.07251193816951,14.226564473182352],[76.07982720040647,14.247103595523813],[76.15308513448805,14.2589620339905]]]}},{"type":"Feature","properties":{"taluk":"hosadurga","districtId":25,"talukCode":"1305"},"geometry":{"type":"Polygon","coordinates":[[[76.46344751382055,13.994816849063636],[76.48535621092766,13.951014440262117],[76.46656256685684,13.947246261064537],[76.46586538140602,13.933739416795065],[76.49140231477051,13.886185596059251],[76.51330274642464,13.799026117936059],[76.51373085344719,13.762539868943806],[76.56114474584841,13.683949660403387],[76.53991170207236,13.663162586982603],[76.52907146881745,13.667137463258811],[76.5343264015834,13.650200575592219],[76.51665505052445,13.634009487217133],[76.49704199452754,13.628498973813608],[76.49981849639524,13.622756037835554],[76.46106913000064,13.620156102907918],[76.45447711318884,13.590877126793956],[76.43166213919406,13.593148124477105],[76.41279524767089,13.57836029035745],[76.39810687929797,13.594624087763236],[76.38150497156367,13.577478644658257],[76.37311235380476,13.592180020044756],[76.34669213855595,13.576198967614772],[76.3332022585397,13.59573815739373],[76.2924279496504,13.590407239843643],[76.2825810042469,13.60605278082585],[76.27291683451779,13.60645336660176],[76.28698654356434,13.647385556463151],[76.26316009631995,13.649033875291728],[76.2312962219374,13.681276940680792],[76.22128919083329,13.682595253530467],[76.2195570465882,13.710319084555472],[76.17977604187277,13.716369805868284],[76.16966412677269,13.728051712319303],[76.1490140338859,13.732530360993952],[76.12946412464532,13.814559024197045],[76.11566986191569,13.81243024259884],[76.10167513294623,13.858591193750753],[76.15009781984266,13.865053134085677],[76.14882088532805,13.872246236257114],[76.17555817220746,13.876604876015236],[76.17279419815934,13.897089644309641],[76.18135762602958,13.915153311012272],[76.20653952543188,13.91080633973542],[76.21317877687977,13.924937393211989],[76.2407349485717,13.93143556739863],[76.2350494307376,13.94796972467798],[76.24482791055074,13.954109679733607],[76.22858467841426,13.986684569250563],[76.24415998282768,13.991755708943957],[76.26404540256087,13.995633707450846],[76.26953330703132,13.979885493440046],[76.25770814403909,13.963842854869041],[76.26205749186688,13.956021320882364],[76.27295038441348,13.956712353262],[76.27899749751235,13.928805443823899],[76.30046534075083,13.94564928393418],[76.3000672045741,13.956336471582656],[76.32634963951392,13.959889944309765],[76.31880076615633,13.980887143118682],[76.33610970899642,13.984372097677408],[76.36006062369583,13.986082707507713],[76.37326143644187,13.95507193900334],[76.39873968446184,13.95928140772891],[76.41647471897961,13.95370561821268],[76.4246829349589,13.966437784440599],[76.41726719299487,13.989177989551534],[76.43634345444677,14.007602536547422],[76.46344751382055,13.994816849063636]]]}},{"type":"Feature","properties":{"taluk":"hiriyur","districtId":25,"talukCode":"1306"},"geometry":{"type":"Polygon","coordinates":[[[76.60509909169915,14.202572624361245],[76.61326129597231,14.181195489089983],[76.63998335948655,14.188838433979168],[76.64200422927789,14.141872779082965],[76.6867933697549,14.141872905591699],[76.68780974193751,14.119380301641586],[76.71698347430848,14.11130516291517],[76.73822612666586,14.118167226822841],[76.74029107587474,14.072496090693631],[76.75260574144798,14.07115049857246],[76.76471922586192,14.099915794079271],[76.78518545359475,14.110727908903087],[76.78825106048888,14.155764725842053],[76.80890863886565,14.167674262120945],[76.83299867655207,14.150167725698235],[76.86133344345546,14.153224319853983],[76.91511500199378,14.128173124806944],[76.92524995144971,14.13642182430692],[76.95542327519227,14.099155587840722],[76.92784749392618,14.077051915121148],[76.9229557574397,14.056624149007368],[76.90966058302713,14.063697556804312],[76.88680322232628,14.046429557337943],[76.87281528187353,14.009759327217177],[76.83665745739557,14.017860659373348],[76.8333419814441,14.003172543677499],[76.8220648775578,14.000588866519687],[76.84904105858004,13.980742774366043],[76.84939156932116,13.96533443883168],[76.82234009576385,13.95048441904723],[76.81412982420085,13.93636611272288],[76.8148155045827,13.915545728420218],[76.76399328211633,13.924596300088144],[76.74966491694612,13.915978210121656],[76.75273729504372,13.906950433240548],[76.72265551374569,13.898637560306526],[76.73654338569717,13.868586291518437],[76.7618264129718,13.835460094637817],[76.7689412516122,13.837237925825407],[76.76375100935977,13.821636196921359],[76.76951390612538,13.796294621903305],[76.75962583832629,13.78147659884222],[76.73054398090922,13.78408787475123],[76.72795373811205,13.796910682913188],[76.71768126076385,13.796027389254307],[76.68736006388983,13.745634746986577],[76.69201813958433,13.696837806139772],[76.67767158897784,13.69993853690822],[76.6733297650105,13.718104959454665],[76.66336277341647,13.721331229911163],[76.63146535564339,13.713535270251212],[76.62077191587701,13.734366540891225],[76.60874467208907,13.72337843488277],[76.57708275997685,13.71471737323382],[76.57116042960135,13.708253773324063],[76.57728565478538,13.690317789072582],[76.56114474584841,13.683949660403387],[76.51373085344719,13.762539868943806],[76.51330274642464,13.799026117936059],[76.49140231477051,13.886185596059251],[76.46586538140602,13.933739416795065],[76.46656256685684,13.947246261064537],[76.48535621092766,13.951014440262117],[76.47007559301775,13.985446434359437],[76.45497086028752,13.996247470885171],[76.45958490439378,14.028884364768388],[76.4766576677058,14.034085978470483],[76.46124795222691,14.05822917265067],[76.44944305103373,14.05309038107882],[76.43957040272507,14.065278969118074],[76.44345647273748,14.091671518287887],[76.43541144128895,14.128993924325407],[76.44823353887315,14.140481091919899],[76.45050058490548,14.158725051527302],[76.46229775981263,14.162015439753722],[76.50365696766474,14.162613611691018],[76.50496272696002,14.145359112472097],[76.56672957573228,14.148247531884378],[76.57657273855679,14.159354290662298],[76.5813285970762,14.202867945113436],[76.60509909169915,14.202572624361245]]]}},{"type":"Feature","properties":{"taluk":"Harihar","districtId":27,"talukCode":"1401"},"geometry":{"type":"Polygon","coordinates":[[[75.80767874605003,14.63595177321412],[75.83572180214595,14.633702782896833],[75.83219052351339,14.607280347293345],[75.85475593916134,14.607216547553987],[75.86611420568575,14.616151309997399],[75.86834370982643,14.593725989826217],[75.91103544537935,14.57119758578125],[75.9100578821217,14.556172959162256],[75.89698821252776,14.555412730587816],[75.89113230994556,14.542004237670772],[75.86909738773892,14.546024962403388],[75.83488003316026,14.537365446777033],[75.83854735391672,14.518358032583551],[75.86251977258144,14.514041691679306],[75.87728813330376,14.497737519860566],[75.83174497150344,14.500681166027267],[75.82993987049936,14.48750894874101],[75.81596313952402,14.487974928131033],[75.82132595607105,14.462266425958537],[75.88782843002136,14.428476958893675],[75.88129981666282,14.413335603679348],[75.86687468970102,14.419885524394427],[75.84669903822504,14.41610396449705],[75.84305054705344,14.387934202477782],[75.82775093621343,14.390817127176792],[75.8328016970507,14.336671885809697],[75.79497522475312,14.352110179177549],[75.79168654981314,14.32301326751764],[75.77492209592329,14.325016903962688],[75.75129119907712,14.29661503888073],[75.72387497964351,14.292505082392054],[75.73053582768526,14.307271635774082],[75.71891409623638,14.304964198414519],[75.69279437911722,14.346631726055671],[75.64947880109939,14.362250351243123],[75.62418428138817,14.36034915742903],[75.64398879736984,14.431176209740743],[75.63423387116927,14.43291309524155],[75.63203155483554,14.451804805837249],[75.63660550542387,14.466521644178254],[75.66109181292923,14.460465075108393],[75.66206696837008,14.451516872153439],[75.68681756140373,14.491290712644854],[75.69951675009007,14.492734834223088],[75.7147635500463,14.47292304403628],[75.7577622693027,14.514805281096054],[75.79917946787205,14.512365989041651],[75.79993776304376,14.542670331989463],[75.81963286264178,14.565658196586613],[75.80424331056408,14.601439030053037],[75.80767874605003,14.63595177321412]]]}},{"type":"Feature","properties":{"taluk":"Jagaluru","districtId":27,"talukCode":"1403"},"geometry":{"type":"Polygon","coordinates":[[[76.1537282477627,14.704057380401643],[76.19359143094891,14.697746523471565],[76.19347058476103,14.681440055233407],[76.23047236109385,14.649235408523978],[76.24989996485661,14.698584716278585],[76.27194103031779,14.695748420783767],[76.27942583451868,14.685051580045137],[76.31923748506988,14.692609179889047],[76.33403983659993,14.688223203454324],[76.34284158482089,14.665724132082314],[76.37971938338451,14.661991667281162],[76.37507815399411,14.646318143446026],[76.39017800781446,14.648276801015593],[76.39365429572348,14.626765364556634],[76.43294075473072,14.617969638138579],[76.42370379831958,14.580920131889819],[76.50532727227481,14.565665657931586],[76.5338757789129,14.540017341832343],[76.5082498266505,14.516269270784607],[76.48441670752185,14.504913192619039],[76.46114999400112,14.504850921519706],[76.45516026159856,14.469867309057411],[76.45990782159966,14.45025155914354],[76.42391741684118,14.449467520653306],[76.42404590405278,14.438114140003186],[76.39564282324231,14.436248882337255],[76.38392003807144,14.419245644392527],[76.33788610093212,14.41932697449556],[76.33130926769675,14.408475430041841],[76.28187168118826,14.404597018446196],[76.26417923393667,14.424832220617258],[76.26008586599883,14.444458097610408],[76.2383861235383,14.450457610741672],[76.21881430139977,14.441945229911784],[76.20676958492466,14.457077230067311],[76.17459004738656,14.462421864730368],[76.17371183882676,14.44794573245043],[76.13670757007507,14.42608845108103],[76.12662152931296,14.43544112171173],[76.12156514101466,14.461901953737378],[76.1384576787104,14.508113399991704],[76.12786755654065,14.520736105254587],[76.13361159972065,14.54015327498088],[76.12384802975298,14.559529326669542],[76.1143745864145,14.561895267641221],[76.14608933552493,14.614904812399232],[76.14232372944697,14.628031391231854],[76.13116077212898,14.630402413332062],[76.1294374921121,14.649382136080215],[76.10782305910958,14.661228050411646],[76.11460381811487,14.694971188943814],[76.1537282477627,14.704057380401643]]]}},{"type":"Feature","properties":{"taluk":"Davanagere","districtId":27,"talukCode":"1404"},"geometry":{"type":"Polygon","coordinates":[[[75.92293463179925,14.563577151385271],[75.93933450403053,14.560427936734014],[75.94684591007771,14.523769939543412],[75.95447863788286,14.521412688616698],[76.00610800652932,14.517622202569425],[76.02768096585696,14.524384016542914],[76.05273100136715,14.505451568045002],[76.09716500684793,14.523574624406791],[76.13054339582455,14.526958002275798],[76.13002466576673,14.515470065353107],[76.13854564371961,14.508724945234414],[76.12156514101466,14.461901953737378],[76.12375508318428,14.44300010977839],[76.153491187234,14.397001845096057],[76.15892944127648,14.329520262505605],[76.15373494217819,14.318219314933579],[76.11672898373416,14.323566872250186],[76.10594231702242,14.308909842678665],[76.12146652956976,14.28953930260247],[76.11683866167833,14.277178931051303],[76.13003530211378,14.281681468592495],[76.13456935222096,14.256083249562089],[76.07982720040647,14.247103595523813],[76.07251193816951,14.226564473182352],[76.06101736566687,14.222358877226279],[76.05427619755393,14.224823353485082],[76.05372854360228,14.241316988240975],[76.01991479048371,14.245354017720365],[76.00887438353362,14.259217459570323],[75.98203416147447,14.25851069599112],[75.9744984177688,14.239630678006959],[75.96071569517113,14.235017711140486],[75.94613072323014,14.246170420583667],[75.93540955979506,14.242830097484502],[75.9189388818984,14.251540270580602],[75.90634357943156,14.27353917781044],[75.87927541850108,14.27490427615609],[75.8780408471784,14.31996590970592],[75.84497064329538,14.322314743654442],[75.83313857139098,14.33811379988152],[75.82775093621343,14.390817127176792],[75.84305054705344,14.387934202477782],[75.84669903822504,14.41610396449705],[75.86687468970102,14.419885524394427],[75.88129981666282,14.413335603679348],[75.88782843002136,14.428476958893675],[75.84350051699425,14.448228938210542],[75.81526687230587,14.473012388575132],[75.81596313952402,14.487974928131033],[75.82993987049936,14.48750894874101],[75.83174497150344,14.500681166027267],[75.87728813330376,14.497737519860566],[75.86251977258144,14.514041691679306],[75.83854735391672,14.518358032583551],[75.83488003316026,14.537365446777033],[75.86909738773892,14.546024962403388],[75.89113230994556,14.542004237670772],[75.89698821252776,14.555412730587816],[75.92293463179925,14.563577151385271]]]}},{"type":"Feature","properties":{"taluk":"Honnali","districtId":27,"talukCode":"1405"},"geometry":{"type":"Polygon","coordinates":[[[75.65406359780269,14.360871969805316],[75.69586860592919,14.344147669759336],[75.71891409623638,14.304964198414519],[75.73053582768526,14.307271635774082],[75.72387497964351,14.292505082392054],[75.75129119907712,14.29661503888073],[75.77492209592329,14.325016903962688],[75.79168654981314,14.32301326751764],[75.79497522475312,14.352110179177549],[75.84476736146665,14.329286550514603],[75.84910487626433,14.317108755494809],[75.84234816840917,14.300182466732556],[75.81402726981001,14.301323843309511],[75.80949642802594,14.249119729165313],[75.76080277249778,14.239717595154618],[75.75048357048128,14.231228234729477],[75.75418813544793,14.204412898794352],[75.73624213541476,14.206339932275696],[75.73427391712369,14.192839523015417],[75.75148639176334,14.171697744460035],[75.79759104303629,14.14288326087981],[75.80460164827447,14.109753341295692],[75.81421449783761,14.104412006989266],[75.77242813176025,14.10087306995086],[75.75707547280915,14.110510299952933],[75.75287484184946,14.101995280691424],[75.73938276326827,14.101535694227904],[75.73831858465759,14.087275117890101],[75.72095953669087,14.083444138102193],[75.70320044152074,14.103775916837066],[75.68696545786885,14.108142335360686],[75.69322413356353,14.1224899067627],[75.71261506396293,14.12790966146513],[75.719329098433,14.146885308400027],[75.68535766110908,14.144276674290643],[75.67958231293011,14.178275155350864],[75.64728673197101,14.178497363934278],[75.60869257556028,14.191035352114813],[75.6096777551812,14.197302051026167],[75.58514826461693,14.187915355375774],[75.57164523222741,14.195996833367264],[75.5691122058176,14.22186318966537],[75.5493005097713,14.220222870939487],[75.5288978800176,14.230250676080766],[75.53067107106281,14.276591555968533],[75.58318658280294,14.278148592168284],[75.58740657298485,14.288810076063825],[75.60350374886593,14.29306738288011],[75.6109434596499,14.315827410679185],[75.63446072875428,14.314828675680403],[75.62324033001933,14.340293199362614],[75.62418428138817,14.36034915742903],[75.65406359780269,14.360871969805316]]]}},{"type":"Feature","properties":{"taluk":"Channagiri","districtId":27,"talukCode":"1406"},"geometry":{"type":"Polygon","coordinates":[[[75.84638656174685,14.32372431483854],[75.8780408471784,14.31996590970592],[75.8750513633668,14.285443203678312],[75.88366968101586,14.271833152095994],[75.90634357943156,14.27353917781044],[75.9189388818984,14.251540270580602],[75.96109498465107,14.234962463622743],[75.9744984177688,14.239630678006959],[75.98203416147447,14.25851069599112],[76.00887438353362,14.259217459570323],[76.01991479048371,14.245354017720365],[76.05372854360228,14.241316988240975],[76.06592852470199,14.206376975453802],[76.05637555873419,14.195434109859292],[76.0573204329428,14.181262282867083],[76.06624698906793,14.18148694241758],[76.06384474425843,14.15996329898733],[76.04569012808803,14.155443757344223],[76.04660472840496,14.145218094861539],[76.0326568359683,14.13443330134888],[76.0331745025139,14.120232758620066],[76.02506074124656,14.113087539974439],[76.03398051165694,14.090806399981208],[76.0477072827879,14.097206499970437],[76.05484949744833,14.089241041906233],[76.04302667509995,13.990288327617545],[76.05111919024206,13.978817283109993],[76.07238238217884,13.9821446239482],[76.06889603988967,13.947885392695481],[76.06597076715981,13.941361646383227],[76.04482298209045,13.942020301231933],[76.02925526948644,13.920403366971021],[76.03069785208957,13.86767893732245],[76.02088571465482,13.862245691970209],[76.01599574826047,13.870596017130456],[76.00601235143472,13.866882941791049],[75.98840134420757,13.84782075416569],[75.9690680595733,13.854986104715119],[75.94783894289317,13.830691196861668],[75.95266740348339,13.816184356308634],[75.9202391515691,13.807258807245073],[75.87674619418034,13.809185184793124],[75.8656797060313,13.855884236355717],[75.86968818869917,13.903661503537698],[75.8327312288893,13.966767277613727],[75.82464504584985,14.017943834169],[75.80302657839808,14.023098830797919],[75.79898623113864,14.033448671443335],[75.82097994418923,14.06361541954803],[75.81495367760819,14.105259083017119],[75.80460164827447,14.109753341295692],[75.79759104303629,14.14288326087981],[75.75148639176334,14.171697744460035],[75.73427391712369,14.192839523015417],[75.73624213541476,14.206339932275696],[75.75418813544793,14.204412898794352],[75.75048357048128,14.231228234729477],[75.76080277249778,14.239717595154618],[75.80949642802594,14.249119729165313],[75.81402726981001,14.301323843309511],[75.84234816840917,14.300182466732556],[75.84638656174685,14.32372431483854]]]}},{"type":"Feature","properties":{"taluk":"Nyamati","districtId":27,"talukCode":"1407"},"geometry":{"type":"Polygon","coordinates":[[[75.52989680645615,14.229153589928167],[75.5493005097713,14.220222870939487],[75.5691122058176,14.22186318966537],[75.57164523222741,14.195996833367264],[75.58514826461693,14.187915355375774],[75.6096777551812,14.197302051026167],[75.60869257556028,14.191035352114813],[75.64728673197101,14.178497363934278],[75.67958231293011,14.178275155350864],[75.67703493150557,14.163630994374806],[75.68943345742744,14.141767187060099],[75.71767937081833,14.148997695701167],[75.71261506396293,14.12790966146513],[75.69322413356353,14.1224899067627],[75.68696545786885,14.108142335360686],[75.70320044152074,14.103775916837066],[75.72747566732254,14.07683066978533],[75.67392405929287,14.065672494336576],[75.63536221555601,14.081566466979396],[75.63055491345112,14.07449364673514],[75.61805020830158,14.07712707891714],[75.6107593139248,14.05978743487677],[75.5854736974774,14.058349545043159],[75.5539872419475,14.078915807198022],[75.54055197127106,14.079656847432425],[75.53137752184574,14.097775737708549],[75.46622074528821,14.104771737595302],[75.43849288425773,14.098498610347985],[75.43551743081107,14.10557795150581],[75.39672813155661,14.118059827243702],[75.42291926150202,14.150484004651915],[75.48385874786328,14.176735103000729],[75.45329323732517,14.205146293154911],[75.50728342527782,14.218913424314547],[75.52698644413155,14.203119043132174],[75.52989680645615,14.229153589928167]]]}},{"type":"Feature","properties":{"taluk":"Soraba","districtId":46,"talukCode":"1502"},"geometry":{"type":"Polygon","coordinates":[[[75.05252140372394,14.648715337398873],[75.0992149095985,14.653023965561998],[75.10163539894056,14.644014487343604],[75.12460165860624,14.630655322742115],[75.14221569851112,14.63385638357914],[75.14337082502414,14.620422985251285],[75.153414227193,14.62623636203838],[75.15996720870456,14.616983897850039],[75.16462869229191,14.632581915735251],[75.19654919849737,14.62285402940427],[75.20537569710042,14.638037117600383],[75.21063660595327,14.623577708917363],[75.205271400372,14.597513816392478],[75.18123823155959,14.597874155960906],[75.18383616202247,14.585862088880157],[75.20735394136491,14.571703772451317],[75.22534675345939,14.58519860546562],[75.23092787721987,14.57903533767887],[75.22548115290624,14.567045654439326],[75.23464823401689,14.555624513050775],[75.24131431398239,14.555664538653708],[75.24380466010466,14.577575843531157],[75.26538586523208,14.580902983444266],[75.29768664203749,14.540427611188557],[75.28658958569851,14.529830557525242],[75.27947816047285,14.535023113807995],[75.26828867984968,14.52797175571866],[75.26722332789934,14.514338893148164],[75.24489993228546,14.51396146313541],[75.25183696593126,14.496110476585816],[75.20905688477718,14.4764099345637],[75.17097152303484,14.42320453254901],[75.14985375673007,14.431735193022698],[75.15227117440303,14.41919676807434],[75.16518582968047,14.4137551230129],[75.16736576979544,14.387467002066424],[75.17392682331443,14.383520429223353],[75.18959797454944,14.38950443529496],[75.18599725142529,14.413548971882472],[75.20529589954766,14.398455757001766],[75.23098588900943,14.393324128493846],[75.24151520879258,14.377022561815535],[75.23158900320135,14.374782281646844],[75.22068169136159,14.35534555225836],[75.23708651505979,14.353193493500854],[75.243991605483,14.326245425663126],[75.27171385978154,14.306524204778663],[75.26512443864954,14.291941417088955],[75.2450257204477,14.278931307125362],[75.2303094409072,14.280198892124702],[75.22495631362867,14.271847087809913],[75.19519684912322,14.286318899364414],[75.15343044035868,14.261924658462972],[75.15892648388893,14.24069568437481],[75.09249015184481,14.240695899434716],[75.08103272927329,14.220491198978126],[75.08176203175132,14.233447493702286],[75.06338852416043,14.238486632315492],[75.04473058181395,14.259515148645068],[75.04181619978803,14.27396483076365],[75.01796372452164,14.288392586652105],[75.0020936422397,14.32469644766173],[74.98358770898251,14.342688822833319],[74.96077675187021,14.341016877723693],[74.93894197056548,14.358453698616174],[74.9493059295302,14.376096968580477],[74.94920099481129,14.39882666010296],[74.93364822489796,14.403689433053446],[74.91772484254744,14.430712783663633],[74.8802511800109,14.429350547791586],[74.87394736575816,14.447255923967047],[74.89892159611807,14.464555785202442],[74.92037399547222,14.458944204430246],[74.91774223557934,14.46696961899242],[74.88892717408586,14.48002057838598],[74.90129583002332,14.529291914578385],[74.92840724339173,14.52854596007224],[74.93765427876794,14.518701838482153],[74.95566176046381,14.554668051144429],[74.97842861145669,14.54913443520702],[74.98038380789085,14.525631727987497],[74.97238825236471,14.519658786519475],[74.9927704665056,14.495165888262317],[74.98461302331056,14.488307787455726],[74.98955705468951,14.472283614666559],[75.0194703018769,14.497117667604204],[75.0407766726782,14.500118025781653],[75.03770610932759,14.528720735721372],[75.0607415711661,14.544548416862566],[75.04437321403194,14.54575915900283],[75.0230568586308,14.56176150407411],[75.02385385562735,14.607225810842193],[75.05252140372394,14.648715337398873]]]}},{"type":"Feature","properties":{"taluk":"shikaripura","districtId":46,"talukCode":"1503"},"geometry":{"type":"Polygon","coordinates":[[[75.24489993228546,14.51396146313541],[75.27630060380922,14.510345200379573],[75.32126139058805,14.512767547591936],[75.3287911500743,14.495259241558006],[75.3464287345788,14.485587023209288],[75.34037706916362,14.468628494050279],[75.34709641758444,14.456643121725953],[75.33912335682709,14.437437647255448],[75.35503604772393,14.428777524251563],[75.36480668078737,14.441531652022395],[75.38225305905772,14.433810890319693],[75.37768509085456,14.407371333529072],[75.3590142278775,14.409155684512346],[75.34939011879466,14.388696475125837],[75.4773704591262,14.317783887990982],[75.47673379647989,14.345154488263736],[75.48789844753618,14.339149062286204],[75.48955201677592,14.347726244774163],[75.50111157847344,14.343721924881878],[75.50390539718327,14.307890520309615],[75.53373863580242,14.290322130024126],[75.52698644413155,14.203119043132174],[75.50728342527782,14.218913424314547],[75.45329323732517,14.205146293154911],[75.48385874786328,14.176735103000729],[75.43781072023252,14.160207068173126],[75.40081908552658,14.127198878244736],[75.38405050316263,14.129396311366053],[75.38159127426995,14.139050183073024],[75.36561367989503,14.110971378491957],[75.32857480512797,14.111611416692362],[75.31553650483538,14.104144783133856],[75.30739754902888,14.126662860601465],[75.29322673640287,14.127506651378937],[75.29202203036495,14.141967429326838],[75.27114138591246,14.161778996510359],[75.269362292517,14.19012349209579],[75.2796125493852,14.19861881496661],[75.26938066258447,14.197974774486632],[75.2588730613663,14.210226351166419],[75.25268046672377,14.199444144789494],[75.24399398201956,14.202532333667827],[75.23005630889436,14.22163737959268],[75.26006540316993,14.249613355046327],[75.22495631362867,14.271847087809913],[75.2303094409072,14.280198892124702],[75.26020218799904,14.287027326145274],[75.27170641348789,14.306125589255668],[75.243991605483,14.326245425663126],[75.23708651505979,14.353193493500854],[75.22068169136159,14.35534555225836],[75.23158900320135,14.374782281646844],[75.24121400843126,14.376331572968722],[75.23648341471062,14.386268717109123],[75.18733629343672,14.413675961234471],[75.18959797454944,14.38950443529496],[75.17392682331443,14.383520429223353],[75.16736576979544,14.387467002066424],[75.16518582968047,14.4137551230129],[75.15204294309343,14.419516662369562],[75.1512266816583,14.43205415234029],[75.17102618285827,14.423255825063261],[75.20905688477718,14.4764099345637],[75.24427872086811,14.48789987723821],[75.25183696593126,14.496110476585816],[75.24489993228546,14.51396146313541]]]}},{"type":"Feature","properties":{"taluk":"Kundapur","districtId":50,"talukCode":"1601"},"geometry":{"type":"Polygon","coordinates":[[[74.80383135064025,13.79553954863452],[74.82837546769328,13.775910534455477],[74.84272936996898,13.781268399435866],[74.8761663478648,13.76428552528032],[74.87143512821146,13.727912251226613],[74.92161898052309,13.756206910571851],[74.92674991330814,13.736485257434232],[74.94660139050686,13.739676838829139],[74.95438599948476,13.758302609171224],[74.99628069499632,13.744746587514175],[74.98769368838238,13.713475787963455],[75.019392145292,13.699163940786173],[75.00781021679397,13.690873380858143],[75.00858616127985,13.679101967037823],[75.02673902119498,13.67053393775751],[75.02163529715455,13.661815879423505],[75.01241558841497,13.666463107172147],[75.00813182675958,13.66056660536634],[75.01120474762105,13.634698672112483],[75.05715213103707,13.611176485211011],[75.06007952580185,13.588903870290352],[75.04511700030727,13.584850047416966],[75.03823455490907,13.569136137681266],[74.9904470816261,13.565716133688522],[74.98399616477658,13.58070385197206],[74.96973520833139,13.588766219028539],[74.95211597983389,13.574077585085666],[74.94659652665814,13.531873984084552],[74.93048418800927,13.520640024529706],[74.9266625370943,13.531541620335213],[74.93634660608505,13.544153802039148],[74.9125172530597,13.544841408166661],[74.88591015533211,13.563704889161546],[74.85678744503215,13.54302268792866],[74.84039594316677,13.567520898397442],[74.82039425760742,13.55713750782467],[74.81954503273232,13.542776741407593],[74.80668679870685,13.540074088837114],[74.79265292245015,13.548355424502503],[74.7305430593279,13.520171510396544],[74.73062625110549,13.537038329523037],[74.71215810066967,13.535298288386272],[74.70667869371222,13.548212219826894],[74.6825612576329,13.541470331262603],[74.67058460187305,13.629948086192693],[74.65138415928082,13.665383369147353],[74.64172737486244,13.708251077564698],[74.65355712331478,13.696003000883362],[74.66321176262525,13.715351171364519],[74.6734286117472,13.718167555614045],[74.67096862904108,13.724898930647699],[74.69304082573406,13.73624966988087],[74.69476802684127,13.729641769567833],[74.7002159987139,13.73773808427538],[74.69379510575567,13.751658198648274],[74.68158990012964,13.74443502989205],[74.6823222222557,13.755992832877087],[74.69271800407176,13.76235841753958],[74.70573511191904,13.757442034868806],[74.71848539442952,13.770593671250694],[74.74429673301324,13.76362215168089],[74.76062178598768,13.770342625592129],[74.76344812727433,13.782967809804681],[74.80383135064025,13.79553954863452]]]}},{"type":"Feature","properties":{"taluk":"Karkala","districtId":50,"talukCode":"1603"},"geometry":{"type":"Polygon","coordinates":[[[74.9863653393964,13.37972192211764],[74.9987921105617,13.369663770460784],[75.00260985745783,13.34987007563647],[75.02601905692086,13.353734914094572],[75.02268288347352,13.336121735118635],[75.03198936501983,13.318888627995998],[75.0915615183012,13.319610581593066],[75.11740237743635,13.277816002896726],[75.1416582231046,13.284981454373728],[75.16792741329492,13.20760797785514],[75.16492340099914,13.198594765664883],[75.20395445469347,13.176316502978686],[75.20703432184496,13.158270208976584],[75.1844802940589,13.161054999609382],[75.16209483045854,13.13008499996853],[75.14872045398212,13.123292292783061],[75.14474067183363,13.132159975366816],[75.12143868404975,13.132670942843973],[75.11422025651845,13.150392972525177],[75.10594465862577,13.147433742577192],[75.09633158690995,13.161949589716976],[75.08107447503447,13.158407011116813],[75.07892739181027,13.146397872945034],[75.0640616961551,13.146675734583722],[75.06655105705751,13.139695955936906],[75.05002540268377,13.135508962702627],[75.03592861500454,13.143209268530955],[75.01602349123392,13.13187487542913],[74.9944872726851,13.154294566740289],[74.97501474773263,13.12755208743817],[74.95230372753235,13.11806529522035],[74.93918745805674,13.131420319092689],[74.94249479277993,13.141473726512345],[74.93253610892368,13.146983181858394],[74.90894572086351,13.129004239104814],[74.91161881342099,13.108451267894093],[74.87867248418155,13.094568169339997],[74.8622522960492,13.126353355580878],[74.82598723409583,13.130392150781894],[74.82180748667422,13.146725754991218],[74.85325846243438,13.154630162678336],[74.85659121557953,13.183572090831458],[74.85000211890593,13.189005059351349],[74.86236344305813,13.195254823242015],[74.85674930643653,13.205746087850516],[74.8422541568218,13.210327580895909],[74.8489445473656,13.223712859052162],[74.86311227794128,13.21856784825829],[74.85451768138832,13.2352444033667],[74.85794915356763,13.24968762354135],[74.84440054437815,13.263941088102252],[74.84761107503411,13.27376254334617],[74.86003708798678,13.272373557890036],[74.87414880598884,13.294140936296252],[74.86763025875332,13.312360206200761],[74.87501990128247,13.311859744511],[74.87780644908906,13.32150887714598],[74.89103978885034,13.309258045290237],[74.90730886176,13.311381361737276],[74.91700530662713,13.320429793519377],[74.91564049044837,13.329977070812545],[74.94948911469429,13.320685263929064],[74.93890842839552,13.348048958526002],[74.95149515095572,13.36151391436709],[74.94069478055178,13.373198715468671],[74.94230773618683,13.381751650750513],[74.9863653393964,13.37972192211764]]]}},{"type":"Feature","properties":{"taluk":"Bynduru","districtId":50,"talukCode":"1604"},"geometry":{"type":"Polygon","coordinates":[[[74.6647460124379,13.980983424944746],[74.69436003314878,13.947255777910602],[74.68238875807673,13.934388330232048],[74.70817796573915,13.920690976971764],[74.71140917234085,13.903890284956669],[74.75713585665562,13.906476242632179],[74.77107452643682,13.91390910505067],[74.79201313007152,13.903428739820798],[74.81899092595948,13.907949280233488],[74.83779308852554,13.898579771315648],[74.87034204239772,13.856258176147321],[74.88556383526283,13.867583081688247],[74.90956953066059,13.860990743045901],[74.91284514742676,13.821693004825821],[74.91961342537654,13.82464848503662],[74.92428840524974,13.80132227983201],[74.93256211655628,13.796049423403305],[74.93103577433709,13.775836105728075],[74.93814783552943,13.777137698847186],[74.95438599948476,13.758302609171224],[74.94660139050686,13.739676838829139],[74.92674991330814,13.736485257434232],[74.92161898052309,13.756206910571851],[74.87143512821146,13.727912251226613],[74.8761663478648,13.76428552528032],[74.84272936996898,13.781268399435866],[74.82837546769328,13.775910534455477],[74.80367776510231,13.795611119951442],[74.76344812727433,13.782967809804681],[74.76062178598768,13.770342625592129],[74.74429673301324,13.76362215168089],[74.71784983963822,13.770575430303495],[74.70573511191904,13.757442034868806],[74.69501997391612,13.763398670197555],[74.68350480092319,13.757351399070084],[74.6816229048364,13.74438533030343],[74.69379510575567,13.751658198648274],[74.70002701976516,13.737157474270422],[74.67096862904108,13.724898930647699],[74.6734286117472,13.718167555614045],[74.66321176262525,13.715351171364519],[74.65450395195148,13.696406370325462],[74.64826626827663,13.699358179124692],[74.60766051718012,13.866349587855181],[74.58166818783593,13.925449716230984],[74.59534230016715,13.941825631013266],[74.5968314565111,13.931973077456249],[74.60644311304416,13.940838591862967],[74.62060818917325,13.935825134382956],[74.63168233372522,13.946196154608733],[74.63362487657832,13.939902064180536],[74.64782395615356,13.940700523408124],[74.65272954208275,13.945980284024337],[74.64657695006969,13.963067105818785],[74.6647460124379,13.980983424944746]]]}},{"type":"Feature","properties":{"taluk":"Bramhavara","districtId":50,"talukCode":"1605"},"geometry":{"type":"Polygon","coordinates":[[[74.84039594316677,13.567520898397442],[74.85678744503215,13.54302268792866],[74.88479563410074,13.563797436326027],[74.90934236017756,13.549917335800213],[74.91783215796309,13.523648266937066],[74.89390328427368,13.507194247917075],[74.92419843016381,13.488578731957533],[74.92559324082933,13.475753338969477],[74.9527421653449,13.45741874986286],[74.93314888723769,13.438939936228515],[74.9344186047417,13.431307294339986],[74.92243244905708,13.43600733491301],[74.88226838956014,13.405082741966089],[74.84402118326689,13.405437383455649],[74.8435530592937,13.411362557687307],[74.83765723046677,13.40343392490262],[74.83038745027358,13.41000667854079],[74.81567767324621,13.403651034205641],[74.82124308051787,13.386567627513333],[74.81565874232685,13.37856058076631],[74.80245493620852,13.384328455323574],[74.78823823218475,13.373882202006545],[74.77503584689008,13.382382588395027],[74.75346649275943,13.378294820149641],[74.73715553307052,13.409176402110337],[74.70536689666037,13.415579530113408],[74.69987424703945,13.437255364971918],[74.69396389769308,13.434586356985967],[74.6825612576329,13.541470331262603],[74.70667869371222,13.548212219826894],[74.71215810066967,13.535298288386272],[74.73062625110549,13.537038329523037],[74.7305430593279,13.520171510396544],[74.79265292245015,13.548355424502503],[74.80668679870685,13.540074088837114],[74.81954503273232,13.542776741407593],[74.82039425760742,13.55713750782467],[74.84039594316677,13.567520898397442]]]}},{"type":"Feature","properties":{"taluk":"Kapu","districtId":50,"talukCode":"1606"},"geometry":{"type":"Polygon","coordinates":[[[74.74600920310735,13.297106539197937],[74.76013643243424,13.288771887692242],[74.77535616609741,13.292069636196935],[74.77482573631217,13.284399008135576],[74.78596536576671,13.281296735817351],[74.7998914734512,13.296538220253781],[74.82774735961918,13.284295435888197],[74.84362093853963,13.286683260282848],[74.84900031516104,13.27911830597252],[74.84440054437815,13.263941088102252],[74.85794915356763,13.24968762354135],[74.85451768138832,13.2352444033667],[74.86305131051604,13.219012459028333],[74.8489445473656,13.223712859052162],[74.8422541568218,13.210327580895909],[74.85674930643653,13.205746087850516],[74.86236344305813,13.195254823242015],[74.85000211890593,13.189005059351349],[74.85659121557953,13.183572090831458],[74.85325846243438,13.154630162678336],[74.82180748667422,13.146725754991218],[74.82697190557998,13.12956384895235],[74.8098266158476,13.113347182292555],[74.79129747528796,13.116911099873763],[74.79868806130054,13.108193713031607],[74.79339377949901,13.097074334056678],[74.77790696523874,13.103119294745419],[74.77954937943508,13.07147551007493],[74.72366018245023,13.276364473812158],[74.74600920310735,13.297106539197937]]]}},{"type":"Feature","properties":{"taluk":"Hebri","districtId":50,"talukCode":"1607"},"geometry":{"type":"Polygon","coordinates":[[[74.96973520833139,13.588766219028539],[74.9904470816261,13.565716133688522],[75.03823455490907,13.569136137681266],[75.05415013279449,13.550568644348646],[75.05376502542025,13.536236326060683],[75.0677741105488,13.534211076884066],[75.06113766998693,13.520208758716793],[75.07071062268103,13.531158996691797],[75.07846712574212,13.521552264189864],[75.07862732946039,13.49470377600075],[75.10165329954194,13.48694162820118],[75.1155212195445,13.459025222725922],[75.14009127665611,13.463391721684564],[75.15590561443437,13.452780758780987],[75.13905611731688,13.408796759344916],[75.14178478296257,13.389567527141534],[75.1246938102852,13.380827144017125],[75.12452786572102,13.364706678974803],[75.11383350527905,13.355859287124803],[75.08674123262529,13.361369219150886],[75.08508900613234,13.34829693341744],[75.07410902157275,13.342420472436268],[75.0915615183012,13.319610581593066],[75.03198936501983,13.318888627995998],[75.02268288347352,13.336121735118635],[75.02601905692086,13.353734914094572],[75.00260985745783,13.34987007563647],[74.99291649782089,13.377010803611636],[74.97528576083157,13.384891026861736],[74.95555125750434,13.381568818886441],[74.95569604345856,13.400102324938178],[74.9382362555917,13.416889938938226],[74.93311784750122,13.438712609246478],[74.95263301228141,13.45803713662861],[74.93336459411388,13.467360691417712],[74.92419843016381,13.488578731957533],[74.89390328427368,13.507194247917075],[74.91783215796309,13.523648266937066],[74.91190473922825,13.544698885968014],[74.93634660608505,13.544153802039148],[74.9266625370943,13.531541620335213],[74.93048418800927,13.520640024529706],[74.94785831927261,13.534718005992145],[74.95332909545989,13.575850313129848],[74.96973520833139,13.588766219028539]]]}},{"type":"Feature","properties":{"taluk":"Narasimharajapura","districtId":24,"talukCode":"1703"},"geometry":{"type":"Polygon","coordinates":[[[75.48901501345608,13.768536201298703],[75.4986159884484,13.756838505876368],[75.5080697624825,13.764638967455868],[75.51047262884542,13.755339803405876],[75.5217180900149,13.751905464163961],[75.52830895471374,13.731183197198648],[75.54185615363268,13.724569528494753],[75.570036989834,13.734635911781028],[75.56792655443147,13.753595798931658],[75.58654342646474,13.759434112427675],[75.60781676087625,13.760670357430525],[75.6094367342842,13.746048664060309],[75.62675857061065,13.734134326667371],[75.61716978851128,13.722403603939727],[75.62039064031197,13.712308408738249],[75.6124675953724,13.70873315005214],[75.62830659689978,13.68777571823536],[75.60576403101825,13.684732637143611],[75.61102393079051,13.671136643880061],[75.6059556891668,13.659140801329945],[75.58752726768358,13.644939382319928],[75.60413943944943,13.620521579763265],[75.60312240604287,13.582703964561176],[75.62577342852019,13.580235832688318],[75.70156978937023,13.598450129561575],[75.73747232184174,13.62567345188972],[75.74562361386033,13.6095251424953],[75.73960692732595,13.594454774479813],[75.71673562526126,13.592775818357],[75.69751474403351,13.577570706635047],[75.67267229611112,13.57401138370106],[75.6754543093878,13.562851843776208],[75.6036799735211,13.544423174606392],[75.57942147713,13.515216617098758],[75.59033619131576,13.511987478085263],[75.58731209911983,13.502078911771598],[75.56897727276285,13.51064081833084],[75.55911564077248,13.50576870609062],[75.54940151448463,13.518449356969635],[75.54352383190617,13.514608073702393],[75.52790598731261,13.488104611680935],[75.53170146621345,13.47157359503104],[75.52367506390738,13.45374514369633],[75.51304310247814,13.45142615698666],[75.51085800086055,13.436894187573273],[75.49934838481347,13.433387193530848],[75.5039719255725,13.427326621735624],[75.49797640059431,13.42052806699956],[75.51818753173136,13.401681755770838],[75.51874334009615,13.378619667191062],[75.49378610843831,13.380880582896879],[75.4876035095642,13.362338238209503],[75.49625059775568,13.35385262519613],[75.47055562796133,13.351025878713404],[75.48300551833485,13.344118092903118],[75.48731713748096,13.350910649130537],[75.49909612965251,13.349152141946567],[75.50246911695714,13.329403923180129],[75.49088715346335,13.311268445199895],[75.49392665221464,13.273150108204318],[75.47327606309383,13.27450162276506],[75.47219075982268,13.257974188563525],[75.46044513377065,13.254794477860058],[75.45513085549231,13.290343551965314],[75.42475604261277,13.31213008847958],[75.42846625956052,13.318922805842131],[75.44289371887456,13.315535810547727],[75.437514968508,13.337819101307028],[75.44342898470161,13.34617686521085],[75.43122968328466,13.371167947182673],[75.43807934640506,13.383754463955999],[75.4500990419878,13.383827296575916],[75.46546696968149,13.397793355817507],[75.46562997741036,13.41004394940394],[75.45684864639195,13.414810154451715],[75.4382178098992,13.408706072438559],[75.43674769562328,13.422952926174831],[75.42303164369171,13.421507095768783],[75.41405811787094,13.43530552221001],[75.4004112466066,13.430897762544815],[75.412727772685,13.499412421217615],[75.42514896315727,13.54214423717956],[75.43437466473526,13.549502682757504],[75.41597598386318,13.567402972205613],[75.41982284628713,13.55882077548384],[75.40893425265767,13.552862705011025],[75.39417289481187,13.560140551188248],[75.41399125479263,13.653120377394352],[75.40571049118915,13.658862535183838],[75.39384436568079,13.700628933460322],[75.38032700477437,13.704286768642072],[75.38450121264117,13.710984574130066],[75.41602527482077,13.705402436672836],[75.45565799926166,13.723426133059514],[75.46070039231802,13.740090715553793],[75.48962623280958,13.760529352171282],[75.48901501345608,13.768536201298703]]]}},{"type":"Feature","properties":{"taluk":"Tarikere","districtId":24,"talukCode":"1704"},"geometry":{"type":"Polygon","coordinates":[[[75.8246663885757,13.817088604208926],[75.8932696305646,13.807039114867292],[75.90209322118825,13.812596381553114],[75.91790703583919,13.79131888793016],[75.93776609133438,13.78908002500009],[75.96324670198324,13.76808881460061],[75.95668498080443,13.75715285957406],[75.93103768422421,13.760866057045453],[75.9250711321608,13.735923532252631],[75.94337761046673,13.73984713333067],[75.95117816571901,13.728316833586337],[75.9483682730292,13.717663254772184],[75.92297989989517,13.728154430121018],[75.91937404910426,13.719385425059079],[75.9293664039076,13.67003992695173],[75.93835253401616,13.667036815109507],[75.94172758362275,13.680197661983776],[75.94969900071449,13.680818060658163],[75.96135092038895,13.672846038815075],[75.9587642681111,13.651291901775206],[75.920666117692,13.641202483075258],[75.91782593254801,13.609833716711062],[75.8853066784558,13.624213032486836],[75.86799843030313,13.616790282762135],[75.87611321389802,13.604809618363824],[75.86384261357138,13.58873419321005],[75.8671688764446,13.549449283460023],[75.85839753355661,13.549141569339122],[75.85815961146126,13.530472028349028],[75.82446163277467,13.507511531654048],[75.80082044192753,13.507265420120047],[75.75055787959519,13.533322738737672],[75.72739684353522,13.564913554090962],[75.6754543093878,13.562851843776208],[75.67267229611112,13.57401138370106],[75.69751474403351,13.577570706635047],[75.71673562526126,13.592775818357],[75.73982604569976,13.594604431008008],[75.74562361386033,13.6095251424953],[75.73747232184174,13.62567345188972],[75.70156978937023,13.598450129561575],[75.62577342852019,13.580235832688318],[75.60312240604287,13.582703964561176],[75.60413943944943,13.620521579763265],[75.58752726768358,13.644939382319928],[75.6059556891668,13.659140801329945],[75.61102393079051,13.671136643880061],[75.60576403101825,13.684732637143611],[75.62830659689978,13.68777571823536],[75.6126218723105,13.710299506842002],[75.63705534756342,13.702118380599828],[75.65147778619605,13.718164902480009],[75.67403362717934,13.722033345188683],[75.65591243870932,13.746198774029047],[75.66895688508285,13.764417428465256],[75.68467400354753,13.749159465193047],[75.68653555067047,13.7672869349249],[75.73211101143919,13.768855604711067],[75.76480667968386,13.782256943185399],[75.76381460710185,13.796375810194652],[75.80439649909972,13.794683494087996],[75.8246663885757,13.817088604208926]]]}},{"type":"Feature","properties":{"taluk":"Mudigere","districtId":24,"talukCode":"1707"},"geometry":{"type":"Polygon","coordinates":[[[75.32688108467515,13.290177984636799],[75.35123999419311,13.297612570726507],[75.36178237848668,13.288012050689758],[75.37135045595774,13.289642596433888],[75.37850746287558,13.299158584964916],[75.39740529569212,13.302705818460023],[75.39264060002462,13.32213769103835],[75.41285708754215,13.324625125557928],[75.45513085549231,13.290343551965314],[75.45815578844413,13.25554802647543],[75.47219075982268,13.257974188563525],[75.47442115720665,13.274635229550668],[75.49469514852187,13.273096716601895],[75.52509214480247,13.25178996314627],[75.51792136189106,13.223109697716946],[75.53871662107436,13.217390316062396],[75.54479390671621,13.233400926390066],[75.57506801525246,13.248221326561294],[75.57293122726269,13.261764590176615],[75.60426714633454,13.226177120867437],[75.60030936638282,13.2128633974147],[75.60642130379291,13.202228593614441],[75.62654269978718,13.197649790780932],[75.63118085981537,13.167292032647056],[75.64128429247938,13.164274163563705],[75.65539531406576,13.173684661253377],[75.66923292460342,13.168356351654596],[75.69374215021332,13.179758734296012],[75.6903486463886,13.190217514828936],[75.69736404446977,13.195367852890378],[75.71096336362744,13.193401717063768],[75.71449882531931,13.183980143735862],[75.72882382207843,13.181614559729216],[75.73585064128524,13.153525698588782],[75.75379652030323,13.137214526102763],[75.73610992299956,13.122322017399531],[75.73903014401175,13.110482254064456],[75.72761428025625,13.105122130763448],[75.74258111270096,13.071097536532884],[75.74051975004043,13.02984559669807],[75.72762608740683,13.023803740475373],[75.72520504577939,13.032079191552505],[75.69679194381582,13.036933494202001],[75.69593359290444,13.04605404881502],[75.69032979481294,13.033302580245449],[75.6837685118679,13.035952245632343],[75.67404202449873,13.02459996431263],[75.67067846048005,13.030519060080607],[75.65708921870859,13.024841689877144],[75.64292549450886,13.031303445923959],[75.6375644777635,13.011028970182217],[75.6090360468841,12.9806166762294],[75.5948141957332,12.94419360523129],[75.57320262445867,12.935305140691824],[75.55729465828767,12.913238910002104],[75.54944383274157,12.907945671381066],[75.55292657213369,12.950040980365094],[75.50183840380988,12.98110830760019],[75.52066552695484,12.985728394151666],[75.53002051887655,13.00197707625495],[75.52923246759896,13.025042762219176],[75.52014684241706,13.030449809042246],[75.52702397422235,13.049370709638673],[75.51488680682566,13.054734603998877],[75.51871636875954,13.060708999591789],[75.49170400382967,13.089286834313844],[75.46756994424831,13.076781408794906],[75.47366918096873,13.093966666556355],[75.45630840892673,13.109459251309145],[75.44392252744072,13.105991758269868],[75.43224193785933,13.120407108936865],[75.42376412707654,13.106117439609427],[75.40630056518953,13.111747710307174],[75.41176869187144,13.124946559375283],[75.40699740574236,13.158067609826709],[75.3842449777133,13.177885023111552],[75.35581882421627,13.187195352790544],[75.32430296342906,13.165917304516876],[75.31059995816686,13.129436563158347],[75.29089250512804,13.129518286238842],[75.2850752048003,13.122763705070813],[75.27776558097871,13.131771608913649],[75.26181280232004,13.12371475429362],[75.24374483729109,13.129376261984232],[75.21592716713101,13.154606217866965],[75.20556794772051,13.152131137831178],[75.20395445469347,13.176316502978686],[75.16492340099914,13.198594765664883],[75.15734092544491,13.242964547502615],[75.17885090055118,13.259682876111757],[75.21276857234648,13.272790647349009],[75.2489248905984,13.272292665352634],[75.26230327706,13.288612162969839],[75.28406792721508,13.293955652800008],[75.3138799877378,13.328400288356649],[75.31719326505905,13.30698086736715],[75.30854827394984,13.299236633884245],[75.32688108467515,13.290177984636799]]]}},{"type":"Feature","properties":{"taluk":"Ajjampura","districtId":24,"talukCode":"1708"},"geometry":{"type":"Polygon","coordinates":[[[76.0504170599593,13.893569237717331],[76.05368034149251,13.879512848710027],[76.07635297872987,13.87934654385624],[76.09958246268432,13.864297927554798],[76.11566986191569,13.81243024259884],[76.12946412464532,13.814559024197045],[76.1490140338859,13.732530360993952],[76.16966412677269,13.728051712319303],[76.17977604187277,13.716369805868284],[76.2195570465882,13.710319084555472],[76.21741169836457,13.668363639972956],[76.18363369543574,13.65048390096838],[76.18091910290708,13.628014191957226],[76.17431165961796,13.626301839128057],[76.16085232283038,13.662782053892535],[76.14245695966538,13.659084203270735],[76.1388551409647,13.65091357037079],[76.10905155058299,13.648835192321133],[76.10304062841206,13.674407102077447],[76.09000465128776,13.676021232096144],[76.09166465287537,13.685820144657798],[76.06116339827685,13.685311957750473],[76.06030662316559,13.675792295661363],[76.05371125464185,13.675716868602773],[76.03131803575712,13.688496245981948],[76.03116731941977,13.701034601312582],[76.02132580502378,13.702616929235393],[76.02254871318338,13.684960077717738],[76.00979064116267,13.685321054575939],[76.00616546034442,13.671318388093612],[75.99519476210459,13.667482973160544],[75.99616280600577,13.647265761036888],[75.97004527164196,13.649291272486026],[75.95488991340268,13.638131443597118],[75.93391679296546,13.643665864177512],[75.9587642681111,13.651291901775206],[75.96135092038895,13.672846038815075],[75.94732231033598,13.68132245802055],[75.93835253401616,13.667036815109507],[75.9293664039076,13.67003992695173],[75.91937404910426,13.719385425059079],[75.92297989989517,13.728154430121018],[75.9483682730292,13.717663254772184],[75.95117816571901,13.728316833586337],[75.94337761046673,13.73984713333067],[75.9250711321608,13.735923532252631],[75.93103768422421,13.760866057045453],[75.95668498080443,13.75715285957406],[75.96324670198324,13.76808881460061],[75.93776609133438,13.78908002500009],[75.91790703583919,13.79131888793016],[75.9070220740315,13.806739125646837],[75.9522281590886,13.815870122962922],[75.94783894289317,13.830691196861668],[75.9690680595733,13.854986104715119],[75.98840134420757,13.84782075416569],[76.00601235143472,13.866882941791049],[76.01599574826047,13.870596017130456],[76.02222057316617,13.862675830525724],[76.03128294349261,13.868589121273006],[76.03469640656155,13.897524027426043],[76.0504170599593,13.893569237717331]]]}},{"type":"Feature","properties":{"taluk":"Chiknayakanahalli","districtId":48,"talukCode":"1801"},"geometry":{"type":"Polygon","coordinates":[[[76.62077191587701,13.734366540891225],[76.63146535564339,13.713535270251212],[76.6733297650105,13.718104959454665],[76.67233239789003,13.70537307582614],[76.68381008393045,13.691671862136392],[76.67755338788952,13.663323708999068],[76.69695131724625,13.642357233144468],[76.71152271738092,13.554590964836885],[76.6972226734358,13.536274339784157],[76.71301934336432,13.512840648012574],[76.72627589333047,13.509409433171438],[76.73380009099114,13.457226355407066],[76.75743847115284,13.451088610362891],[76.7590318867453,13.442051323719229],[76.74887131925881,13.43939636417314],[76.7596190327725,13.419162596069782],[76.72803560475526,13.40750940189936],[76.7281497424893,13.39933289741401],[76.70308571067693,13.40261164502453],[76.7134776033781,13.372885881955042],[76.7007015639805,13.342356110938013],[76.69227081488015,13.346397576820745],[76.6790472088253,13.335993371383129],[76.65098620078827,13.33285146807356],[76.62266413846547,13.313624515861546],[76.6133755210214,13.314835774998684],[76.61249118359582,13.324533038917743],[76.59701868418963,13.323958273864143],[76.59767866219025,13.340879280658617],[76.56672237583484,13.329039779983178],[76.54534458179796,13.335694250316527],[76.53981375204897,13.330916004942221],[76.54139933799466,13.374948370350312],[76.51789082763196,13.379730196451899],[76.51550285114186,13.394216216952358],[76.48330146715114,13.416451148630673],[76.43504443835924,13.414926273540411],[76.4119934299532,13.43078572888764],[76.41946252048157,13.449578359528255],[76.40767763892063,13.45948440178511],[76.4153066990671,13.481194295901277],[76.39633123878251,13.49976123156034],[76.39774389351193,13.506178884013982],[76.41540813793128,13.509120006680956],[76.42469347464873,13.523936727650218],[76.4004219154186,13.526360908440658],[76.39534338138081,13.535988979807541],[76.36401631634276,13.547217553511318],[76.35284824978824,13.579695319844012],[76.37311235380476,13.592180020044756],[76.38150497156367,13.577478644658257],[76.39810687929797,13.594624087763236],[76.41279524767089,13.57836029035745],[76.43166213919406,13.593148124477105],[76.45447711318884,13.590877126793956],[76.46106913000064,13.620156102907918],[76.49981849639524,13.622756037835554],[76.49704199452754,13.628498973813608],[76.51665505052445,13.634009487217133],[76.5343264015834,13.650200575592219],[76.52907146881745,13.667137463258811],[76.53991170207236,13.663162586982603],[76.5541356972913,13.681962127819427],[76.57728565478538,13.690317789072582],[76.57116042960135,13.708253773324063],[76.57708275997685,13.71471737323382],[76.60874467208907,13.72337843488277],[76.62077191587701,13.734366540891225]]]}},{"type":"Feature","properties":{"taluk":"Sira","districtId":48,"talukCode":"1802"},"geometry":{"type":"Polygon","coordinates":[[[76.950314049112,14.092074333679415],[76.97355728708027,14.083704394122503],[76.97658965094165,14.065481583795648],[76.9718862520672,14.058519822039681],[76.93198897554129,14.054507375419366],[76.93061894672712,14.030878969821307],[76.94378948430281,14.029965350959696],[76.95004317403178,14.014591908027139],[76.9992963170777,13.989931084518954],[76.99357255428812,13.962785874153615],[77.03999391259059,13.933843683650284],[77.0468035486841,13.905906117154828],[77.0219983949005,13.902788639339791],[77.01393609692035,13.858811791282598],[76.99241331641377,13.84898362529778],[76.97639065529883,13.81788803342608],[76.98979390533248,13.813102011553637],[76.98487339840186,13.790735464695523],[76.99718814176687,13.747344441349105],[77.01361304380251,13.7392522585572],[77.02163358566183,13.722658080576553],[77.02911396453683,13.724225443784832],[77.02953316762179,13.70967989920989],[77.01209620819726,13.704413695281783],[77.00971826865756,13.69003639041513],[77.01524869619962,13.674912598579247],[77.0240011182607,13.673164015934953],[77.031104804249,13.59469493510658],[77.0231585766769,13.575865476743234],[77.0391081161938,13.570152779182818],[77.03467335804037,13.562632084686257],[77.04865658779462,13.536986838460557],[77.03891225618978,13.540342253379446],[77.02728907119199,13.531428730103935],[77.00076398043662,13.542935663140444],[77.00012998431995,13.527445304172357],[76.99241998473086,13.528167039374983],[76.99721005766233,13.514139098756946],[76.96510341078155,13.488452469640823],[76.92141536057818,13.493824237789354],[76.92775683703637,13.538996444847214],[76.92041800154904,13.555545839480473],[76.91043171724775,13.56538435782741],[76.85544999485965,13.566721768545241],[76.85415726255344,13.58691210991177],[76.83235254768408,13.58520792293387],[76.83208268487759,13.592995085826175],[76.80175720547396,13.581937620112848],[76.76078933791794,13.587181023250567],[76.72450171077031,13.575727827978763],[76.7045453929141,13.581955339093644],[76.69695131724625,13.642357233144468],[76.67755338788952,13.663323708999068],[76.68381008393045,13.691671862136392],[76.67683484932344,13.699559639431255],[76.69201813958433,13.696837806139772],[76.69147803273698,13.730590587276614],[76.68424948424959,13.73060262582519],[76.69757586480846,13.770079348982932],[76.72411853731717,13.799761243073965],[76.73054398090922,13.78408787475123],[76.75962583832629,13.78147659884222],[76.76951390612538,13.796294621903305],[76.76375100935977,13.821636196921359],[76.7689412516122,13.837237925825407],[76.7618264129718,13.835460094637817],[76.73654338569717,13.868586291518437],[76.72265551374569,13.898637560306526],[76.75273729504372,13.906950433240548],[76.74966491694612,13.915978210121656],[76.76399328211633,13.924596300088144],[76.8148155045827,13.915545728420218],[76.81412982420085,13.93636611272288],[76.82234009576385,13.95048441904723],[76.84939156932116,13.96533443883168],[76.84904105858004,13.980742774366043],[76.8220648775578,14.000588866519687],[76.8333419814441,14.003172543677499],[76.83665745739557,14.017860659373348],[76.87281528187353,14.009759327217177],[76.88680322232628,14.046429557337943],[76.90966058302713,14.063697556804312],[76.92284437099059,14.056540055793182],[76.92784749392618,14.077051915121148],[76.950314049112,14.092074333679415]]]}},{"type":"Feature","properties":{"taluk":"Pavagada","districtId":49,"talukCode":"1803"},"geometry":{"type":"Polygon","coordinates":[[[77.16552386543819,14.341820267685009],[77.19736107060625,14.321042501657967],[77.23975208496269,14.317293049035221],[77.28684359171213,14.340351548865124],[77.28342014990915,14.282223153904873],[77.36331200730842,14.276047403037204],[77.3604061715733,14.23440225957021],[77.38405802986516,14.220641517876667],[77.39049689603038,14.19908204947713],[77.41886155898133,14.211412928358067],[77.40910499725241,14.231664144020685],[77.40859593196143,14.259970760071834],[77.3881484387525,14.269695933166428],[77.37690691957884,14.304097447906978],[77.37924073679255,14.321630805556568],[77.38997641950876,14.333211717160781],[77.41259125193012,14.337415654628046],[77.4282240903698,14.329162480238],[77.43096029782402,14.313271331813104],[77.44657605646063,14.31746354825394],[77.44990205153256,14.28080815276474],[77.4794355519186,14.29294967228729],[77.49158140568139,14.278143187019879],[77.49823171862775,14.279550740448043],[77.50394951361304,14.264155621387644],[77.49235841120021,14.23085508472341],[77.50400016114006,14.192373198344102],[77.5167400849003,14.18342115992659],[77.50377742710542,14.157720715431202],[77.4676098314035,14.16529709835952],[77.46695315615302,14.172123323754095],[77.39398113703848,14.17428502452144],[77.39762889581343,14.160083665525027],[77.38904406631842,14.159611385250951],[77.38020343640163,14.136829547891892],[77.35106824758098,14.128094604454594],[77.34982474958973,14.103089832603347],[77.38841614172507,14.126084872281968],[77.40056158997378,14.120157848325242],[77.35964165080249,14.062111266356835],[77.34049022843782,14.060196680348858],[77.33219308701223,14.030941696941575],[77.38969742753963,14.016414765442926],[77.38135252378693,13.975928744271839],[77.42693006598927,13.986746997761214],[77.43997099767007,13.975785958206554],[77.43566931039584,13.948377484342831],[77.41162604433273,13.945514835246092],[77.41584181105692,13.923996508672063],[77.43065516979483,13.920850067871307],[77.43454614791885,13.912032732744091],[77.40566307481078,13.889238290284478],[77.39888746977466,13.888208794217935],[77.397906853908,13.90637400901167],[77.35432927164327,13.904237286284474],[77.34746517186731,13.915555755065771],[77.37182246729051,13.95352660645424],[77.35070593128525,13.958227737651626],[77.36061730528286,13.99044276281659],[77.33666693502295,13.995789139410983],[77.32219648549878,14.030415997694028],[77.30656233484237,14.031978795732309],[77.27583564393561,14.013004846796576],[77.27901797667401,14.032064237171486],[77.27251290628867,14.034640625164762],[77.24532754237494,14.011712388151187],[77.1728944572854,14.01272065913118],[77.17317954695845,14.000955523145791],[77.15107030702245,14.000902116350302],[77.14147601577612,14.003765491820896],[77.13160749407133,14.045216929109166],[77.07963376687225,14.042714369576638],[77.07641367199327,14.053368664699953],[77.03453759787129,14.05633264815828],[77.02676669195445,14.06336636267383],[77.02871948559164,14.088742747169475],[77.01383521861408,14.099672916305028],[77.02426003494195,14.112936746679896],[77.02044980924529,14.151235210542797],[77.02620284911075,14.174682735515903],[77.02413998692388,14.186822979477084],[77.00243791100894,14.198477682100965],[77.00676904865263,14.218999495337773],[76.99891643326173,14.229032288643555],[77.04398123690744,14.246490358922479],[77.05822346055321,14.243920491354162],[77.0614324156586,14.229142883375777],[77.06980547445615,14.231724729688693],[77.08021534379746,14.213197528170241],[77.11532069959694,14.223265549541052],[77.11964237591552,14.262658378591071],[77.11117002555126,14.261550335559118],[77.11006257926071,14.268324687757882],[77.11551834174816,14.292866083993621],[77.12957013980873,14.304855710467436],[77.13714211492234,14.3383476492432],[77.16552386543819,14.341820267685009]]]}},{"type":"Feature","properties":{"taluk":"Madhugiri","districtId":48,"talukCode":"1804"},"geometry":{"type":"Polygon","coordinates":[[[77.1906760750279,13.911526792880933],[77.1817848362114,13.87001012183525],[77.20059820966453,13.863360989560622],[77.21525321811335,13.885816172917888],[77.21980516397004,13.867898296600963],[77.2311098313445,13.902839721188625],[77.2451693048219,13.903579457020925],[77.24653565437907,13.867676112777142],[77.25894965438476,13.862433684139562],[77.25708753928016,13.84662017045831],[77.29022703978949,13.847815777805332],[77.31106332450561,13.866886894760029],[77.32117127855405,13.856232739225247],[77.32551042699575,13.832777772457359],[77.33682122830606,13.832661282198647],[77.3630152778389,13.853995378283555],[77.37883304469949,13.849287692849282],[77.38220880497128,13.839143158265767],[77.43377397513746,13.842896407355454],[77.41747188121873,13.807774006176366],[77.42865640202197,13.806663101623107],[77.42260977471078,13.798783120431278],[77.43726829977888,13.796059808361585],[77.44542715898771,13.810510406655306],[77.4647334525862,13.807494064970326],[77.4567877251726,13.788559664670476],[77.47045675951411,13.758054077474394],[77.46505533364628,13.711073360160968],[77.45009393847911,13.711359400750583],[77.45535646684137,13.682829838467375],[77.43709658606306,13.684116598134217],[77.43547959399753,13.67324594566927],[77.3971694929442,13.67453682144018],[77.36685178076024,13.637509578945547],[77.36241436039245,13.605719760169633],[77.31796797728714,13.609056084196808],[77.31280450324822,13.603140039138786],[77.30426893826737,13.611734405137744],[77.28970911046042,13.58786006295785],[77.27984746078579,13.595252862068024],[77.28353746680732,13.613683037706167],[77.26768335161688,13.624022452934287],[77.24295674786845,13.61314955060091],[77.24184254192429,13.602317084303351],[77.21960539127086,13.596869707752],[77.18557278408376,13.601255526404797],[77.15002394747141,13.588658768001126],[77.13891580381014,13.596904265990702],[77.09549858849358,13.581450752262773],[77.02729449145097,13.587799331835674],[77.0240011182607,13.673164015934953],[77.01173124753137,13.680505048308842],[77.00884413240789,13.700556460093546],[77.02953316762179,13.70967989920989],[77.02911396453683,13.724225443784832],[77.02163358566183,13.722658080576553],[77.01384261159814,13.738850024701497],[77.02428882879715,13.77909972239957],[77.04303284980503,13.777735113434487],[77.06513190029331,13.744825782252676],[77.08536859147638,13.743190107463656],[77.09047243860968,13.767175571940172],[77.13691033948423,13.758478179493792],[77.15132857660757,13.7663586753871],[77.17336393970379,13.762058718605093],[77.1790569486483,13.782917499101513],[77.15778915570563,13.805597408531117],[77.16973521735643,13.829712699603103],[77.15327734154161,13.834160302725984],[77.15467204417409,13.844467705132308],[77.13228596360764,13.846299653439985],[77.12818538237691,13.856172366543229],[77.14563962945569,13.868075439281931],[77.16737421940083,13.862323724848267],[77.17159009294073,13.869956410740324],[77.16225268254165,13.907335056822808],[77.16972287993497,13.9201558712303],[77.18499714693891,13.924594036691786],[77.1906760750279,13.911526792880933]]]}},{"type":"Feature","properties":{"taluk":"Koratagere","districtId":48,"talukCode":"1805"},"geometry":{"type":"Polygon","coordinates":[[[77.26775816647752,13.624010008316336],[77.28353746680732,13.613683037706167],[77.27984746078579,13.595252862068024],[77.28970911046042,13.58786006295785],[77.30426893826737,13.611734405137744],[77.31280450324822,13.603140039138786],[77.31796797728714,13.609056084196808],[77.36241436039245,13.605719760169633],[77.36365602299081,13.59014956710462],[77.37440195584011,13.589851786649254],[77.38299172144953,13.574967181324872],[77.38003685103475,13.546327142709151],[77.39156087270611,13.534021768560535],[77.37360157343694,13.470846581290486],[77.34890963988167,13.457198348206285],[77.3491956563738,13.443046678886567],[77.36509478734719,13.426556306134394],[77.36179755376865,13.415125387058545],[77.34729311333157,13.41801508541174],[77.34189746221703,13.401617567273593],[77.34378636294284,13.337591887941548],[77.31117043584449,13.318650323597396],[77.29568758049193,13.325545651179025],[77.29699312550356,13.33761180826585],[77.28157403915759,13.343550236230334],[77.298176936493,13.358167078161472],[77.27446832646403,13.367535365930754],[77.24242295935603,13.366405595998211],[77.24457586152404,13.376622531799091],[77.20860052947363,13.386857886962243],[77.22946617586193,13.399097653453767],[77.21529837864482,13.410987586035969],[77.22695878842438,13.424975206240426],[77.20862788853482,13.424155570423226],[77.21359431332611,13.458424388321198],[77.19700151645168,13.462816896025112],[77.18849283962724,13.476698107569547],[77.17458371563976,13.478865330934473],[77.15953100678641,13.469136089630663],[77.14694354492319,13.482931275167589],[77.15149243171074,13.50177574491424],[77.07997084973996,13.519323943442334],[77.05887425769751,13.535931474150384],[77.06032150905885,13.548033540310787],[77.0379753329364,13.55682915745784],[77.0391081161938,13.570152779182818],[77.0231585766769,13.575865476743234],[77.03396696859696,13.58979027970355],[77.09549858849358,13.581450752262773],[77.13891580381014,13.596904265990702],[77.15002394747141,13.588658768001126],[77.18557278408376,13.601255526404797],[77.21960539127086,13.596869707752],[77.24184254192429,13.602317084303351],[77.24295674786845,13.61314955060091],[77.26775816647752,13.624010008316336]]]}},{"type":"Feature","properties":{"taluk":"Tumkur","districtId":48,"talukCode":"1806"},"geometry":{"type":"Polygon","coordinates":[[[77.04780244978109,13.549193865926426],[77.06032150905885,13.548033540310787],[77.05887425769751,13.535931474150384],[77.07997084973996,13.519323943442334],[77.15149243171074,13.50177574491424],[77.14694354492319,13.482931275167589],[77.15953100678641,13.469136089630663],[77.17458371563976,13.478865330934473],[77.18849283962724,13.476698107569547],[77.19700151645168,13.462816896025112],[77.21359431332611,13.458424388321198],[77.20862788853482,13.424155570423226],[77.22695878842438,13.424975206240426],[77.21529837864482,13.410987586035969],[77.22946617586193,13.399097653453767],[77.20860052947363,13.386857886962243],[77.24457586152404,13.376622531799091],[77.24242295935603,13.366405595998211],[77.27446832646403,13.367535365930754],[77.298176936493,13.358167078161472],[77.28157403915759,13.343550236230334],[77.29699312550356,13.33761180826585],[77.29568758049193,13.325545651179025],[77.31117043584449,13.318650323597396],[77.3088472125096,13.31000593164989],[77.28156744466865,13.310700166319197],[77.2821676122815,13.297043939910905],[77.2702491886842,13.310910638664817],[77.24740847736382,13.301829295202849],[77.22895524751775,13.314141367229647],[77.21905742313939,13.261784971845316],[77.20480267506927,13.262882134720556],[77.19359225444694,13.269115610380465],[77.19344416059133,13.273452144395495],[77.18999493979321,13.27603120633771],[77.1883583616032,13.275513968947417],[77.18474082737735,13.256579216889108],[77.19100942339793,13.241455627040512],[77.18360516251808,13.230044722814737],[77.19338492294752,13.22532736548518],[77.19862202994736,13.195237302578585],[77.20697494801361,13.197280656281624],[77.20269481287941,13.181943138973145],[77.16831360983123,13.183963396098676],[77.16253489759926,13.196452426785603],[77.14836963830322,13.173596235299652],[77.13840474161994,13.17763059174223],[77.12884618157912,13.164265703501039],[77.11879650332224,13.163482262420949],[77.11593318677116,13.131223230556005],[77.10695377307349,13.13525617173191],[77.10781760904113,13.144323191739804],[77.0957628529661,13.146226012975362],[77.09139725818679,13.135862082485449],[77.06324422566102,13.133063550909034],[77.04366265169703,13.119963969328708],[77.02421444318898,13.130000457408896],[77.01764445502029,13.110945145095538],[77.00501456370048,13.11494888825631],[77.00186203990475,13.12795022443439],[76.98420177659632,13.128765453421577],[76.97682296632756,13.146162065479942],[76.98137086661644,13.179244942658828],[76.96459906424207,13.182609932524946],[76.9746282116862,13.18592851797525],[76.97786519082294,13.205524493884655],[76.98614143894395,13.208432131444328],[76.98290658340746,13.23306603950404],[76.99363514046931,13.238116309497926],[76.98932416891742,13.2498778883568],[76.9964427205488,13.261070254346805],[76.9899951020757,13.26877479175275],[76.98319523159341,13.261845870963738],[76.97770207155425,13.261815284322306],[76.97853322907153,13.274005874361778],[76.98768952785966,13.300501651155644],[76.99732429625243,13.302680035241446],[77.00501833501521,13.337882093569094],[76.99090290182967,13.35814144604731],[76.9972909107762,13.395945445018912],[76.99056158881497,13.402038257395786],[76.99709164959907,13.405847488151402],[76.98853180168985,13.408733120768694],[76.99186323528544,13.428040095722308],[76.97730026852985,13.445321233922312],[76.97630840917199,13.469359066025078],[76.96510341078155,13.488452469640823],[76.99721005766233,13.514139098756946],[76.99241998473086,13.528167039374983],[77.00012998431995,13.527445304172357],[77.00076398043662,13.542935663140444],[77.02728907119199,13.531428730103935],[77.03891225618978,13.540342253379446],[77.04865658779462,13.536986838460557],[77.04780244978109,13.549193865926426]]]}},{"type":"Feature","properties":{"taluk":"Srinivaspura","districtId":35,"talukCode":"1907"},"geometry":{"type":"Polygon","coordinates":[[[78.23655750375426,13.598912311726398],[78.25793813497671,13.584698396400974],[78.31058828981496,13.593225534713017],[78.35340644998448,13.585419350502557],[78.39159150853864,13.591479756735755],[78.40174980779945,13.588145496293278],[78.40417238345027,13.577839653638074],[78.39514399650801,13.540749658403712],[78.37322510494408,13.508941749989381],[78.37900954329596,13.482272290808279],[78.37067466290489,13.470538417875828],[78.38201324845022,13.396661551498545],[78.36580800142295,13.36224768808529],[78.38003203786973,13.362372912640186],[78.40848485840877,13.345937134710805],[78.40080900608297,13.327672431250171],[78.38488642822868,13.33445666389141],[78.38643738700966,13.34271029882651],[78.37774324982318,13.331569417472773],[78.38807193497307,13.332230485601515],[78.40163388974022,13.306779741890328],[78.37347775618302,13.315883662400148],[78.36083122360994,13.314725866709907],[78.35473255844302,13.301337334924732],[78.33298202713367,13.30539068940699],[78.32366614918703,13.278445281268644],[78.33242608421406,13.262255352780999],[78.32210790526014,13.246456773770882],[78.30137582375536,13.241163293468828],[78.29839191020565,13.220860950077979],[78.2789416830029,13.224589324195662],[78.25110871855269,13.21380584214552],[78.23174499315463,13.228949076847726],[78.24455368312888,13.270409631280433],[78.25487336057878,13.2713429373424],[78.24647818322849,13.264876292706862],[78.24891193875801,13.261618882714936],[78.26135892853935,13.272712539178853],[78.257327185418,13.288908058641484],[78.24562999241724,13.295813140126572],[78.2360013671181,13.296761902819807],[78.22366257896608,13.281652871106942],[78.22694532948425,13.276651173420042],[78.20604462677437,13.274152496516125],[78.19850429143499,13.262119954369254],[78.19089968606957,13.267241622100792],[78.18337543829519,13.24263369954219],[78.13052008928763,13.24537024415003],[78.12801199536845,13.263374537252272],[78.1190897276278,13.267607629492241],[78.12181561240415,13.289033612245133],[78.11169741323155,13.28899437594412],[78.10536473677882,13.27834465379192],[78.0939539144958,13.280094555499907],[78.10492478678775,13.30403617641901],[78.1335209019579,13.287200875598872],[78.13580216212824,13.305105537697653],[78.10964518799994,13.323443325045771],[78.13253263816785,13.328934657255399],[78.13140396458805,13.35277176948702],[78.15024934186395,13.350454374706006],[78.15014862169501,13.355932216963856],[78.14673681405141,13.373799504049423],[78.1219854178229,13.375648808163852],[78.12443472391419,13.385734104608886],[78.13616456304877,13.405611464511496],[78.18149458185475,13.420177548540352],[78.18311263606998,13.434050329687928],[78.20563694543073,13.458110362090622],[78.2100635189692,13.471253685443768],[78.20040411300334,13.482474233051015],[78.19984627360832,13.508542557398899],[78.1882829733082,13.513163299709989],[78.20455111062266,13.527718821603633],[78.19397091902106,13.548248517600545],[78.2012610149151,13.563492870819672],[78.19403701138287,13.564129956936076],[78.2161239287944,13.591055113989508],[78.23206655689748,13.58589256115406],[78.23655750375426,13.598912311726398]]]}},{"type":"Feature","properties":{"taluk":"Kolar","districtId":35,"talukCode":"1908"},"geometry":{"type":"Polygon","coordinates":[[[78.09221606957996,13.310834312592736],[78.1046476374857,13.303014368605943],[78.0939539144958,13.280094555499907],[78.10536473677882,13.27834465379192],[78.11169741323155,13.28899437594412],[78.12181561240415,13.289033612245133],[78.12008493705379,13.264901312933304],[78.12801199536845,13.263374537252272],[78.13052008928763,13.24537024415003],[78.14621321356105,13.240793008740226],[78.18337543829519,13.24263369954219],[78.19089968606957,13.267241622100792],[78.19850429143499,13.262119954369254],[78.20604462677437,13.274152496516125],[78.22694532948425,13.276651173420042],[78.22366257896608,13.281652871106942],[78.23814427163168,13.297962598937806],[78.257327185418,13.288908058641484],[78.26135892853935,13.272712539178853],[78.24891193875801,13.261618882714936],[78.25487336057878,13.2713429373424],[78.24455368312888,13.270409631280433],[78.23174499315463,13.228949076847726],[78.25110871855269,13.21380584214552],[78.2833560430553,13.224577277008292],[78.28295700027108,13.209553967876602],[78.25090377438653,13.21303854244176],[78.24891724408057,13.204412977620953],[78.24107510309031,13.204303163236233],[78.26734366800807,13.185625385418675],[78.26132087799408,13.138473938937008],[78.28583813375404,13.122225898244624],[78.28194691048598,13.101363870991642],[78.26533779982084,13.101294832178745],[78.26672978744598,13.094019129143177],[78.28355835463721,13.093253590814605],[78.28778097174943,13.08309430842546],[78.27812279025902,13.08116196680732],[78.27625793635983,13.067987296544876],[78.26186884894175,13.069782093487124],[78.25973558168421,13.054075262041591],[78.24544680415283,13.052962058370158],[78.24279696806985,13.068116512479152],[78.23439022237571,13.072375938109685],[78.2130650032762,13.055430346769114],[78.20666870717136,13.065632436068228],[78.18733284310424,13.067050109937698],[78.18762506952152,13.077008720876918],[78.17723442813785,13.074815180031475],[78.17645778313172,13.083436579020743],[78.16425741673419,13.075235484793613],[78.15034886582255,13.083049628577731],[78.13498006162501,13.067938463748149],[78.1178808990318,13.06848353410033],[78.11508104360948,13.056742651779638],[78.1022803916839,13.057190228046965],[78.09600880632371,13.033484250833919],[78.05741914353074,13.048249722878571],[78.00805524696175,13.04101144213086],[78.0047759471776,13.04523632034748],[78.02220684916831,13.058308127187733],[78.00344781992752,13.062897824811907],[78.01025859114762,13.070255846551996],[77.99347369697418,13.083061331743956],[77.99587942323494,13.093839631928551],[77.98552747190323,13.105404281230866],[77.95598045287547,13.100500865629273],[77.93589648693684,13.114124308561601],[77.93794838628057,13.125866573677815],[77.95768137119104,13.130172218878522],[77.96055386895034,13.151491291433686],[77.95281150116887,13.160335126148652],[77.96356010283799,13.192175413456916],[77.9542752595545,13.205191263587343],[77.95772718747877,13.218419372339808],[77.9462874190829,13.218697109602116],[77.96419630893426,13.23218236419603],[77.96557689144949,13.244435210453014],[77.9480685803348,13.25050465976057],[77.94551292115958,13.243792716444116],[77.93543214925869,13.245825748366805],[77.94229971808893,13.25901512948132],[77.93831765490252,13.267780177793178],[77.95915111338546,13.269575727864241],[77.9609277107124,13.284436677926735],[77.98416855816585,13.286169812533895],[77.98919280468544,13.30455827535548],[78.0118493376255,13.300894003874022],[78.01508412568914,13.282990950975003],[78.04698742329276,13.279036092621617],[78.06019013426244,13.301013559575006],[78.08676313198474,13.30206362666875],[78.09221606957996,13.310834312592736]]]}},{"type":"Feature","properties":{"taluk":"Malur","districtId":35,"talukCode":"1909"},"geometry":{"type":"Polygon","coordinates":[[[77.91794065576349,13.117114599420493],[77.95598045287547,13.100500865629273],[77.98552747190323,13.105404281230866],[77.99587942323494,13.093839631928551],[77.99347369697418,13.083061331743956],[78.01025859114762,13.070255846551996],[78.00344781992752,13.062897824811907],[78.02220684916831,13.058308127187733],[78.0047759471776,13.04523632034748],[78.00805524696175,13.04101144213086],[78.06837549128704,13.047068900975907],[78.10327641350766,13.024180628414513],[78.13378503593974,13.023704361301817],[78.10950125676717,12.99723487362496],[78.12542254006014,12.995304859473281],[78.13550709961049,12.970752911279344],[78.12297944283254,12.967059444831335],[78.1161566006875,12.947328881931476],[78.12295040730554,12.943932691675792],[78.12706957333525,12.951547921575427],[78.13297531866307,12.951965186262443],[78.13562007441871,12.942886419941605],[78.11980662132791,12.94096907505164],[78.11956054140421,12.929958302772148],[78.09287810586629,12.91523939322201],[78.10844243844805,12.880831582830897],[78.1194646018166,12.87937935939882],[78.10273479954553,12.866499602719694],[78.08748913057269,12.830630781517915],[78.07478979832689,12.83071190045154],[78.07792256386507,12.838129929170288],[78.05945090411878,12.843097724740407],[78.05824850518349,12.851213671366459],[78.04312525770894,12.849215099605882],[78.02716272952836,12.857877770820531],[78.03019421949406,12.84895612741834],[78.0192019064739,12.843445582207998],[78.01857646880705,12.830668793276828],[78.00375922013328,12.82538820249184],[78.01532384758154,12.81379819726122],[78.0125623286705,12.807621940518507],[77.9954730762741,12.806609863017927],[77.98105648428147,12.834805766061713],[77.96444861768339,12.833216117510277],[77.96561210923679,12.848340424596913],[77.95226209159986,12.856690340816034],[77.94100003398647,12.855792118699734],[77.94676940125223,12.838123751997347],[77.94114664495682,12.823227344773237],[77.91873768996817,12.830085746347368],[77.92330005831354,12.85568918888711],[77.94203236089167,12.868685296809694],[77.92866992275964,12.874292700327839],[77.92789468845447,12.881558533956548],[77.93633903260506,12.883688422430518],[77.93078421305006,12.890318775389174],[77.88243280067037,12.868212845682548],[77.85303954558643,12.876723811991006],[77.86043430823136,12.915775464635963],[77.84543888032009,12.916461967339856],[77.8383008386738,12.908349662950053],[77.83855933886859,12.922386012234913],[77.87217254958526,12.940958828182891],[77.86449117827554,12.973225723534219],[77.87136266816255,12.973698750746525],[77.872496508713,12.994987338123364],[77.88629461347587,13.009864062485274],[77.89369985244946,13.035059536587081],[77.88913855031565,13.045247102326893],[77.89487324798084,13.045911414236354],[77.89007040677134,13.050289293935311],[77.91485750641058,13.049400987429069],[77.92763518548455,13.068748001477404],[77.94159701571863,13.069115096085223],[77.93927781878881,13.083929445100331],[77.93160677078689,13.074158848924199],[77.92692512627592,13.08197973601518],[77.91200038000818,13.078448750016337],[77.91173776686188,13.0942782627392],[77.90123025972649,13.101961903335596],[77.91794065576349,13.117114599420493]]]}},{"type":"Feature","properties":{"taluk":"Mulabagilu","districtId":35,"talukCode":"1911"},"geometry":{"type":"Polygon","coordinates":[[[78.43848482778738,13.32857820446933],[78.44417153336653,13.30809062561727],[78.48445113573179,13.320262594281147],[78.48004675807125,13.301220338018457],[78.51388998933602,13.29074522884961],[78.531645221473,13.266467687329511],[78.5391936202795,13.288033236168886],[78.55643120673825,13.28382873165186],[78.56464159581421,13.29469806754554],[78.56351580091159,13.309385987136352],[78.56924647211866,13.30927302516939],[78.57862104505807,13.280253293158024],[78.58729387657957,13.277100716718506],[78.56644496515412,13.224172911488715],[78.57924872367082,13.213171974291841],[78.57083797808998,13.212443435443147],[78.56799504663553,13.201162507693795],[78.5510258181882,13.200407283170787],[78.54965921818352,13.192722649573536],[78.57199174784485,13.190392575705104],[78.57963360398188,13.16707627730893],[78.54969738498502,13.163923483328327],[78.54058655227286,13.153472296930865],[78.54503408912211,13.141831389924944],[78.5178407404838,13.131624157285469],[78.52298799143564,13.114988548406533],[78.53882206286306,13.105828787897911],[78.50984278995422,13.092057578902923],[78.51555140019953,13.062627634797225],[78.49715641511091,13.061432601541679],[78.48926652931662,13.052133709874864],[78.47858366405919,13.055068602022082],[78.47475317621976,13.045343014936558],[78.46209463118139,13.043099064961417],[78.46074570273252,13.0251780340143],[78.41752489400491,13.030957741239135],[78.4119231763779,13.023207345716326],[78.39891569400064,13.028312312551204],[78.36182691128302,13.019466258437252],[78.36825723581912,13.03170925153843],[78.36256599571084,13.055094254042682],[78.29615830923301,13.063793583140871],[78.28540538698324,13.091392536558427],[78.26672978744598,13.094019129143177],[78.26533779982084,13.101294832178745],[78.28194691048598,13.101363870991642],[78.28583813375404,13.122225898244624],[78.26132087799408,13.138473938937008],[78.26734366800807,13.185625385418675],[78.24107510309031,13.204303163236233],[78.24891724408057,13.204412977620953],[78.25090377438653,13.21303854244176],[78.28295700027108,13.209553967876602],[78.28314149521587,13.221598577428423],[78.29839191020565,13.220860950077979],[78.30137582375536,13.241163293468828],[78.32210790526014,13.246456773770882],[78.33242608421406,13.262255352780999],[78.32366614918703,13.278445281268644],[78.33298202713367,13.30539068940699],[78.35473255844302,13.301337334924732],[78.36083122360994,13.314725866709907],[78.37347775618302,13.315883662400148],[78.39860798779856,13.305083810048625],[78.40135477871605,13.315389304516597],[78.42233745610257,13.328341929353803],[78.43848482778738,13.32857820446933]]]}},{"type":"Feature","properties":{"taluk":"Bangalore-South","districtId":20,"talukCode":"2002"},"geometry":{"type":"Polygon","coordinates":[[[77.39411737555265,12.99624176355757],[77.44191832742597,12.981003400018027],[77.43920870220235,12.959981649250304],[77.48512351547254,12.944024994548293],[77.53132460007357,12.954746273931082],[77.54011338543602,12.945317232828856],[77.55008768620961,12.951410096848873],[77.5479850133576,12.933789662116197],[77.56469416703693,12.932475485642476],[77.56761219149038,12.938278918635254],[77.59766765549129,12.939183714327253],[77.5944547060682,12.957247663939215],[77.62639379945924,12.949978354533187],[77.6405366162879,12.930239715175503],[77.66195010643456,12.938871553919359],[77.65862656616896,12.945290086007917],[77.65977814447704,12.945723977696638],[77.66849468118191,12.938778490331856],[77.66886693525234,12.923226833777573],[77.6436077800517,12.887635385737939],[77.6550127865904,12.880569605566972],[77.6741843237442,12.884126490946127],[77.67532488951132,12.872578665969131],[77.6878580753231,12.868114004514489],[77.68181918108357,12.845406755772371],[77.6611836998272,12.834445389099306],[77.61449498216534,12.839074282081878],[77.60350474908765,12.831986633498582],[77.56256050014645,12.838971869451738],[77.5514940073796,12.8480052421987],[77.53872481792146,12.804948812891858],[77.54943504127348,12.785296131506346],[77.54384911608282,12.775835722851214],[77.55170528138392,12.773287931547076],[77.54095007911188,12.74811562147214],[77.53469777187728,12.755915400459205],[77.52180765574285,12.731683661346002],[77.51276858360302,12.746796873914237],[77.50284645199825,12.735646896778256],[77.48643182406373,12.742812473282276],[77.47384087018911,12.757289884434112],[77.47852407400867,12.78053396984768],[77.47000499700157,12.793941760531938],[77.48312250439845,12.802300470872954],[77.47878257452248,12.811452131466325],[77.46111020070902,12.807330921634644],[77.44923846771901,12.818733503821987],[77.44400694286162,12.80665320050022],[77.43350093175316,12.823415676350903],[77.41990570964575,12.8262366491606],[77.43770113960349,12.849741782152103],[77.4274864432593,12.85100860038979],[77.41876949766758,12.869349334971233],[77.43130104667613,12.874911311076014],[77.40819231901268,12.875567094553455],[77.40208164144182,12.865643260607849],[77.3949204790718,12.869726058171796],[77.38982945345329,12.860414065569103],[77.37248909167334,12.855938910665813],[77.36614565936829,12.870246129714896],[77.34407130305884,12.870332408817353],[77.33247884150737,12.885905713484311],[77.34358521842576,12.887561701747284],[77.34023686071137,12.933218475918418],[77.32553040897312,12.976002968850004],[77.3499023481097,12.97434270571813],[77.35962197303178,12.988567490730821],[77.39411737555265,12.99624176355757]]]}},{"type":"Feature","properties":{"taluk":"Bangalore-East","districtId":20,"talukCode":"2004"},"geometry":{"type":"Polygon","coordinates":[[[77.75269209904059,13.11413435792694],[77.76649908236764,13.10762868657226],[77.76555338302148,13.081474710118249],[77.75834916949799,13.073738341901144],[77.7815529465071,13.033327415238528],[77.7717194607169,13.01523837993614],[77.77466827779908,12.980458735105556],[77.7840638678911,12.966730084258351],[77.7668790054999,12.959577297309902],[77.77272924048754,12.95150650953891],[77.7648350550062,12.928783391589281],[77.74578562024391,12.91977358218247],[77.73406241764303,12.87359825135559],[77.68985392274078,12.879303091069502],[77.6773538042018,12.89426032115376],[77.65391028276561,12.894498617212768],[77.66886693525234,12.923226833777573],[77.66849468118191,12.938778490331856],[77.6597703416995,12.94572688225633],[77.65909471378512,12.937256397744871],[77.63955385419926,12.951537313656683],[77.64280968565735,12.967139689199373],[77.6367423225311,12.974436265780316],[77.64469811880396,12.988447000668984],[77.6319326958662,12.989925423828845],[77.64376345372595,13.037962325110051],[77.6073810644125,13.046210826374708],[77.5987704744522,13.05510939670653],[77.60900614830041,13.06694015877427],[77.61892503268412,13.063026959889916],[77.64213794368932,13.077960625461419],[77.65031985981038,13.104655877570698],[77.63702095489346,13.106268650397672],[77.64046234937605,13.114278125232895],[77.67011506225438,13.109533299605053],[77.67838390753136,13.100187521220642],[77.70050066546526,13.102891554956903],[77.71624985430093,13.090912843076117],[77.72263465247673,13.11198710578932],[77.75269209904059,13.11413435792694]]]}},{"type":"Feature","properties":{"taluk":"Nelamangala","districtId":18,"talukCode":"2101"},"geometry":{"type":"Polygon","coordinates":[[[77.31199198693466,13.320629227567101],[77.33852503249747,13.328835441999113],[77.352673919393,13.297574087172768],[77.34369436038115,13.279730638997297],[77.31654016854013,13.28444152719021],[77.33560300750987,13.274796367298457],[77.34242778664014,13.25938582808721],[77.37384273034242,13.259813016734164],[77.37307486595212,13.207619081033272],[77.3898187150836,13.202616108614063],[77.39267227519777,13.178280229484033],[77.43247768329735,13.164882209221206],[77.41271992322928,13.126264656835744],[77.40334884502145,13.121013108239115],[77.39960370805737,13.12757553626084],[77.39735577678022,13.116181167122487],[77.41791624496686,13.102798443514203],[77.42157465880928,13.084333379778835],[77.43011127716181,13.083584268976075],[77.4247814842413,13.06768807698728],[77.41219639036873,13.072532409411147],[77.38410095546062,13.06677564907607],[77.3822156177468,13.055830971517468],[77.39382934821019,13.053225487700917],[77.39080753836902,13.025827970406532],[77.37692769067023,13.029935479686953],[77.37201451269127,12.992152828119199],[77.33886863648775,12.972424994218068],[77.32870040302137,12.976998733320125],[77.32113348233878,13.004446292126154],[77.32813469431117,13.009308433912018],[77.33058550255863,13.0479179959988],[77.31066828401855,13.04625576785711],[77.30862922019381,13.056888962053634],[77.31377372999599,13.106814232383028],[77.2919903463229,13.110566753911293],[77.28076342804692,13.135005118514586],[77.2768933950146,13.120471328696167],[77.26679144673527,13.119805577686702],[77.27418495425863,13.153511907916531],[77.2467177363187,13.153205391916272],[77.24040919496444,13.145764675132357],[77.2154802892528,13.148781571349392],[77.21607916376044,13.165286051863813],[77.20272412247822,13.182092478317703],[77.20697494801361,13.197280656281624],[77.19862202994736,13.195237302578585],[77.19338492294752,13.22532736548518],[77.18360516251808,13.230044722814737],[77.19100942339793,13.241455627040512],[77.18474082737735,13.256579216889108],[77.1883583616032,13.275513968947417],[77.21905742313939,13.261784971845316],[77.22895524751775,13.314141367229647],[77.24740847736382,13.301829295202849],[77.2702491886842,13.310910638664817],[77.2821676122815,13.297043939910905],[77.28156744466865,13.310700166319197],[77.3088472125096,13.31000593164989],[77.31199198693466,13.320629227567101]]]}},{"type":"Feature","properties":{"taluk":"Doddaballapura","districtId":18,"talukCode":"2102"},"geometry":{"type":"Polygon","coordinates":[[[77.38495015435298,13.499232453455411],[77.41596623696753,13.490986296650517],[77.42626494742314,13.482175504603578],[77.4229148582709,13.471459991662053],[77.4362501186631,13.463017016669715],[77.48355967467383,13.467198724232505],[77.50646259065026,13.45628533274754],[77.50439776915549,13.44509832509172],[77.51640469813731,13.4434693988984],[77.52078453872748,13.431881827312136],[77.55086720199053,13.434650979196476],[77.55080536035285,13.418356647185284],[77.59239319430309,13.418545158262074],[77.5892497730089,13.436228381486432],[77.60404831609581,13.44119868701316],[77.61591360379838,13.41910815273201],[77.599048365273,13.413658313211972],[77.60170763551083,13.398972668733501],[77.60756107435039,13.407893585635499],[77.62039748711011,13.402539184055245],[77.6124088272927,13.385903409802248],[77.62091010466035,13.375188426173585],[77.63279722734255,13.375525987113113],[77.63824931973271,13.393932883727413],[77.6575784550492,13.397748653122514],[77.65104484530721,13.386428469873737],[77.66117614661998,13.375784426076795],[77.65526288818785,13.357058969804735],[77.6669505229632,13.35053551643679],[77.6564795743708,13.323706414019451],[77.62969671896805,13.329548944556125],[77.62970978220297,13.315472298404933],[77.62194520635208,13.308793867291616],[77.61107669812621,13.312635079329613],[77.61125020345185,13.299755176827635],[77.60194408324462,13.2967698101539],[77.60462574294411,13.28304550830384],[77.57510762082183,13.270445750602311],[77.57167387242077,13.248042112790008],[77.56401193884804,13.247933895033926],[77.57171136732522,13.244166773128748],[77.56798352374385,13.234497295261594],[77.54331785925152,13.233084935980536],[77.53724746527247,13.21906922671257],[77.52646845508328,13.221656066159834],[77.52133337467814,13.206862932000455],[77.51204032793122,13.22605081953441],[77.47921083350776,13.224213162131392],[77.47600520250302,13.185617121057502],[77.46899213581194,13.162298187172402],[77.46098960803567,13.160389711321015],[77.39267227519777,13.178280229484033],[77.3898187150836,13.202616108614063],[77.37307486595212,13.207619081033272],[77.37384273034242,13.259813016734164],[77.34242778664014,13.25938582808721],[77.33560300750987,13.274796367298457],[77.31654016854013,13.28444152719021],[77.34369436038115,13.279730638997297],[77.352673919393,13.297574087172768],[77.3385146885707,13.328835485862598],[77.34594377883323,13.349284318705026],[77.34536741500983,13.37325874008254],[77.33916424401103,13.374339749576],[77.34729311333157,13.41801508541174],[77.36179755376865,13.415125387058545],[77.36509478734719,13.426556306134394],[77.3491956563738,13.443046678886567],[77.34890963988167,13.457198348206285],[77.37360157343694,13.470846581290486],[77.37080280109757,13.477921377730265],[77.38495015435298,13.499232453455411]]]}},{"type":"Feature","properties":{"taluk":"Devanahalli","districtId":18,"talukCode":"2103"},"geometry":{"type":"Polygon","coordinates":[[[77.71204515289502,13.365482521533476],[77.71586862385001,13.35108437344791],[77.72804747960657,13.351014941691162],[77.72741478630944,13.362818245934644],[77.74464299484181,13.353629496103467],[77.74192118917422,13.36099305244647],[77.75450699676145,13.36456519137821],[77.79113761604277,13.352092773359148],[77.79450411750776,13.341983629034019],[77.82728533443107,13.324799142491829],[77.82216299904718,13.312728945213067],[77.81447046902767,13.310002798152274],[77.81103154754419,13.316750179327611],[77.80455138273514,13.311232308748437],[77.83013389577594,13.29873257679023],[77.82914162930034,13.28949282375867],[77.81703177552876,13.296114428918115],[77.80929313357736,13.26205224379809],[77.82184190345254,13.257302138517161],[77.80625841804614,13.2415377764775],[77.81401128557984,13.238627014820654],[77.81974943733289,13.251660179294984],[77.83394273250484,13.244655945265027],[77.83275133346662,13.238012489186834],[77.82502927478915,13.225501492706822],[77.81588165313923,13.226274821561015],[77.81212309576037,13.206181818379946],[77.78770583429284,13.21062675222827],[77.78370640739956,13.171179771973202],[77.76668628252376,13.148202081522449],[77.761786329958,13.11280324335198],[77.73210834931085,13.114322749331986],[77.73358435394042,13.12329572454998],[77.7241028948013,13.125409185637642],[77.7337744052706,13.142879442119861],[77.72724253934358,13.192529103475044],[77.69998449614445,13.190269873228688],[77.68700759483214,13.203063027006808],[77.68689934275963,13.193760291689554],[77.66138937369224,13.184472553961204],[77.65050771720507,13.190229005730405],[77.65722090667106,13.199296468233259],[77.62317948072452,13.206814225368783],[77.5905067176517,13.194906952448397],[77.56765973897285,13.201555059527239],[77.5695367318227,13.215985879099112],[77.557380236526,13.219879989077228],[77.56109307515895,13.238746068217807],[77.57005057453121,13.238151354617248],[77.56396536318897,13.247663951395593],[77.57167387242077,13.248042112790008],[77.57510762082183,13.270445750602311],[77.60462574294411,13.28304550830384],[77.60194408324462,13.2967698101539],[77.61125020345185,13.299755176827635],[77.61107669812621,13.312635079329613],[77.62194520635208,13.308793867291616],[77.62970978220297,13.315472298404933],[77.62969671896805,13.329548944556125],[77.6564795743708,13.323706414019451],[77.66738700805593,13.347326279586277],[77.68016908550136,13.344977275665782],[77.68296548233191,13.35275996209188],[77.69891189992892,13.336021677517756],[77.69876629395732,13.35879361618769],[77.71204515289502,13.365482521533476]]]}},{"type":"Feature","properties":{"taluk":"Hoskote","districtId":18,"talukCode":"2104"},"geometry":{"type":"Polygon","coordinates":[[[77.90199607350648,13.255350281789386],[77.9051025660457,13.245462870599075],[77.89155861451307,13.235673166005343],[77.91420215250345,13.231620344794683],[77.91500884173416,13.23975313342928],[77.94551292115958,13.243792716444116],[77.9480685803348,13.25050465976057],[77.96557689144949,13.244435210453014],[77.96419630893426,13.23218236419603],[77.94626411787529,13.218344713087255],[77.95772718747877,13.218419372339808],[77.9542752595545,13.205191263587343],[77.96356010283799,13.192175413456916],[77.95281150116887,13.160335126148652],[77.96055386895034,13.151491291433686],[77.95540085504025,13.125633153859392],[77.93794838628057,13.125866573677815],[77.93941616704973,13.1094123002186],[77.9151240309072,13.117442861129158],[77.90123025972649,13.101961903335596],[77.91173776686188,13.0942782627392],[77.91200038000818,13.078448750016337],[77.92692512627592,13.08197973601518],[77.92621820204987,13.075018375593476],[77.93160677078689,13.074158848924199],[77.93927781878881,13.083929445100331],[77.94159701571863,13.069115096085223],[77.92763518548455,13.068748001477404],[77.91485750641058,13.049400987429069],[77.89007040677134,13.050289293935311],[77.89487324798084,13.045911414236354],[77.88913855031565,13.045247102326893],[77.89369985244946,13.035059536587081],[77.88629461347587,13.009864062485274],[77.872496508713,12.994987338123364],[77.87136266816255,12.973698750746525],[77.86449117827554,12.973225723534219],[77.87217254958526,12.940958828182891],[77.83855933886859,12.922386012234913],[77.8383008386738,12.908349662950053],[77.84543888032009,12.916461967339856],[77.85652418375683,12.916860570945396],[77.86043430823136,12.915775464635963],[77.85303954558643,12.876723811991006],[77.86537268060458,12.87715648667998],[77.86759769103273,12.867701940020122],[77.85051770977077,12.86586815369163],[77.83187213827807,12.874211225830164],[77.81655381896819,12.914874830351366],[77.81680450158768,12.92170139090264],[77.829656209647,12.919653156263973],[77.83184264771614,12.925622069161795],[77.81632144994668,12.925693948701804],[77.80970264475789,12.934287255398882],[77.79768595109292,12.918642875330251],[77.7983813282271,12.925624758075445],[77.76513523998564,12.942388654324372],[77.77272924048754,12.95150650953891],[77.7668790054999,12.959577297309902],[77.7840638678911,12.966730084258351],[77.77466827779908,12.980458735105556],[77.7717194607169,13.01523837993614],[77.7815529465071,13.033327415238528],[77.75834916949799,13.073738341901144],[77.76692290270083,13.088085984756338],[77.7590642108518,13.121984987220463],[77.76695115069664,13.148740466839092],[77.78316148007819,13.16941019858168],[77.78770583429284,13.21062675222827],[77.81212309576037,13.206181818379946],[77.81588165313923,13.226274821561015],[77.82690143961906,13.227101689686151],[77.83401318329284,13.244982340658694],[77.85011233093059,13.241322437002362],[77.8485427497818,13.220511618071132],[77.85956308815119,13.219986499278301],[77.86318907424561,13.240745870331216],[77.87676146548398,13.234243708084591],[77.87327852313355,13.244464375255076],[77.8797714983804,13.252106052423315],[77.90199607350648,13.255350281789386]]]}},{"type":"Feature","properties":{"taluk":"Krishnarajpet","districtId":39,"talukCode":"2201"},"geometry":{"type":"Polygon","coordinates":[[[76.40806770370047,12.8656328347297],[76.42592070937707,12.857076287417836],[76.42044677881574,12.843158232920933],[76.42553335966123,12.824544335520804],[76.44498984193015,12.821262808577373],[76.4567626171364,12.802471898909516],[76.46960959329533,12.80086871756683],[76.45522999680935,12.779878292332247],[76.4691050524193,12.771402274337907],[76.48951570794249,12.78468696163641],[76.48965955294514,12.765390311985739],[76.49776759720548,12.770682192598937],[76.49146396859932,12.806750544762782],[76.50171920805592,12.822313883871322],[76.51805475233611,12.826867069975467],[76.52032701163112,12.841453588544363],[76.58309160069705,12.843696816521366],[76.59728908577846,12.83034766311197],[76.58723034013443,12.815129597003699],[76.60180617225902,12.817155500689386],[76.60700786997185,12.799138328207123],[76.60532190651467,12.789086605429395],[76.59663824873014,12.788125175342296],[76.60351400978605,12.764484234346229],[76.59318364417796,12.7246872830791],[76.60131903029915,12.725040237785983],[76.61465154376472,12.701548215075974],[76.61497009481359,12.677717501661055],[76.60890563519014,12.674646523999781],[76.61320064301958,12.64573122350772],[76.59998100081917,12.651228436914279],[76.60661902793831,12.619986280898878],[76.60001368093059,12.576860280708319],[76.56513061441647,12.577014081518895],[76.58214882960087,12.569211841926693],[76.58579629511702,12.554293620782529],[76.56511744146839,12.568136604448895],[76.55428622487608,12.54867415100985],[76.54660661539958,12.549897795946983],[76.54099210417053,12.53365293091087],[76.54730347544418,12.523543398985064],[76.52838680341884,12.525698678957578],[76.5253946223542,12.508570491808708],[76.51584921209518,12.506012544668804],[76.517876092437,12.461091829472613],[76.50685561130234,12.451745233439967],[76.45129795288227,12.48587609556133],[76.44754205210016,12.50656963027723],[76.4218157947773,12.531901239278728],[76.42698072619561,12.542368367751743],[76.41154242683682,12.55699581109249],[76.38926814356982,12.551685167736354],[76.39572468151978,12.570348030425329],[76.37720616405112,12.575669901766478],[76.36320294859082,12.6093978120511],[76.36414597356884,12.626792721264398],[76.3426158239551,12.654943293246193],[76.36167107700162,12.691224549681246],[76.36183735032286,12.711637522134424],[76.34607967566339,12.716949279145016],[76.33940787914864,12.733070451045386],[76.35728639992416,12.749540748221103],[76.34253297515554,12.762467895221269],[76.34965765644644,12.786134710517109],[76.33575714885579,12.786584324277323],[76.33011360902914,12.808599146838944],[76.36798430254007,12.80841430551702],[76.36750247998059,12.82498496706665],[76.3822262441723,12.830589126430622],[76.38582729681946,12.84507827129303],[76.40729772999019,12.845361872785249],[76.40806770370047,12.8656328347297]]]}},{"type":"Feature","properties":{"taluk":"Nagamangala","districtId":39,"talukCode":"2202"},"geometry":{"type":"Polygon","coordinates":[[[76.67404335450946,13.05496226883762],[76.69363986191512,13.037092174076282],[76.7017724604166,13.04203345282749],[76.77147064416764,13.034460584431645],[76.78242302892636,13.030465106003719],[76.78581407039682,13.014489322736617],[76.81549293592728,13.013420884390452],[76.82909741452909,13.0022101339517],[76.85135197871438,12.979112511484397],[76.8393836523699,12.973105463144265],[76.83561950748958,12.94342710574627],[76.848685845857,12.94398830347307],[76.86204754765892,12.928269283640816],[76.89254387344981,12.931738879154587],[76.89711030842706,12.921020567048107],[76.86791052180607,12.918578290667291],[76.86555185059999,12.905069765744624],[76.8885683307188,12.897402249468294],[76.89172423942524,12.849139444879054],[76.93161391667502,12.800189801323214],[76.91148358738828,12.79130177600429],[76.91508619722909,12.770809475764201],[76.90679576671124,12.743989310514042],[76.89512315258834,12.750527806998477],[76.88939674476642,12.745703622664776],[76.88083674726062,12.756115253428431],[76.86665353157252,12.75311552792429],[76.88427610362268,12.744919173851173],[76.87975801253698,12.740063839134523],[76.84284216820795,12.75398634390934],[76.82062796490165,12.748477634569731],[76.80569542020565,12.73062755332701],[76.78073537845009,12.743058585035502],[76.77444199975375,12.725337681640378],[76.76036473758936,12.722594247878924],[76.74909540819543,12.693425075228422],[76.75553984700358,12.681989224216283],[76.73174462997292,12.677098817295768],[76.71930438567553,12.691719020721512],[76.70662262036424,12.662053956490752],[76.68117615487927,12.667999941629542],[76.68269081526233,12.675791287409474],[76.6719261744288,12.678522845723322],[76.6740549714673,12.69228960347297],[76.65956383598004,12.69371168787917],[76.66073045234302,12.725923786820767],[76.63972671236436,12.7253632567106],[76.61222942799267,12.705127608125887],[76.60131903029915,12.725040237785983],[76.59318364417796,12.7246872830791],[76.60351400978605,12.764484234346229],[76.59663824873014,12.788125175342296],[76.60532190651467,12.789086605429395],[76.60700786997185,12.799138328207123],[76.60180617225902,12.817155500689386],[76.58723034013443,12.815129597003699],[76.59728908577846,12.83034766311197],[76.57713554144307,12.84622202132757],[76.57471492604719,12.86550825587982],[76.59601702576128,12.880244401721448],[76.5907760474904,12.890022204426497],[76.59992124942414,12.905434581620337],[76.59593426516608,12.920879421812968],[76.61736220318629,12.9445365267944],[76.61055195023505,12.966205960658487],[76.6314328326211,12.972212369329887],[76.63196634074099,13.003921936668721],[76.65311972555766,13.007640004475808],[76.67404335450946,13.05496226883762]]]}},{"type":"Feature","properties":{"taluk":"Pandavpura","districtId":39,"talukCode":"2203"},"geometry":{"type":"Polygon","coordinates":[[[76.66073045234302,12.725923786820767],[76.65956383598004,12.69371168787917],[76.6740549714673,12.69228960347297],[76.6719261744288,12.678522845723322],[76.68269081526233,12.675791287409474],[76.68117615487927,12.667999941629542],[76.70264180865969,12.664964813665435],[76.73444599121056,12.647070948826679],[76.72998380839583,12.603261455069326],[76.74099549033745,12.589478784338446],[76.75950964189894,12.587442022257555],[76.76264777818437,12.536347391067116],[76.79790880206662,12.520473239276585],[76.78047527065678,12.515943227017576],[76.7668835457266,12.525505437829178],[76.75449052752414,12.482858077560534],[76.73432518503189,12.485461440116405],[76.71660184655738,12.476624043294844],[76.69627767217945,12.486526502290344],[76.69641696181738,12.472313616759584],[76.68491847744933,12.473145853351982],[76.68556938752745,12.458769196853305],[76.66025379897921,12.469275500723084],[76.66753544177575,12.443498274205488],[76.65856712494916,12.442880872107525],[76.66181704131851,12.429862427643076],[76.65366409526536,12.424193533177286],[76.56522610234867,12.425926869342094],[76.5131567961754,12.453680786712162],[76.51584921209518,12.506012544668804],[76.5253946223542,12.508570491808708],[76.52838680341884,12.525698678957578],[76.54730347544418,12.523543398985064],[76.54099210417053,12.53365293091087],[76.54528176639407,12.547951555798594],[76.55428622487608,12.54867415100985],[76.56511744146839,12.568136604448895],[76.58579629511702,12.554293620782529],[76.58214882960087,12.569211841926693],[76.56513061441647,12.577014081518895],[76.60001368093059,12.576860280708319],[76.60661902793831,12.619986280898878],[76.59998100081917,12.651228436914279],[76.61320064301958,12.64573122350772],[76.6123722968941,12.707300398208597],[76.63972671236436,12.7253632567106],[76.66073045234302,12.725923786820767]]]}},{"type":"Feature","properties":{"taluk":"Srirangapatna","districtId":39,"talukCode":"2204"},"geometry":{"type":"Polygon","coordinates":[[[76.76801426299525,12.499311283752663],[76.77592598068583,12.494824955625733],[76.77615279071054,12.473629221615468],[76.7913347735964,12.478286102367296],[76.81274814711458,12.462212060231554],[76.8211312559925,12.46756950434926],[76.81849889643593,12.482851877281014],[76.8354904022787,12.48687781606232],[76.84139005919342,12.465233237129503],[76.86644753774316,12.467506711629015],[76.85960130752096,12.445039559866666],[76.86918036794393,12.437466435976534],[76.8801112354809,12.44269447555057],[76.8776160015091,12.452436341341976],[76.90273293103984,12.44949393646973],[76.90660170509682,12.421950485132392],[76.90005639973498,12.409408457408759],[76.88085000238411,12.400734082124988],[76.86307005569573,12.400473992715867],[76.85897778670306,12.409556462143874],[76.83220476458867,12.402642043129507],[76.83400192420066,12.38450737540591],[76.81450729589626,12.386781183533044],[76.80829686142523,12.360195216870215],[76.80341737832164,12.370495978511144],[76.79107339212713,12.347247640495578],[76.76597269306374,12.351262756066669],[76.76482177116347,12.312489664264422],[76.7532291465855,12.301813453427297],[76.74138684114524,12.321759862035112],[76.73206339925066,12.315546431240978],[76.73003968251132,12.342753853115159],[76.71822418678722,12.35669324047027],[76.69863715445203,12.350377710423759],[76.6812155842882,12.367927101995267],[76.68287392882435,12.391379233934284],[76.6638294596811,12.386464635569064],[76.64694737608303,12.397131432279416],[76.62567166854477,12.369108560697818],[76.59174172229547,12.36303501880042],[76.58711013069289,12.375167074965335],[76.56956410082925,12.37331776205921],[76.55448757304688,12.391224420290339],[76.55743046328473,12.4010765730814],[76.56574248318903,12.399159177533011],[76.56949214229002,12.42593683287161],[76.65366409526536,12.424193533177286],[76.66181704131851,12.429862427643076],[76.65856712494916,12.442880872107525],[76.66753544177575,12.443498274205488],[76.66025379897921,12.469275500723084],[76.68556938752745,12.458769196853305],[76.68491847744933,12.473145853351982],[76.69641696181738,12.472313616759584],[76.69627767217945,12.486526502290344],[76.71660184655738,12.476624043294844],[76.73432518503189,12.485461440116405],[76.74738911979186,12.48112243507593],[76.76801426299525,12.499311283752663]]]}},{"type":"Feature","properties":{"taluk":"Mandya","districtId":39,"talukCode":"2205"},"geometry":{"type":"Polygon","coordinates":[[[76.88263324872423,12.754998541932155],[76.88939674476642,12.745703622664776],[76.89512315258834,12.750527806998477],[76.90600926924778,12.74497916032188],[76.89584336710735,12.730192438320618],[76.91560063755743,12.714671869075053],[76.94761391559167,12.707913102036342],[76.93598290899251,12.703185215577353],[76.93033412345866,12.689673356509111],[76.92118266129438,12.690777406877979],[76.9185926382437,12.673680161875675],[76.92968489714484,12.658500220857803],[76.94506622392488,12.66615609568306],[76.95810977764849,12.66051986295756],[76.96995900345728,12.627498410745172],[76.98134188406533,12.627172652230769],[76.9836427509988,12.599353657743842],[76.99431228073723,12.60015609102912],[76.99650612317672,12.59298964264517],[76.99670264118697,12.58471190818163],[76.98649379070932,12.581068310583065],[76.98881565230472,12.555310065691236],[76.99704526598939,12.556170323714461],[77.00025746623155,12.537762098393047],[77.01329765770515,12.529946849377122],[76.99512229264191,12.514756048138251],[76.97317996000788,12.52184523057383],[76.9787149876581,12.505870154248058],[76.95413124912028,12.495635242697606],[76.95542238744622,12.471565514280703],[76.94237318241447,12.467579249375243],[76.94998801286839,12.458702709454114],[76.94803746587505,12.446872928301648],[76.92800640543754,12.45035102539403],[76.90672214773508,12.436769818598078],[76.90273293103984,12.44949393646973],[76.88788818696632,12.454637195815407],[76.8776160015091,12.452436341341976],[76.8801112354809,12.44269447555057],[76.86918036794393,12.437466435976534],[76.85960130752096,12.445039559866666],[76.86644753774316,12.467506711629015],[76.84139005919342,12.465233237129503],[76.8354904022787,12.48687781606232],[76.81849889643593,12.482851877281014],[76.81976000781458,12.462972698858641],[76.7913347735964,12.478286102367296],[76.77615279071054,12.473629221615468],[76.77592598068583,12.494824955625733],[76.76258196846038,12.499133555343938],[76.7668835457266,12.525505437829178],[76.78141733836219,12.515819426276064],[76.79544163170475,12.516612780041868],[76.79800753525085,12.524082906858919],[76.76264777818437,12.536347391067116],[76.75950964189894,12.587442022257555],[76.74099549033745,12.589478784338446],[76.72998380839583,12.603261455069326],[76.73444599121056,12.647070948826679],[76.70662262036424,12.662053956490752],[76.71930438567553,12.691719020721512],[76.73174462997292,12.677098817295768],[76.75553984700358,12.681989224216283],[76.74909540819543,12.693425075228422],[76.76036473758936,12.722594247878924],[76.77444199975375,12.725337681640378],[76.78073537845009,12.743058585035502],[76.80569542020565,12.73062755332701],[76.82062796490165,12.748477634569731],[76.84284216820795,12.75398634390934],[76.8820653120474,12.740586108631],[76.87627231003086,12.751914502231621],[76.86647330975624,12.752142541276855],[76.88263324872423,12.754998541932155]]]}},{"type":"Feature","properties":{"taluk":"Maddur","districtId":39,"talukCode":"2206"},"geometry":{"type":"Polygon","coordinates":[[[76.94187976372808,12.804666858675114],[76.97168752206277,12.801934194606924],[76.99872093043383,12.777075686524697],[77.00956892408917,12.780905584245682],[77.00856148265102,12.763877277756738],[77.02602335479294,12.762532351859498],[77.04405036675007,12.777714412082084],[77.0490245565325,12.747589179840837],[77.06782685845103,12.759248269932794],[77.08193091419483,12.745253586831812],[77.07413121904058,12.678610772813926],[77.09942406650025,12.673201527063432],[77.10120250791573,12.628914560709998],[77.12272718973882,12.622214052138629],[77.1082451855168,12.607680933871379],[77.12938134163902,12.563232724502587],[77.12824113921107,12.554074493791614],[77.11392422724343,12.552708594751643],[77.13293795530848,12.516528689441495],[77.12469862575686,12.48478786191603],[77.13568293370669,12.469796090487035],[77.12443001129573,12.439083555493493],[77.07571301719544,12.441123806031566],[77.06858036385631,12.451486279624971],[77.00474488121358,12.443907020796077],[76.98430892124846,12.43806423315125],[76.98135793638251,12.416442790056525],[76.96717118117463,12.42057547812923],[76.97404077295147,12.442149354904227],[76.94794576479325,12.446989055325949],[76.94998801286839,12.458702709454114],[76.94237318241447,12.467579249375243],[76.95542238744622,12.471565514280703],[76.95413124912028,12.495635242697606],[76.9787149876581,12.505870154248058],[76.97317996000788,12.52184523057383],[76.99512229264191,12.514756048138251],[77.01329765770515,12.529946849377122],[77.00025746623155,12.537762098393047],[76.99704526598939,12.556170323714461],[76.98881565230472,12.555310065691236],[76.98649379070932,12.581068310583065],[76.99670264118697,12.58471190818163],[76.99650612317672,12.59298964264517],[76.99431228073723,12.60015609102912],[76.9836427509988,12.599353657743842],[76.98134188406533,12.627172652230769],[76.96995900345728,12.627498410745172],[76.95810977764849,12.66051986295756],[76.94506622392488,12.66615609568306],[76.92968489714484,12.658500220857803],[76.9185926382437,12.673680161875675],[76.92118266129438,12.690777406877979],[76.93033412345866,12.689673356509111],[76.93598290899251,12.703185215577353],[76.94761391559167,12.707913102036342],[76.91560063755743,12.714671869075053],[76.89584336710735,12.730192438320618],[76.91197707509177,12.747960776487417],[76.91199258542098,12.792078923794362],[76.94187976372808,12.804666858675114]]]}},{"type":"Feature","properties":{"taluk":"Sakleshpura","districtId":30,"talukCode":"2301"},"geometry":{"type":"Polygon","coordinates":[[[75.69573980767876,13.044916478949926],[75.69679194381582,13.036933494202001],[75.7254957665959,13.031792586958682],[75.74075965862261,12.994207689165988],[75.76625677239285,12.970654168630727],[75.78611124853659,13.001104929817807],[75.79665383487828,13.004141976594068],[75.79419822230551,13.027010939253275],[75.80613058957351,13.040574870608419],[75.81603352397364,13.034100770430172],[75.84499954012527,13.035762755084177],[75.85012291583948,13.012680483112685],[75.87097883644178,13.017856702485812],[75.8828264247934,12.98300242979892],[75.89912320808743,12.974924625897469],[75.89756355179769,12.963079721953132],[75.91018140125591,12.941636292478425],[75.88965826370263,12.91151091219359],[75.86598216864404,12.904321225862148],[75.85684693556318,12.875909239214598],[75.82368477670815,12.87680194590736],[75.83176766850097,12.853524185788313],[75.8377698966394,12.855411945933387],[75.85377763471844,12.832482239975905],[75.85289723565239,12.821556212840273],[75.86336986992892,12.818811958606924],[75.86330032860464,12.795430158131577],[75.87762993641711,12.777033185808422],[75.87317787329543,12.769675946868125],[75.85787599852632,12.770214477789231],[75.85967753022732,12.757300982453142],[75.84901089657565,12.74991942294181],[75.8530153629699,12.724716102297354],[75.884923354341,12.707945282875414],[75.88605396789328,12.674514333168581],[75.83491743552338,12.670868925115954],[75.80750752065072,12.701278378827007],[75.76046726029686,12.673605686561014],[75.71329177823226,12.707461091587268],[75.63654611447866,12.691648970492698],[75.6291865725764,12.699823360747878],[75.65520530533182,12.720155294541717],[75.66072410996358,12.74639989033315],[75.63846169437087,12.760406341353955],[75.61292762987992,12.793738405005453],[75.6195631860951,12.803326823924923],[75.61494374343002,12.832711296366877],[75.62239865829012,12.85661312140766],[75.59865619628941,12.875205447524074],[75.55380608036558,12.869310405912017],[75.54586677149345,12.90438043735338],[75.57320262445867,12.935305140691824],[75.5948141957332,12.94419360523129],[75.6090360468841,12.9806166762294],[75.6375644777635,13.011028970182217],[75.64292549450886,13.031303445923959],[75.65708921870859,13.024841689877144],[75.67067846048005,13.030519060080607],[75.67404202449873,13.02459996431263],[75.69573980767876,13.044916478949926]]]}},{"type":"Feature","properties":{"taluk":"Arsikere","districtId":30,"talukCode":"2303"},"geometry":{"type":"Polygon","coordinates":[[[76.36653108867363,13.54821396438985],[76.39534338138081,13.535988979807541],[76.4004219154186,13.526360908440658],[76.42469347464873,13.523936727650218],[76.41540813793128,13.509120006680956],[76.39774389351193,13.506178884013982],[76.39609169295241,13.497292702770826],[76.4153066990671,13.481194295901277],[76.40767763892063,13.45948440178511],[76.41946252048157,13.449578359528255],[76.40066217072412,13.423005562894474],[76.38967342679815,13.3945390957641],[76.39351442171181,13.378837351810489],[76.38286867664735,13.363972852984123],[76.34594586660735,13.359929609237234],[76.35244136228128,13.330867645399858],[76.34707432919372,13.29749240949851],[76.35722891169027,13.286821299644696],[76.35664492685517,13.250465751571792],[76.364278586017,13.2347554557067],[76.37995147475293,13.232312930488163],[76.37000395687205,13.200088136956225],[76.39392174952206,13.197412721644328],[76.39374818212752,13.188896135769504],[76.41334242653116,13.191248816121073],[76.42877605952057,13.17218136960777],[76.40713690658657,13.1520777291785],[76.38096808623528,13.149950887833219],[76.3689631806495,13.120626759924855],[76.3584265724326,13.116835356595917],[76.36100648585558,13.093439181921154],[76.33920261523292,13.085402857100355],[76.31812894574092,13.091618773340425],[76.29514113255856,13.078968473590178],[76.28301201572836,13.104168568633863],[76.26886584643118,13.108499611394134],[76.26742222098756,13.124387760121127],[76.21663370406947,13.134778527738368],[76.20913900945722,13.15161644870397],[76.18958273740353,13.150718414214186],[76.1904630306565,13.134889818831821],[76.16813408299086,13.132956927892653],[76.17270524464416,13.154727025595623],[76.15699653033214,13.163979667127862],[76.15432466763849,13.1791667105228],[76.1458872230885,13.169849072524558],[76.1346710515539,13.192039063161486],[76.15171668527509,13.196450376871317],[76.1502889297679,13.209316245674739],[76.14505168374745,13.215755470472043],[76.12062248155333,13.209829563604616],[76.10983775925787,13.27103555707609],[76.09084027614358,13.273543496368745],[76.0863167335915,13.288314884124075],[76.05504256621303,13.274673215418797],[76.0589824798091,13.25044722427376],[76.03903114268313,13.259975261472505],[76.04313298692267,13.27563304791673],[76.0290039245897,13.345451229606871],[76.04171413023305,13.374272382075592],[76.05611180094894,13.381611257936209],[76.08908551633095,13.37166579613365],[76.08909926900853,13.392443993150641],[76.13940392492921,13.406569315333513],[76.13624693445904,13.444106595439923],[76.1620269776018,13.46958981143415],[76.19403236973298,13.468757787211981],[76.18708904948303,13.452386107383983],[76.1995495987341,13.450804195993722],[76.19810686826287,13.469327305379732],[76.23208339160543,13.468882894018826],[76.22953219836529,13.484704599094702],[76.2381487029016,13.49542738302329],[76.23355400196647,13.507017536600975],[76.26096838974028,13.511558797874978],[76.26232053949477,13.505320246236431],[76.29253252785823,13.504682282547245],[76.29372453202363,13.527184436533817],[76.31204959344652,13.525445093483182],[76.31095126800689,13.52932338021294],[76.31588319250736,13.531932680892572],[76.31655850983437,13.539077497618784],[76.31758446242566,13.539210077877955],[76.34507410531863,13.513740226330768],[76.34910241768694,13.525365530959167],[76.36249183893219,13.530352729796325],[76.36653108867363,13.54821396438985]]]}},{"type":"Feature","properties":{"taluk":"Alur","districtId":30,"talukCode":"2305"},"geometry":{"type":"Polygon","coordinates":[[[75.91869341343744,13.067422801357143],[75.94030158372112,13.06079368535733],[75.94798064556912,13.04462409839479],[75.96242589877423,13.057155877848759],[75.9823528212561,13.031910874398958],[75.99442549288392,13.038895721587568],[76.00635485439692,13.02963427079946],[76.01911195969232,13.036072605009014],[76.0241508838823,13.013952758985823],[76.03777343036825,13.015104793800116],[76.04085145009431,13.003508976573512],[76.02636593285447,12.970625956175732],[76.0584781501392,12.9658329581997],[76.0553157536624,12.95879137085283],[76.04502535441432,12.96102044099243],[76.03964610134135,12.931681308416477],[76.0324323862212,12.92572437632652],[76.02250156789094,12.930656236397537],[76.01853677875947,12.898109481367174],[76.0112740956989,12.907349033084191],[75.99772507215039,12.896419007195792],[76.00463385847804,12.892982270464234],[75.99653070074129,12.890203814451734],[76.00914470299703,12.869248773724033],[76.02642643085491,12.86463880370113],[76.02416626194785,12.85103830000927],[76.04914266564478,12.851337868922705],[76.04897043500016,12.819835433356145],[76.01936440144392,12.804978979882673],[75.94926964163463,12.80016625496711],[75.94709848017568,12.80798010047866],[75.92538256694075,12.811370681960286],[75.9281690522098,12.821389418324726],[75.91994313394147,12.828120894916763],[75.9091978352501,12.816350433456234],[75.89941388477344,12.828434175863332],[75.88078121234346,12.833953122419782],[75.87587373229098,12.82360142870652],[75.85869895212045,12.818986861616073],[75.8377698966394,12.855411945933387],[75.83128499655326,12.854289935470081],[75.82381190018916,12.878276186802825],[75.85684693556318,12.875909239214598],[75.86598216864404,12.904321225862148],[75.88965826370263,12.91151091219359],[75.91018140125591,12.941636292478425],[75.89756355179769,12.963079721953132],[75.89869230097607,12.975747270709622],[75.8828264247934,12.98300242979892],[75.87675785504405,13.009043472547093],[75.88288748947559,13.014449543535969],[75.89205258087992,13.00346791886655],[75.90050179863073,13.005392326916446],[75.90251445009281,13.014900297926369],[75.88981976016196,13.025678338826832],[75.90518992293869,13.02983764266295],[75.90725319636756,13.042959650965923],[75.9169903379313,13.047152749480402],[75.91949467316815,13.058411915873478],[75.91237504639678,13.061286424377625],[75.91869341343744,13.067422801357143]]]}},{"type":"Feature","properties":{"taluk":"Arkalgud","districtId":30,"talukCode":"2306"},"geometry":{"type":"Polygon","coordinates":[[[76.15757782929067,12.826111810144035],[76.17213935454151,12.795760529722157],[76.1713800330066,12.786909985741383],[76.16170711004852,12.783092667931157],[76.17017400722851,12.764255506392873],[76.15734190785821,12.758903001971191],[76.16450585000672,12.741852223921024],[76.15455592656123,12.71238732417328],[76.15598047995547,12.685544356974429],[76.16861213021305,12.652974996265645],[76.15917966946135,12.64763266881585],[76.17748051450059,12.607702598537497],[76.18869266451527,12.612522166981494],[76.19643443666494,12.57748512613723],[76.15225459893024,12.580144760698765],[76.15261085064631,12.546467374069532],[76.13598640343022,12.537780352690849],[76.13467584100147,12.529579273852962],[76.11541483755114,12.529232672472684],[76.11597442614477,12.512446896207488],[76.10436248884665,12.518533619272743],[76.1035346909126,12.530310828934406],[76.08662173547563,12.53779364317093],[76.09386478334903,12.543145242317443],[76.08984876566251,12.5473332649513],[76.08027966078983,12.543617921340386],[76.06981179998948,12.556680728075431],[76.04776989265059,12.561299927191078],[76.0459668620103,12.577578695066835],[76.02145390200654,12.577176404925055],[76.0143435457021,12.568930854849667],[75.9936192180983,12.588227393873954],[75.9889563127186,12.574126196109685],[75.96911750885145,12.576927344118884],[75.97492250988587,12.562437521513926],[75.96369407803564,12.561062407633337],[75.93978443592773,12.60631448907396],[75.9492984270203,12.621014539132576],[75.93624431279832,12.629838997710241],[75.94759850284372,12.663986527213297],[75.93997779165767,12.674399637606145],[75.95619808403232,12.67824454973759],[75.96614471769993,12.70976742633811],[75.94322381586703,12.718658133861405],[75.93532535243719,12.73181035965468],[75.9343646599997,12.767305409094119],[75.95290647094397,12.768022453020901],[75.95824405592411,12.782185767313331],[75.97101177280076,12.782656855628078],[75.96751390543861,12.803719807788768],[76.01936440144392,12.804978979882673],[76.04947915120368,12.82446465356247],[76.09617218514644,12.815218359723197],[76.10782254754173,12.82584381912059],[76.1217316121526,12.816450445962793],[76.14837833463487,12.817446328463763],[76.15757782929067,12.826111810144035]]]}},{"type":"Feature","properties":{"taluk":"Holenarasipura","districtId":30,"talukCode":"2307"},"geometry":{"type":"Polygon","coordinates":[[[76.22986609307222,12.943154072537576],[76.24512815581434,12.925082588988815],[76.25867473078762,12.930460081322567],[76.26006048875597,12.938472640194943],[76.26121413899578,12.927675324988734],[76.28116704620254,12.918774787780462],[76.26073414088951,12.913504091265084],[76.28058897682402,12.908307104423542],[76.27997057490184,12.898755700578896],[76.3065515200354,12.898253590603332],[76.3164462046246,12.890527641511275],[76.32105835755995,12.875340695545013],[76.30440976494258,12.874720288647882],[76.29459963528123,12.839628559492883],[76.30412662732348,12.83908040209413],[76.30770492304946,12.823723880273617],[76.31919280295942,12.827328253378244],[76.32517420680567,12.856240426338362],[76.34170577935053,12.839363838614373],[76.36340750442034,12.837179588557762],[76.37031813699889,12.829156605358984],[76.36798430254007,12.80841430551702],[76.33011360902914,12.808599146838944],[76.33575714885579,12.786584324277323],[76.35016457154427,12.78487500991878],[76.34253297515554,12.762467895221269],[76.35747183761238,12.74702370689684],[76.33940787914864,12.733070451045386],[76.34607967566339,12.716949279145016],[76.36183735032286,12.711637522134424],[76.36277763698992,12.697277453919462],[76.35318840676086,12.66801613052604],[76.32262245700764,12.634216249883995],[76.32703175551465,12.610012767009959],[76.30626924680932,12.609405823377305],[76.30889790055647,12.623369844898992],[76.30095485343455,12.621947669862392],[76.29864115967356,12.629272857690626],[76.29073878924319,12.616850944469297],[76.27961801175891,12.617046129804391],[76.27936821217139,12.63336873083142],[76.26583087367327,12.628616983007726],[76.26546363098889,12.619081722434457],[76.25513734877734,12.620593980554178],[76.24383720953664,12.637711514776283],[76.21905979765006,12.644245512901326],[76.2075114425216,12.634953077948962],[76.21645244705498,12.62530317432847],[76.21356311825475,12.6167269652707],[76.20436000227464,12.61473244696419],[76.19192644477178,12.592123031023014],[76.18869266451527,12.612522166981494],[76.17748051450059,12.607702598537497],[76.15917966946135,12.64763266881585],[76.16861213021305,12.652974996265645],[76.15598047995547,12.685544356974429],[76.15455592656123,12.71238732417328],[76.16450585000672,12.741852223921024],[76.15734190785821,12.758903001971191],[76.17017400722851,12.764255506392873],[76.16170711004852,12.783092667931157],[76.1713800330066,12.786909985741383],[76.17213935454151,12.795760529722157],[76.14734711305026,12.840639202492719],[76.14582712817227,12.864576493334205],[76.18349954970019,12.87654707650553],[76.1890306632705,12.866830838531195],[76.20567581766106,12.866385151159326],[76.21331059117604,12.854320172859891],[76.2122921000737,12.916343233956773],[76.22986609307222,12.943154072537576]]]}},{"type":"Feature","properties":{"taluk":"Channarayapatna","districtId":30,"talukCode":"2308"},"geometry":{"type":"Polygon","coordinates":[[[76.41253853242358,13.163664395228404],[76.44513989280233,13.169310261640105],[76.45519689612684,13.150794993119845],[76.47337346848718,13.149780447439454],[76.47146119949214,13.093245992783483],[76.49512240228454,13.094430874128877],[76.51559889622733,13.068968292088705],[76.5283066330829,13.078947058764037],[76.61344183968889,13.06926209856511],[76.61923426879797,13.053811535398932],[76.6053175610851,13.05328711881429],[76.60450768671743,13.014647628076856],[76.63199233050557,13.003956277557576],[76.6314328326211,12.972212369329887],[76.61055195023505,12.966205960658487],[76.61548366130039,12.936736339078616],[76.60562775407702,12.938834260964427],[76.59593426516608,12.920879421812968],[76.59992124942414,12.905434581620337],[76.5907760474904,12.890022204426497],[76.59601702576128,12.880244401721448],[76.57470728361479,12.866987639835544],[76.57713554144307,12.84622202132757],[76.52032701163112,12.841453588544363],[76.51805475233611,12.826867069975467],[76.50171920805592,12.822313883871322],[76.49191728046132,12.807943294280811],[76.49028355199785,12.788967302281199],[76.49832754897429,12.774450728607178],[76.49089011840725,12.765067720107371],[76.48951570794249,12.78468696163641],[76.47573716767859,12.770935949178623],[76.45686177456014,12.776685468264649],[76.45684742718814,12.788614828721453],[76.46960959329533,12.80086871756683],[76.4567626171364,12.802471898909516],[76.44498984193015,12.821262808577373],[76.42423400234343,12.826018589343263],[76.42044677881574,12.843158232920933],[76.42678635209559,12.854124458589899],[76.41485484428428,12.865706321498548],[76.40674109043312,12.865900103654733],[76.40729772999019,12.845361872785249],[76.38582729681946,12.84507827129303],[76.37724456917688,12.82804834893122],[76.34170577935053,12.839363838614373],[76.32517420680567,12.856240426338362],[76.31919280295942,12.827328253378244],[76.30770492304946,12.823723880273617],[76.29603513522055,12.846443935775996],[76.30360949916658,12.853842570712068],[76.30440976494258,12.874720288647882],[76.3178927307953,12.872723485254927],[76.32296012091922,12.879839714671345],[76.3065515200354,12.898253590603332],[76.27997057490184,12.898755700578896],[76.28058897682402,12.908307104423542],[76.29360821515148,12.914608777281714],[76.29500678098208,12.949007496525615],[76.27409751183717,12.954500172790867],[76.27261681369033,12.990354675807891],[76.28697142261058,12.988474175002555],[76.27574232778099,13.019418677147227],[76.28411893471723,13.0530048581215],[76.29492918784683,13.056217259771449],[76.29514113255856,13.078968473590178],[76.31812894574092,13.091618773340425],[76.33920261523292,13.085402857100355],[76.36100648585558,13.093439181921154],[76.3584265724326,13.116835356595917],[76.3689631806495,13.120626759924855],[76.38096808623528,13.149950887833219],[76.40417723677058,13.150934323159632],[76.41253853242358,13.163664395228404]]]}},{"type":"Feature","properties":{"taluk":"Mangalore","districtId":26,"talukCode":"2401"},"geometry":{"type":"Polygon","coordinates":[[[74.8337615472352,13.12925668756716],[74.8622522960492,13.126353355580878],[74.87428470219909,13.09873951985117],[74.89137550359186,13.092951416803723],[74.89180718273647,13.066374638136072],[74.88333487721678,13.053515349119776],[74.89613434311255,13.032198148510597],[74.90894436216388,13.025665350793565],[74.90792429438477,13.037935062922521],[74.93341699944031,13.03523080298081],[74.93297169778266,13.005139045140815],[74.98200925588372,13.026387737723425],[74.99911748509636,13.016479011390489],[74.9957054643163,13.005147144163578],[74.98537372822803,13.002873178083872],[74.98732601145072,12.992763566110195],[75.01232886942998,12.977956658295188],[75.01075750658867,12.95669586058154],[74.97360513625051,12.95311652246204],[74.9481965162875,12.936930033677772],[74.96354098796867,12.919281956499603],[74.96498351793771,12.90279676273384],[74.95451521175306,12.89651100307228],[74.947683914039,12.902997480092857],[74.93390609356865,12.882873180687598],[74.95416507376926,12.88833516048933],[74.95145131340294,12.875437966449736],[74.96443113172046,12.855472609058083],[74.9771938018758,12.849836818797217],[74.9804972142447,12.82829235927232],[74.96273319629407,12.825928368496312],[74.96330571623147,12.841506371329556],[74.93873633401465,12.849070943357557],[74.92447375301607,12.801970719929285],[74.93037539317612,12.7948697630032],[74.90922520198892,12.779225506707261],[74.90092180362926,12.783528116504277],[74.90301222946572,12.765715488159648],[74.8831341859826,12.753975043693043],[74.8649366930938,12.759316902514282],[74.8247196022647,12.846974277102431],[74.77804353184568,13.063000429573972],[74.77790696523874,13.103119294745419],[74.79274476648862,13.096732506057842],[74.79868806130054,13.108193713031607],[74.79129747528796,13.116911099873763],[74.8098266158476,13.113347182292555],[74.81461007238464,13.122687737701579],[74.8337615472352,13.12925668756716]]]}},{"type":"Feature","properties":{"taluk":"Bantwal","districtId":26,"talukCode":"2402"},"geometry":{"type":"Polygon","coordinates":[[[75.03236444075607,13.014090620724312],[75.06630931743707,13.010244375341397],[75.0640135136511,13.000104866631272],[75.08518543674221,12.999609675734824],[75.0887408789809,12.987932619669564],[75.09820790362103,12.996344406160578],[75.11208878152603,12.990490059424953],[75.12445130926508,12.97425195078971],[75.15632804039615,12.980898794985613],[75.16918935611127,12.949546622450024],[75.16728669330406,12.940152759810337],[75.15471915931121,12.939666751941479],[75.16146946724321,12.924819327773953],[75.1866567836471,12.92973959630309],[75.20408567619269,12.909702202179812],[75.18641702241294,12.887639731608894],[75.20161747588632,12.882968562014206],[75.19898407966451,12.872194830866917],[75.16039319424411,12.852724700594571],[75.21728681430633,12.84157080830558],[75.21513757268033,12.824026522712712],[75.20271835259949,12.820630007080604],[75.19888903285596,12.807128710196155],[75.17797932343738,12.810038250687885],[75.17404585280356,12.80128362169601],[75.15592579161843,12.802974700023555],[75.14666580597799,12.794242775862017],[75.1570306631896,12.781259862890039],[75.14571942326066,12.772539349729417],[75.15081569284816,12.757349639385653],[75.16292910032385,12.73501717320034],[75.17824466918655,12.724485435269425],[75.16055175171489,12.680827543061016],[75.12895740923028,12.675844810417619],[75.1119678669652,12.681482506841302],[75.10539867882038,12.697724736691999],[75.08470733569473,12.705326733899847],[75.0872413135462,12.67611091006234],[75.06710014349188,12.663470244369629],[75.05928885594942,12.671535026397953],[75.04676789584771,12.666542531690524],[75.04042954069604,12.684073928190525],[75.04288075900033,12.693085667806871],[75.05599639111183,12.69315788201031],[75.05170708753215,12.72009432269352],[75.0378496484228,12.724182925171224],[75.01854151726798,12.721080111939246],[75.01567752814645,12.71390985176094],[75.00125643852985,12.716124914343053],[75.01323847202758,12.72826017627963],[74.98392828904926,12.736368523700255],[75.0082506721903,12.76706707701725],[75.00524505617105,12.790965477529332],[74.99824345553641,12.786612335947286],[74.9912293202642,12.795866334123911],[74.98254278930027,12.779965158205943],[74.96654885896945,12.776603027051054],[74.95054357830087,12.784518287975535],[74.91733464339791,12.771744952614249],[74.91737605164045,12.777214494700862],[74.90312823042464,12.766020144199864],[74.90092180362926,12.783528116504277],[74.90922520198892,12.779225506707261],[74.93037539317612,12.7948697630032],[74.92447375301607,12.801970719929285],[74.93873633401465,12.849070943357557],[74.96330571623147,12.841506371329556],[74.96273319629407,12.825928368496312],[74.98175141120412,12.831868818624114],[74.97653350831294,12.831422114659706],[74.97711239308431,12.84995472375561],[74.96443113172046,12.855472609058083],[74.95145131340294,12.875437966449736],[74.95416507376926,12.88833516048933],[74.93390609356865,12.882873180687598],[74.947683914039,12.902997480092857],[74.95451521175306,12.89651100307228],[74.96498351793771,12.90279676273384],[74.96354098796867,12.919281956499603],[74.94817162007413,12.936892543792032],[74.97360513625051,12.95311652246204],[75.01075750658867,12.95669586058154],[75.01708211339147,12.996206253542113],[75.02801163807239,12.999818646465531],[75.03236444075607,13.014090620724312]]]}},{"type":"Feature","properties":{"taluk":"Belthangady","districtId":26,"talukCode":"2403"},"geometry":{"type":"Polygon","coordinates":[[[75.35993041601344,13.184835483356018],[75.37821557954535,13.181348586825916],[75.40699740574236,13.158067609826709],[75.41176869187144,13.124946559375283],[75.40630056518953,13.111747710307174],[75.42376412707654,13.106117439609427],[75.43224193785933,13.120407108936865],[75.44392252744072,13.105991758269868],[75.45630840892673,13.109459251309145],[75.47366918096873,13.093966666556355],[75.46756994424831,13.076781408794906],[75.49170400382967,13.089286834313844],[75.51871636875954,13.060708999591789],[75.51488680682566,13.054734603998877],[75.52702397422235,13.049370709638673],[75.52014684241706,13.030449809042246],[75.52923246759896,13.025042762219176],[75.53002051887655,13.00197707625495],[75.52066552695484,12.985728394151666],[75.50183840380988,12.98110830760019],[75.55292657213369,12.950040980365094],[75.55299560697061,12.913538102658066],[75.54586677149345,12.90438043735338],[75.55237223061316,12.865300262978005],[75.50121990175147,12.866180609335109],[75.49557519198834,12.829906233626401],[75.47123729966044,12.82670688211204],[75.46426206619095,12.818238757730848],[75.44104611425814,12.832484746416966],[75.44764498686189,12.844286364674371],[75.44046666074503,12.869393394876548],[75.41551981417066,12.885147093413641],[75.41115009978041,12.876652253545632],[75.40064661474993,12.877326860275152],[75.4120131101118,12.86139374099659],[75.40488444884926,12.842069665648642],[75.38880160644496,12.84279373999651],[75.33835133631781,12.878987151292884],[75.3251847984612,12.856269248424328],[75.26491744265272,12.836983312735297],[75.1614241318288,12.852061395198564],[75.16948759805636,12.862876813582353],[75.19898407966451,12.872194830866917],[75.20161747588632,12.882968562014206],[75.18641702241294,12.887639731608894],[75.20408390475477,12.909382127179434],[75.19521874262523,12.926381984686394],[75.16146946724321,12.924819327773953],[75.15471915931121,12.939666751941479],[75.16728669330406,12.940152759810337],[75.16918935611127,12.949546622450024],[75.15632804039615,12.980898794985613],[75.12774225471208,12.973398220375437],[75.12445130926508,12.97425195078971],[75.11208878152603,12.990490059424953],[75.09820790362103,12.996344406160578],[75.0887408789809,12.987932619669564],[75.08518543674221,12.999609675734824],[75.0640135136511,13.000104866631272],[75.06630931743707,13.010244375341397],[75.04421820955828,13.016615893004863],[75.06704143384124,13.034200738980058],[75.06598667756032,13.044359239120856],[75.0778346093686,13.045415251269512],[75.09667382442557,13.088265485878779],[75.12239323126802,13.112277697947759],[75.1293584322091,13.133205864892316],[75.15234143613613,13.124931218935975],[75.1844802940589,13.161054999609382],[75.20703432184496,13.158270208976584],[75.20761557864068,13.151019664066002],[75.21592716713101,13.154606217866965],[75.24374483729109,13.129376261984232],[75.26181280232004,13.12371475429362],[75.27776558097871,13.131771608913649],[75.2850752048003,13.122763705070813],[75.29089250512804,13.129518286238842],[75.30390376790983,13.125709344089625],[75.31835576288164,13.139672399531557],[75.32430296342906,13.165917304516876],[75.35993041601344,13.184835483356018]]]}},{"type":"Feature","properties":{"taluk":"Puttur","districtId":26,"talukCode":"2404"},"geometry":{"type":"Polygon","coordinates":[[[75.3282767439235,12.855546638746333],[75.34330796426364,12.813665232108757],[75.33074067332747,12.809705560801486],[75.3221904310141,12.821107628486642],[75.29929989145016,12.817859341479672],[75.30156859721066,12.811312354302778],[75.27907754100158,12.798688888375258],[75.26915992368657,12.78293209196828],[75.27701856781694,12.777673509078571],[75.2908870858881,12.783309018057007],[75.29877231991154,12.763188234147743],[75.29344164837615,12.750506762982283],[75.30052565706957,12.707979764433224],[75.32416159215641,12.689766005146886],[75.3048386849661,12.681131677788558],[75.30748694778319,12.665588256415784],[75.32328540780978,12.665024539101374],[75.32779668217708,12.687688639917338],[75.34924547082593,12.667264033537236],[75.34123053919407,12.6630910882457],[75.35122653702638,12.65242577097547],[75.34133534487115,12.63715348290145],[75.35309843383773,12.613044465356182],[75.29907073858875,12.626038771875306],[75.26799821227287,12.614262174654879],[75.2625967192857,12.598493217262694],[75.23922464630498,12.580632056362235],[75.23803227988847,12.569112370498175],[75.21991373995756,12.568829513764015],[75.20925851707005,12.591555829927946],[75.2011283567678,12.587497266942792],[75.21060715047403,12.596972654371653],[75.19774164152503,12.61406792916761],[75.20133782329741,12.630356821120943],[75.19072696284292,12.635157465741909],[75.16083274797084,12.622355310653052],[75.13816175672633,12.643651499104717],[75.15722452527461,12.662828642129039],[75.16140914310907,12.671692489102378],[75.14842749818524,12.675033774758726],[75.1522394965698,12.682773057496563],[75.16075773264717,12.681008603096137],[75.17825050997823,12.724161824214894],[75.15081569284816,12.757349639385653],[75.14571942326066,12.772539349729417],[75.1570306631896,12.781259862890039],[75.14666580597799,12.794242775862017],[75.15592579161843,12.802974700023555],[75.17404585280356,12.80128362169601],[75.17797932343738,12.810038250687885],[75.19888903285596,12.807128710196155],[75.22138259107885,12.839408946720079],[75.26491744265272,12.836983312735297],[75.3282767439235,12.855546638746333]]]}},{"type":"Feature","properties":{"taluk":"Mudabidri","districtId":26,"talukCode":"2406"},"geometry":{"type":"Polygon","coordinates":[[[75.10021187773182,13.159882505382164],[75.12688732104326,13.13065330651229],[75.12603145768514,13.11754356507201],[75.09667382442557,13.088265485878779],[75.0778346093686,13.045415251269512],[75.06598667756032,13.044359239120856],[75.06704143384124,13.034200738980058],[75.03236444075607,13.014090620724312],[75.01107766387763,12.984348393602849],[74.98732601145072,12.992763566110195],[74.98537372822803,13.002873178083872],[74.9957054643163,13.005147144163578],[74.99911748509636,13.016479011390489],[74.98200925588372,13.026387737723425],[74.93297169778266,13.005139045140815],[74.93341699944031,13.03523080298081],[74.90792429438477,13.037935062922521],[74.90658450607296,13.02583480948798],[74.88435984081548,13.047618750094754],[74.89180718273647,13.066374638136072],[74.88755726984532,13.098705016378757],[74.91161881342099,13.108451267894093],[74.90894572086351,13.129004239104814],[74.93253610892368,13.146983181858394],[74.94249479277993,13.141473726512345],[74.93918745805674,13.131420319092689],[74.95230372753235,13.11806529522035],[74.97501474773263,13.12755208743817],[74.9944872726851,13.154294566740289],[75.01602349123392,13.13187487542913],[75.03592861500454,13.143209268530955],[75.05002540268377,13.135508962702627],[75.06655105705751,13.139695955936906],[75.0640616961551,13.146675734583722],[75.07892739181027,13.146397872945034],[75.08107447503447,13.158407011116813],[75.10021187773182,13.159882505382164]]]}},{"type":"Feature","properties":{"taluk":"Madikeri","districtId":34,"talukCode":"2501"},"geometry":{"type":"Polygon","coordinates":[[[75.67490248970725,12.608621183066553],[75.73151656638962,12.591879081487436],[75.73262719272347,12.539563687041616],[75.75681497848267,12.540852393619907],[75.76772997561775,12.524586540762419],[75.78601477920381,12.48487238556584],[75.770614094134,12.469225013665113],[75.79409977304239,12.425452761925428],[75.78662120074925,12.412432913694563],[75.80017953325988,12.399008354482884],[75.79897878813212,12.388159975017842],[75.82026119785341,12.3739917038035],[75.81942813599915,12.361392674103481],[75.83573475837689,12.34135381478011],[75.83183776575208,12.332991568682978],[75.84393542673288,12.330705175621864],[75.84897654153762,12.312399184556648],[75.82805213314708,12.298708472036033],[75.8306785960459,12.307740648014398],[75.8218387238611,12.315543805324962],[75.80720579207951,12.299444419303075],[75.81006767868195,12.292509773954018],[75.79129208017838,12.302397924306117],[75.76941671584524,12.276038917170109],[75.75912084508776,12.282823971629867],[75.75149364075875,12.273632774286513],[75.745266415133,12.28444434621621],[75.72735518941342,12.27281613700156],[75.71574732796529,12.24796352825258],[75.73861239073725,12.237996120014733],[75.74235125956152,12.21521208482205],[75.7344178723173,12.217400811475198],[75.72939105136355,12.20861332751041],[75.7247426310111,12.216321445700597],[75.71414228739809,12.213807227465836],[75.71804611114548,12.206045588169195],[75.69566915786977,12.177505100368577],[75.68444025008979,12.177181684944216],[75.66938296003144,12.162420490616972],[75.66137598343596,12.142273563711129],[75.6762208595729,12.108857289738125],[75.66753273093497,12.097667568712032],[75.64895751407364,12.109667276873536],[75.6359582646145,12.149290102086384],[75.61871237008216,12.156752214877965],[75.59583022065759,12.15449314945151],[75.59250529207046,12.14796231725614],[75.55612378230767,12.180260964872003],[75.54703206778328,12.197728552378825],[75.53170438905471,12.20244642713279],[75.53891521223426,12.21519591317062],[75.51708727979994,12.23519326016563],[75.50534673732605,12.271545185825989],[75.49359140167586,12.273458835441037],[75.47931952413644,12.295859721815901],[75.42959927512165,12.299424975991133],[75.41402260167033,12.291362320790709],[75.43249213248924,12.309304364985506],[75.42048442662437,12.319506603053487],[75.41066857414798,12.347663225294571],[75.42185098658425,12.37386158405124],[75.36711496465543,12.404372864442555],[75.3586214302252,12.400734318634905],[75.36321307357512,12.450276080548656],[75.38601753320262,12.454781172266978],[75.39471253603631,12.449158466139588],[75.42509048423639,12.471931448380962],[75.41508535909509,12.504669219724851],[75.41812972962829,12.514547082341954],[75.43357314352092,12.516479488387464],[75.43553020053085,12.52890088993607],[75.47260822233413,12.500549722441392],[75.46178950822164,12.48920632755742],[75.46168216128737,12.471366914175528],[75.47460939176554,12.46101285062357],[75.48007835625867,12.46830342851264],[75.49160940393402,12.460356991104176],[75.49453373183066,12.483981534928576],[75.52509417200355,12.489760837734766],[75.53029591066176,12.498822542490712],[75.56595903066754,12.483968373115072],[75.56563432975979,12.49213972865309],[75.55309444196536,12.497568321477571],[75.59191252341708,12.536319910777333],[75.6058231720487,12.51058971576803],[75.61551087791888,12.509347272628023],[75.64145539027139,12.537498819185192],[75.66646135183753,12.546559575289267],[75.67026237667424,12.557967800241668],[75.66017476412061,12.595866058377592],[75.67490248970725,12.608621183066553]]]}},{"type":"Feature","properties":{"taluk":"somawarpet","districtId":34,"talukCode":"2502"},"geometry":{"type":"Polygon","coordinates":[[[75.87839198705727,12.8334387563679],[75.9091978352501,12.816350433456234],[75.91994313394147,12.828120894916763],[75.9281690522098,12.821389418324726],[75.92538256694075,12.811370681960286],[75.94709848017568,12.80798010047866],[75.94926964163463,12.80016625496711],[75.96751390543861,12.803719807788768],[75.97101177280076,12.782656855628078],[75.95824405592411,12.782185767313331],[75.95290647094397,12.768022453020901],[75.93284193558553,12.763683419011082],[75.94322381586703,12.718658133861405],[75.96614471769993,12.70976742633811],[75.95619808403232,12.67824454973759],[75.93997779165767,12.674399637606145],[75.94759850284372,12.663986527213297],[75.93624431279832,12.629838997710241],[75.9492984270203,12.621014539132576],[75.93978443592773,12.60631448907396],[75.96456394903332,12.560538674944995],[75.97492250988587,12.562437521513926],[75.96911750885145,12.576927344118884],[75.9889563127186,12.574126196109685],[75.9936192180983,12.588227393873954],[76.00239375170572,12.574577060608966],[76.01819999207723,12.570905805305605],[76.01183967099381,12.554979929318485],[75.9905150716176,12.559437315591053],[75.99876864962543,12.54686756877675],[75.98244944945107,12.540913558698271],[75.99313815575542,12.521305620208524],[75.97574521834599,12.52021304976206],[75.95994333491278,12.505272196746175],[75.97199145177815,12.45009250081769],[75.94630927063739,12.449570435045004],[75.92587621148844,12.436901542760388],[75.91056855751678,12.405594203861456],[75.9141752484103,12.381160201380226],[75.8973864135249,12.367610226247821],[75.90327040349987,12.346285754229866],[75.88420248376151,12.341299678989337],[75.87809504886019,12.331580433711505],[75.88721145897279,12.319257157639742],[75.87379495506481,12.306483866488792],[75.85704280393534,12.305071702790602],[75.85354033648083,12.29576059014786],[75.84504373129617,12.32909875143561],[75.83183776575208,12.332991568682978],[75.83573475837689,12.34135381478011],[75.81942813599915,12.361392674103481],[75.82026119785341,12.3739917038035],[75.79897878813212,12.388159975017842],[75.80017953325988,12.399008354482884],[75.78662120074925,12.412432913694563],[75.79409977304239,12.425452761925428],[75.770614094134,12.469225013665113],[75.78598335217539,12.484612694823811],[75.77863273043383,12.502759795065076],[75.75681497848267,12.540852393619907],[75.73262719272347,12.539563687041616],[75.73151656638962,12.591879081487436],[75.67532041455786,12.608686812347585],[75.66017476412061,12.595866058377592],[75.64154284375238,12.633054623219468],[75.64806872156187,12.666408882045452],[75.66666438235536,12.698068913383082],[75.70484296788305,12.706313270266252],[75.71991673293437,12.70532280577351],[75.72231935504576,12.696701360969838],[75.73127180900246,12.697403996993488],[75.74315927410316,12.681108758330573],[75.76046726029686,12.673605686561014],[75.80750752065072,12.701278378827007],[75.83491743552338,12.670868925115954],[75.88605396789328,12.674514333168581],[75.884923354341,12.707945282875414],[75.8530153629699,12.724716102297354],[75.84901089657565,12.74991942294181],[75.85967753022732,12.757300982453142],[75.85787599852632,12.770214477789231],[75.87317787329543,12.769675946868125],[75.87767230178633,12.776300623325454],[75.86330032860464,12.795430158131577],[75.86360671623613,12.818988202990802],[75.87587373229098,12.82360142870652],[75.87839198705727,12.8334387563679]]]}},{"type":"Feature","properties":{"taluk":"Virajpet","districtId":34,"talukCode":"2503"},"geometry":{"type":"Polygon","coordinates":[[[75.92222851306526,12.386528384174646],[75.9717364942378,12.353000379614024],[75.96759909307536,12.343540715725128],[76.00251068857014,12.329921892560929],[75.99438180065283,12.317843298725185],[76.01406219290689,12.292646880704835],[76.0135315172998,12.26884739218741],[76.02450329100573,12.248497919743253],[76.04035688280848,12.252589428531035],[76.05181065620212,12.245734404543343],[76.0596012849115,12.253741268800464],[76.1022495646906,12.196653138820343],[76.13153562101986,12.197840939621935],[76.14312428299186,12.156889823843132],[76.17089308993793,12.118035964214702],[76.17509967840199,12.08172734390945],[76.1889590472515,12.050384569426074],[76.1837816799548,12.035861675846247],[76.14810459369514,12.015230500585465],[76.12223538691394,11.979368064420388],[76.06275208571829,11.960900969148575],[76.0331321054068,11.940302430085037],[76.01306210355725,11.94181940516242],[76.00342396783545,11.930994017015376],[75.89697250501236,11.945794889506839],[75.8586833191872,11.959718940968289],[75.84976006575731,11.98445000324647],[75.83153810303318,11.991812323261064],[75.82478981171637,12.012662848313532],[75.801635912365,12.036164313413476],[75.79466024992179,12.056652511549586],[75.79999976009853,12.079577913407444],[75.7535660239488,12.084852279009915],[75.71491994064885,12.070654446698054],[75.71797713916438,12.08592532149979],[75.70222975504038,12.092497762546568],[75.70318411301639,12.108266941356602],[75.68778950884229,12.110612539857925],[75.67311873241599,12.098237343192682],[75.67567902838152,12.111503618358944],[75.66137598343596,12.142273563711129],[75.66938296003144,12.162420490616972],[75.68444025008979,12.177181684944216],[75.69544412635958,12.177247871907523],[75.71773707406653,12.205579062783936],[75.71414228739809,12.213807227465836],[75.7247426310111,12.216321445700597],[75.72939105136355,12.20861332751041],[75.7344178723173,12.217400811475198],[75.74218504812961,12.214832236736749],[75.73861239073725,12.237996120014733],[75.71574732796529,12.24796352825258],[75.72769092517726,12.27316452206251],[75.745266415133,12.28444434621621],[75.75149364075875,12.273632774286513],[75.75912084508776,12.282823971629867],[75.76941671584524,12.276038917170109],[75.79129208017838,12.302397924306117],[75.81006767868195,12.292509773954018],[75.80720579207951,12.299444419303075],[75.8218387238611,12.315543805324962],[75.8306785960459,12.307740648014398],[75.82805213314708,12.298708472036033],[75.8456171441665,12.310000409687694],[75.8532951186038,12.295784401132286],[75.8573043073732,12.305239065321512],[75.87489856766042,12.307004800773221],[75.88757269984923,12.320623442498642],[75.87809504886019,12.331580433711505],[75.88322278221142,12.340091187802106],[75.90420129284163,12.348201128783204],[75.8973864135249,12.367610226247821],[75.92222851306526,12.386528384174646]]]}},{"type":"Feature","properties":{"taluk":"Piriyapatna","districtId":40,"talukCode":"2601"},"geometry":{"type":"Polygon","coordinates":[[[76.0459668620103,12.577578695066835],[76.04776989265059,12.561299927191078],[76.06981179998948,12.556680728075431],[76.08027966078983,12.543617921340386],[76.08984876566251,12.5473332649513],[76.09386478334903,12.543145242317443],[76.08662173547563,12.53779364317093],[76.1035346909126,12.530310828934406],[76.11188266528156,12.513612165243952],[76.11909006903592,12.519209654036164],[76.11541483755114,12.529232672472684],[76.13467584100147,12.529579273852962],[76.13495154723002,12.517864708037886],[76.18863149847463,12.514575879603603],[76.19678789297669,12.496702113258996],[76.20722448978033,12.507476799332432],[76.2295117320736,12.502186753688505],[76.21933210036592,12.446734045546622],[76.23773902821917,12.441334436322412],[76.23851359930167,12.427429755777874],[76.21355005723194,12.417493380580263],[76.24385815594121,12.394710085930067],[76.23187205897678,12.39261333888539],[76.23561492237076,12.37493740872141],[76.20924882050038,12.36514766351784],[76.192647188985,12.37548962683713],[76.18298002265385,12.370226017442027],[76.18036268471288,12.356203937780267],[76.16369219197773,12.354298229084018],[76.1650790927773,12.342968281770732],[76.17973680344294,12.3359285773018],[76.18411068078038,12.324016907881868],[76.15749397941626,12.325927075025911],[76.15621051942888,12.277613599739322],[76.12327700028712,12.259131841884761],[76.12207311378117,12.244509802240268],[76.10160183451673,12.228287745863984],[76.13571003741819,12.201136856577179],[76.1188382356409,12.192590321213098],[76.09950638842248,12.199332381576104],[76.0596012849115,12.253741268800464],[76.05181065620212,12.245734404543343],[76.04035688280848,12.252589428531035],[76.02450329100573,12.248497919743253],[76.0135315172998,12.26884739218741],[76.01406219290689,12.292646880704835],[75.99438180065283,12.317843298725185],[76.00075488050484,12.332234717978473],[75.96759909307536,12.343540715725128],[75.9717364942378,12.353000379614024],[75.93190075929739,12.382310310651642],[75.91479785308415,12.383293043742603],[75.91023955395458,12.393841944756112],[75.92587621148844,12.436901542760388],[75.94630927063739,12.449570435045004],[75.97199145177815,12.45009250081769],[75.95994333491278,12.505272196746175],[75.97574521834599,12.52021304976206],[75.99313815575542,12.521305620208524],[75.98244944945107,12.540913558698271],[75.99876864962543,12.54686756877675],[75.99084756304053,12.560084457569586],[76.01183967099381,12.554979929318485],[76.02145390200654,12.577176404925055],[76.0459668620103,12.577578695066835]]]}},{"type":"Feature","properties":{"taluk":"Hunsur","districtId":40,"talukCode":"2602"},"geometry":{"type":"Polygon","coordinates":[[[76.32912955463982,12.428772606634343],[76.38015616586566,12.413501022712904],[76.38234929952533,12.40285288652617],[76.39446494594026,12.395934274517977],[76.43657889444279,12.393614715115268],[76.44424942014986,12.41953608010484],[76.46786386656731,12.411105855544339],[76.46796276906235,12.38179862450288],[76.48989879670229,12.37504607656883],[76.492752402946,12.359179556613306],[76.51809951663417,12.353924486324269],[76.50729991185909,12.34466238169383],[76.48619809704829,12.28344752227728],[76.46367508151695,12.289822222589299],[76.45751302845451,12.263319764880857],[76.44394778379475,12.272540434690423],[76.43528671381415,12.252325335958442],[76.41721921519375,12.236809426326417],[76.42085110200685,12.209437423356869],[76.43833373001954,12.209068960592248],[76.4452555200102,12.191238537944818],[76.40077202916197,12.175940197966892],[76.40371729952818,12.16584292486771],[76.3662445997313,12.159059192338933],[76.33804812226207,12.184422296782559],[76.32044662742067,12.180158092700514],[76.3106756297545,12.200496229449614],[76.31026702020327,12.193710025907734],[76.29539835773932,12.190053194575999],[76.26673207923726,12.210836929002618],[76.24762604758618,12.202664567869347],[76.23085952841876,12.181537386564802],[76.24466564702819,12.162986677920253],[76.16655287648842,12.122951929534235],[76.14312428299186,12.156889823843132],[76.13022828438271,12.20014957929649],[76.13571003741819,12.201136856577179],[76.1000135008542,12.224867490658463],[76.12207311378117,12.244509802240268],[76.12327700028712,12.259131841884761],[76.15621051942888,12.277613599739322],[76.15749397941626,12.325927075025911],[76.18411068078038,12.324016907881868],[76.17973680344294,12.3359285773018],[76.1650790927773,12.342968281770732],[76.16369219197773,12.354298229084018],[76.18036268471288,12.356203937780267],[76.18298002265385,12.370226017442027],[76.192647188985,12.37548962683713],[76.20924882050038,12.36514766351784],[76.23561492237076,12.37493740872141],[76.23187205897678,12.39261333888539],[76.24385815594121,12.394710085930067],[76.21541567247515,12.41228759569356],[76.2153449920285,12.422552258060483],[76.25781585391897,12.426502941963365],[76.30629628218875,12.399181406520196],[76.31509327328962,12.421596157194713],[76.3267416495104,12.419086085412415],[76.32912955463982,12.428772606634343]]]}},{"type":"Feature","properties":{"taluk":"K.R.Nagar","districtId":40,"talukCode":"2603"},"geometry":{"type":"Polygon","coordinates":[[[76.35216031602114,12.650430584029555],[76.36414597356884,12.626792721264398],[76.36320294859082,12.6093978120511],[76.37720616405112,12.575669901766478],[76.39638416473002,12.568841130617837],[76.38926814356982,12.551685167736354],[76.41154242683682,12.55699581109249],[76.42698072619561,12.542368367751743],[76.4218157947773,12.531901239278728],[76.44754205210016,12.50656963027723],[76.45129795288227,12.48587609556133],[76.4937834781719,12.4654688230324],[76.50353229602707,12.451305435106626],[76.45974385042723,12.441637430165864],[76.47349238281356,12.415350340669324],[76.45519312558623,12.41108336359358],[76.4432130283398,12.419140028409078],[76.43657889444279,12.393614715115268],[76.39446494594026,12.395934274517977],[76.38234929952533,12.40285288652617],[76.38107383323906,12.412904154772246],[76.35543064980013,12.426205314674434],[76.32912955463982,12.428772606634343],[76.32686433305481,12.419137449141045],[76.31509327328962,12.421596157194713],[76.30629628218875,12.399181406520196],[76.25781585391897,12.426502941963365],[76.23869766116077,12.42486702332206],[76.23773902821917,12.441334436322412],[76.21933210036592,12.446734045546622],[76.2295117320736,12.502186753688505],[76.20722448978033,12.507476799332432],[76.19678789297669,12.496702113258996],[76.18863149847463,12.514575879603603],[76.13394895926547,12.518447144437634],[76.13598640343022,12.537780352690849],[76.15261085064631,12.546467374069532],[76.15225459893024,12.580144760698765],[76.19643443666494,12.57748512613723],[76.1920821929053,12.5933256058593],[76.20436000227464,12.61473244696419],[76.21356311825475,12.6167269652707],[76.21645244705498,12.62530317432847],[76.2075114425216,12.634953077948962],[76.21821344754449,12.644102847567334],[76.24383720953664,12.637711514776283],[76.25513734877734,12.620593980554178],[76.26546363098889,12.619081722434457],[76.26583087367327,12.628616983007726],[76.27936821217139,12.63336873083142],[76.27961801175891,12.617046129804391],[76.28728127954378,12.615555915043036],[76.29935888679803,12.629110888684894],[76.30095485343455,12.621947669862392],[76.30927830904979,12.62231157041069],[76.30605458616422,12.611210240019815],[76.30635297589663,12.60940099032533],[76.32715911084297,12.610125041025203],[76.32262245700764,12.634216249883995],[76.34060505833311,12.653697131808363],[76.35216031602114,12.650430584029555]]]}},{"type":"Feature","properties":{"taluk":"Mysuru","districtId":40,"talukCode":"2604"},"geometry":{"type":"Polygon","coordinates":[[[76.5185846360067,12.450751361017605],[76.56907247037614,12.425097939592831],[76.56574248318903,12.399159177533011],[76.55743046328473,12.4010765730814],[76.55448757304688,12.391224420290339],[76.56956410082925,12.37331776205921],[76.58711013069289,12.375167074965335],[76.58861805071399,12.363713138621636],[76.62567166854477,12.369108560697818],[76.64694737608303,12.397131432279416],[76.6638294596811,12.386464635569064],[76.68287392882435,12.391379233934284],[76.6812155842882,12.367927101995267],[76.69863715445203,12.350377710423759],[76.71822418678722,12.35669324047027],[76.73003968251132,12.342753853115159],[76.73206339925066,12.315546431240978],[76.74138684114524,12.321759862035112],[76.75194407170254,12.30203138564507],[76.76482177116347,12.312489664264422],[76.765915865659,12.35121527807564],[76.78921638151533,12.346999312101131],[76.79956241761704,12.356735960413234],[76.81293977517622,12.353259589410495],[76.80517150703534,12.329835626711613],[76.81645439918199,12.317072971372749],[76.79095230312772,12.307756451955647],[76.78743139987048,12.299649002934352],[76.83088319904532,12.260210989435375],[76.83285631152845,12.20902535395153],[76.81711960228874,12.194501677476095],[76.77873227164355,12.231716132389668],[76.76571560552452,12.225298432506612],[76.75149374201725,12.200486913624232],[76.73503282389896,12.200593753581584],[76.72588951508789,12.188030249075997],[76.7083229693779,12.18904180421167],[76.7045331977253,12.202280367552843],[76.6967380121474,12.202268400881483],[76.69717377809583,12.184217041043878],[76.68796781983878,12.175952767457972],[76.68152322596241,12.185642789049679],[76.67022196091122,12.17878767703685],[76.65781865913549,12.18190636328184],[76.65282867366724,12.171125145790128],[76.62736482773651,12.163429642110179],[76.62599036588207,12.148715166382079],[76.6178401333122,12.14440358581141],[76.60662450075411,12.148317033077548],[76.57756389239373,12.137830615261697],[76.56004136886175,12.154324187378313],[76.53663172478467,12.150843798645585],[76.54676319167778,12.128771241484408],[76.53680586395376,12.121808141434228],[76.5314140795073,12.125110935687115],[76.53491070703221,12.146782229400312],[76.50969451155818,12.140425336111722],[76.49491931853944,12.168491350022919],[76.48740031444876,12.169041282316847],[76.4806006359875,12.1362888630407],[76.4655939276333,12.135648757021407],[76.47002562824449,12.153449534519607],[76.45386557632501,12.162692895626082],[76.46919716156016,12.165590545323228],[76.46818426509181,12.171810167897613],[76.45910640357276,12.170903432019072],[76.44302939362633,12.17620065004831],[76.48319981544635,12.197761025978131],[76.49737734309329,12.197631418047678],[76.50180924221553,12.181307448308734],[76.51612215214789,12.198438272467424],[76.51749151719315,12.244356734626882],[76.507152101489,12.249157665822633],[76.50629702443129,12.26829942297461],[76.48419813792471,12.26885091689774],[76.50729991185909,12.34466238169383],[76.51809951663417,12.353924486324269],[76.492752402946,12.359179556613306],[76.48989879670229,12.37504607656883],[76.46796276906235,12.38179862450288],[76.46330547786258,12.394117000467833],[76.47371705425903,12.416335414974894],[76.45873062976436,12.440264092780408],[76.4770694403491,12.4500829428315],[76.49180148772973,12.444263270725473],[76.5185846360067,12.450751361017605]]]}},{"type":"Feature","properties":{"taluk":"Nanjangud","districtId":40,"talukCode":"2606"},"geometry":{"type":"Polygon","coordinates":[[[76.78041612079167,12.230088056651876],[76.81711960228874,12.194501677476095],[76.83285631152845,12.20902535395153],[76.83380042645203,12.226021200232909],[76.84214297376131,12.227595965807362],[76.84463865838357,12.215092742597946],[76.86868767446309,12.207865046327644],[76.86760918675022,12.19627861102483],[76.85124476356255,12.179224909778666],[76.85347266304848,12.170910394522886],[76.84551750797148,12.169154988408511],[76.85212857909796,12.15897236609504],[76.84087529406172,12.156794746044149],[76.83108826068121,12.135554018923278],[76.84522880207656,12.113255942250577],[76.87670877033356,12.115370152289088],[76.88384547384483,12.083288313898748],[76.87056855026957,12.063767126033108],[76.85318023463833,12.06027626883962],[76.89073918918677,12.058791898931712],[76.89003707805992,12.049740157729357],[76.910327135183,12.041699908956323],[76.91529527466137,12.02583612789692],[76.93896889370778,12.026499394612163],[76.93586489322983,12.01297667396687],[76.92355774062767,12.013198203618254],[76.90433567588919,11.998527032525015],[76.88653001317365,11.999521306456328],[76.88315317016718,12.015600453494972],[76.87281545797912,12.005552767800829],[76.85836223607876,12.007391956124662],[76.85628745809355,11.999582355652247],[76.8370459106429,11.999702925668766],[76.82155490069384,12.0100627589524],[76.81797390674238,12.028026105880272],[76.79424766018673,12.013752678688032],[76.79630574139578,11.989255769962352],[76.78741444930071,11.985498118549362],[76.74935825927595,11.999548930583],[76.7426065835722,12.009879181511323],[76.71601779231493,11.984018748072044],[76.70308854721144,11.98524776173166],[76.69479639912679,12.000605126190278],[76.65975018095641,12.007769636314725],[76.65061878851348,12.007355219997393],[76.64205173866958,11.981702171892833],[76.60847903866542,11.992779949576382],[76.59708082194793,11.984368661416829],[76.5785287782299,11.988344931160752],[76.57273814564755,11.964741835988193],[76.5577445475631,11.947705556280997],[76.57148815463128,11.939405962959482],[76.57698848890095,11.922688288109812],[76.57140134461594,11.899888365645722],[76.55727717936702,11.893393204078608],[76.55432381079405,11.858314607883802],[76.5317041987345,11.874848866168731],[76.48676105078063,11.859203807714605],[76.45759928219245,11.86080186973963],[76.45589948724827,11.86862409035826],[76.47728862078317,11.86732256713445],[76.46643142157063,11.874882428630334],[76.47226239223743,11.877773010560405],[76.48271129777551,11.873114573264468],[76.47991860784586,11.882634343219042],[76.46468309690079,11.879540009074562],[76.46570400704084,11.88957404842595],[76.48827567109085,11.889703001681191],[76.50161472349514,11.899756095119281],[76.48976620202285,11.911523106627984],[76.48903812499884,11.940095779578485],[76.47207657995857,11.924770271966237],[76.47113993236552,11.934295190227243],[76.4744396664303,11.947407617246487],[76.49029536907602,11.949482048803441],[76.49281976676451,11.969649817546525],[76.50111301120036,11.971599453080742],[76.49579301002521,11.992209921242146],[76.48320013120643,11.995572527902263],[76.50421815452944,12.001361943531311],[76.50648723783027,12.015802073993015],[76.49880039427796,12.019528237185305],[76.50786156222465,12.032613108017168],[76.47666220891813,12.026633878400167],[76.46371621656006,12.033145856141182],[76.47880600784431,12.043517868679908],[76.46151053667636,12.039813637300481],[76.47387732097799,12.05889112401893],[76.45341844296027,12.059871664518344],[76.44902840321461,12.051072909516936],[76.43416595858965,12.05877673430113],[76.43424666757616,12.078388447538298],[76.45084997605282,12.078133281361444],[76.45175287122953,12.095884554003845],[76.44129858524894,12.09156204615772],[76.43430660346247,12.11801893686869],[76.4531841205569,12.11630070866289],[76.45308369810823,12.09928608548877],[76.46677532421405,12.109537712059065],[76.47349773634241,12.095794370622647],[76.4970656126981,12.104871794739925],[76.52782156892133,12.09981674697478],[76.54676319167778,12.128771241484408],[76.53663172478467,12.150843798645585],[76.56004136886175,12.154324187378313],[76.57756389239373,12.137830615261697],[76.60662450075411,12.148317033077548],[76.6178401333122,12.14440358581141],[76.62599036588207,12.148715166382079],[76.62736482773651,12.163429642110179],[76.65282867366724,12.171125145790128],[76.65781865913549,12.18190636328184],[76.67022196091122,12.17878767703685],[76.68152322596241,12.185642789049679],[76.68796781983878,12.175952767457972],[76.69717377809583,12.184217041043878],[76.69296422003781,12.200570310270315],[76.7045331977253,12.202280367552843],[76.7083229693779,12.18904180421167],[76.72588951508789,12.188030249075997],[76.73503282389896,12.200593753581584],[76.75149374201725,12.200486913624232],[76.76571560552452,12.225298432506612],[76.78041612079167,12.230088056651876]]]}},{"type":"Feature","properties":{"taluk":"Yalandur","districtId":22,"talukCode":"2703"},"geometry":{"type":"Polygon","coordinates":[[[77.08371004602074,12.132738863511687],[77.07660305200396,12.11775080591801],[77.0992825710272,12.095840095512646],[77.1034164910816,12.073614199443492],[77.14831226994198,12.063069113593913],[77.15552511166479,12.027091264865868],[77.17721271071267,12.014725373485598],[77.18512140817947,11.989481570182702],[77.17395450221173,11.875912842411427],[77.14225603824987,11.887792280194624],[77.1327999741435,11.900274071701485],[77.13746007028546,11.929384176466087],[77.10335833527161,11.954930156519428],[77.10869984500951,11.983130609218458],[77.06349023153922,12.005791075502266],[77.055956794356,12.001974108146623],[77.05581672818047,12.016356957993539],[77.0458620926511,12.015565754211778],[77.04294852366415,12.032117109940202],[77.03603603559542,12.032799394593418],[77.03573111758487,12.018033085867105],[77.02299820516654,12.002501093328954],[77.0081830595095,12.006947357029718],[77.00583800386352,12.030704709435346],[76.98500471276239,12.063575197573787],[76.98534966433085,12.080586705939666],[76.99474690173595,12.081489350093221],[76.99429374337029,12.108266978618458],[77.04316829481269,12.11472378877054],[77.06686502022279,12.13235024470337],[77.08371004602074,12.132738863511687]]]}},{"type":"Feature","properties":{"taluk":"gauribidanur","districtId":23,"talukCode":"2801"},"geometry":{"type":"Polygon","coordinates":[[[77.67977465286806,13.785158311400686],[77.67738563369905,13.766623483899307],[77.6570538761094,13.745092615111522],[77.68213185208397,13.727861320413606],[77.71986372627036,13.72516968548726],[77.71799304980267,13.705157356429684],[77.68635055751409,13.69680460591481],[77.67910642612433,13.68180086007246],[77.64348306296226,13.683108577638606],[77.64015042394118,13.67124838741088],[77.65628906907625,13.644864685670466],[77.6519799462021,13.597837246963383],[77.6379045070613,13.581326811130513],[77.6621274735369,13.576937866465038],[77.64747872968786,13.539584647753196],[77.6831329976937,13.504003116871619],[77.67208442457611,13.481524487072521],[77.63462361269984,13.481692152722427],[77.62541349678828,13.493933720492016],[77.60865035006836,13.47538479863929],[77.61581024976513,13.459821411375524],[77.61028706929856,13.423231350806516],[77.60235140580149,13.442072346322638],[77.5892497730089,13.436228381486432],[77.59239319430309,13.418545158262074],[77.55191032426707,13.418262500689316],[77.55086720199053,13.434650979196476],[77.52078453872748,13.431881827312136],[77.51640469813731,13.4434693988984],[77.50439776915549,13.44509832509172],[77.50646259065026,13.45628533274754],[77.47183464542115,13.469194040220833],[77.4362501186631,13.463017016669715],[77.4229148582709,13.471459991662053],[77.42626494742314,13.482175504603578],[77.41592668395157,13.491014742652084],[77.38405736424438,13.499266845713864],[77.38166516902868,13.514716047646726],[77.39168820233385,13.528764115509787],[77.37970749634057,13.548004768486026],[77.38299172144953,13.574967181324872],[77.37440195584011,13.589851786649254],[77.36365602299081,13.59014956710462],[77.36021529934814,13.613100441409939],[77.36871583821608,13.641051846190738],[77.3971694929442,13.67453682144018],[77.43547959399753,13.67324594566927],[77.43709658606306,13.684116598134217],[77.48841259221722,13.686802821401972],[77.48347953516883,13.715692329191288],[77.51448382152672,13.712940256930217],[77.51189666230003,13.697246787765929],[77.52880784153407,13.693120831830566],[77.53640208359194,13.73071447323956],[77.522075376321,13.744673264637425],[77.52505533174542,13.753304625145999],[77.54450647046565,13.75478162277187],[77.56043234719972,13.72228775660669],[77.5713028295606,13.738350857231566],[77.58677583785861,13.733578157062027],[77.60009207089877,13.751045060998411],[77.61339355758948,13.752005750214153],[77.6275232702301,13.734663675464967],[77.64200665166365,13.748292285803295],[77.61846278592222,13.755025776110518],[77.62050465846391,13.768139015613563],[77.65164613616048,13.783896755524719],[77.67977465286806,13.785158311400686]]]}},{"type":"Feature","properties":{"taluk":"chikballapur","districtId":23,"talukCode":"2802"},"geometry":{"type":"Polygon","coordinates":[[[77.72894763779898,13.665345250928318],[77.74818630893813,13.64394978507124],[77.75352998564,13.656762751350263],[77.74904756774801,13.636548136013605],[77.77745097075157,13.633199947513006],[77.77699101582886,13.622015165134693],[77.76129875704987,13.620639802719932],[77.77047711487789,13.61031914910856],[77.80976856303002,13.626095815805858],[77.81429336499224,13.61241161107839],[77.83173986700581,13.610686380976293],[77.83458446754119,13.58797989535467],[77.87021300553948,13.584453865587486],[77.8710586169786,13.570702498610261],[77.83855868559698,13.55839141220841],[77.82603495272518,13.537998643018653],[77.81102158587137,13.533745273602886],[77.81760232935385,13.515075015284562],[77.83036430090779,13.510311114283146],[77.82768025048829,13.481774802397318],[77.84367324509921,13.462910271609871],[77.8381329096442,13.453397771555153],[77.84422470946967,13.440846354465757],[77.83214820054572,13.436263171069088],[77.82515446933131,13.414373137146194],[77.84167343806833,13.394618749509158],[77.83870365789161,13.378673272849753],[77.8257090913919,13.369061803009885],[77.81317755935346,13.374264289333258],[77.7987700826478,13.36711219982183],[77.79117469419457,13.35169632593914],[77.75450699676145,13.36456519137821],[77.74192118917422,13.36099305244647],[77.74464299484181,13.353629496103467],[77.72741478630944,13.362818245934644],[77.72804747960657,13.351014941691162],[77.71586862385001,13.35108437344791],[77.71764844855133,13.363323765248426],[77.70906645207731,13.36557778772755],[77.69876629395732,13.35879361618769],[77.69891189992892,13.336021677517756],[77.68296548233191,13.35275996209188],[77.67826792022865,13.34505408907795],[77.65526288818785,13.357058969804735],[77.66117614661998,13.375784426076795],[77.65104484530721,13.386428469873737],[77.6575784550492,13.397748653122514],[77.63824931973271,13.393932883727413],[77.63279722734255,13.375525987113113],[77.62091010466035,13.375188426173585],[77.6124088272927,13.385903409802248],[77.62039748711011,13.402539184055245],[77.60756107435039,13.407893585635499],[77.60335651224293,13.397465198407088],[77.599048365273,13.413658313211972],[77.61591360379838,13.41910815273201],[77.61028706929856,13.423231350806516],[77.61581024976513,13.459821411375524],[77.60865035006836,13.47538479863929],[77.62386912047356,13.492937654838476],[77.63462361269984,13.481692152722427],[77.67208442457611,13.481524487072521],[77.6831329976937,13.504003116871619],[77.64747872968786,13.539584647753196],[77.6621274735369,13.576937866465038],[77.6379045070613,13.581326811130513],[77.6519799462021,13.597837246963383],[77.65603931214505,13.645189634956724],[77.668395654189,13.633512426382529],[77.72442848903614,13.625338225613929],[77.72428073967659,13.635893804816757],[77.7132408557888,13.639532312575746],[77.71775464647791,13.658657507288904],[77.72894763779898,13.665345250928318]]]}},{"type":"Feature","properties":{"taluk":"gudibande","districtId":23,"talukCode":"2803"},"geometry":{"type":"Polygon","coordinates":[[[77.75469117910589,13.77787289844079],[77.7663862591547,13.73800700398338],[77.76037562679834,13.728737140942577],[77.77360576247385,13.731988298526879],[77.78566327137581,13.715520677650812],[77.79865468940599,13.728611161381199],[77.81629980351762,13.716114314635954],[77.82943422541005,13.680851940715746],[77.84617295214053,13.679836116590165],[77.86115585852217,13.667292912348003],[77.8625687621588,13.640467385966515],[77.83797481309598,13.646341430003519],[77.84284914460275,13.621522238720056],[77.83173986700581,13.610686380976293],[77.81429336499224,13.61241161107839],[77.80976856303002,13.626095815805858],[77.80130456923182,13.627430940042007],[77.77047711487789,13.61031914910856],[77.76129875704987,13.620639802719932],[77.77699101582886,13.622015165134693],[77.77745097075157,13.633199947513006],[77.74904756774801,13.636548136013605],[77.75562634297316,13.647946604019795],[77.75352998564,13.656762751350263],[77.74818630893813,13.64394978507124],[77.73690028870897,13.652307949439768],[77.73635550378997,13.664169583157316],[77.72677897784098,13.666834253141625],[77.7132408557888,13.639532312575746],[77.72428073967659,13.635893804816757],[77.72442848903614,13.625338225613929],[77.668395654189,13.633512426382529],[77.64010952647354,13.669832034174915],[77.64348306296226,13.683108577638606],[77.67910642612433,13.68180086007246],[77.68635055751409,13.69680460591481],[77.71799304980267,13.705157356429684],[77.71986372627036,13.72516968548726],[77.68213185208397,13.727861320413606],[77.6570538761094,13.745092615111522],[77.66006612722559,13.752138519389804],[77.7030221321999,13.77297497472984],[77.70868506393194,13.740750077250091],[77.71736217932934,13.740870718245572],[77.72128832198972,13.770134784650232],[77.75469117910589,13.77787289844079]]]}},{"type":"Feature","properties":{"taluk":"Bagepalli","districtId":23,"talukCode":"2804"},"geometry":{"type":"Polygon","coordinates":[[[77.96210695722723,13.955358203184295],[77.98763551515268,13.955718543715584],[77.98022027080133,13.9281177964215],[77.98572073512348,13.90163172846051],[77.94958868638942,13.886865436894299],[77.9523298166393,13.826877198227532],[77.9764468312462,13.830001480487562],[78.00022067601056,13.872927834978704],[78.04661296706055,13.862081025066479],[78.05317107197685,13.895298637324473],[78.07874689252566,13.881342453471115],[78.08232579085794,13.861753386980245],[78.11552023901814,13.862674620946047],[78.12507825276126,13.83044500515834],[78.11380730366072,13.807555718603565],[78.1258335567311,13.787121933350587],[78.09221498908184,13.742156282235536],[78.12073700243624,13.715879820711569],[78.11311253156525,13.692730346118834],[78.07021665025832,13.697884428565562],[78.07341398164058,13.687995080039654],[78.06585238829622,13.676803335090826],[78.0038649735496,13.664445285134386],[77.99419874334707,13.630986964905869],[77.97218986846298,13.624487189572115],[77.90864871217109,13.636597419753201],[77.89899742687278,13.664842524257848],[77.86115585852217,13.667292912348003],[77.84617295214053,13.679836116590165],[77.82943422541005,13.680851940715746],[77.81562383457803,13.71705630500125],[77.79865468940599,13.728611161381199],[77.78566327137581,13.715520677650812],[77.77360576247385,13.731988298526879],[77.759703464751,13.729578873522705],[77.7663862591547,13.73800700398338],[77.75469117910589,13.77787289844079],[77.72128832198972,13.770134784650232],[77.71843920206435,13.782828228785448],[77.71911146458471,13.800555891441372],[77.74467452560582,13.81064662054383],[77.74168712747567,13.815052989336886],[77.74678642551387,13.809478744988795],[77.78744782260445,13.819622754633068],[77.78226315213978,13.843887164115811],[77.81233860269559,13.847501563478149],[77.81960071739454,13.862726686006614],[77.83660973644565,13.869628706870945],[77.82674201295269,13.874158091362888],[77.835384109565,13.880887965389775],[77.83101429139313,13.897666660713178],[77.81602536324863,13.904242952531348],[77.8133189727218,13.918343199760878],[77.82545413175065,13.944811896210972],[77.84591496899881,13.935543611084265],[77.8956886460239,13.944224361504691],[77.89611299280521,13.920930772417538],[77.92661252084356,13.90540762890968],[77.94581076371053,13.935148000482501],[77.96009135694139,13.94061883755929],[77.96210695722723,13.955358203184295]]]}},{"type":"Feature","properties":{"taluk":"Shidlagatta","districtId":23,"talukCode":"2805"},"geometry":{"type":"Polygon","coordinates":[[[77.86115585852217,13.667292912348003],[77.89899742687278,13.664842524257848],[77.90864871217109,13.636597419753201],[77.97218986846298,13.624487189572115],[77.98497492667376,13.632463378463669],[78.00933355246167,13.628392363286688],[78.01679338296768,13.592749184451678],[77.99520045580448,13.593996049851711],[77.9710515821609,13.573265846576046],[77.96424842672354,13.58468797154469],[77.95557886757511,13.5524351893436],[77.98309944048567,13.538599341731754],[77.9938168244204,13.545834638573835],[78.00503605869937,13.52253107221582],[77.99015004850362,13.512348689714763],[78.00315981435823,13.514234540457641],[78.00872558176896,13.503564376679549],[78.00143718203252,13.472540963714062],[77.96159533533049,13.480547587025205],[77.95746756496162,13.465640334909574],[77.94966573667786,13.424188311259348],[77.95472053150819,13.413532645644814],[77.9728478799969,13.411060168991254],[77.95609834537728,13.390815881067754],[77.96613682164514,13.384804976784277],[77.960752995008,13.349793368012737],[77.95769473282324,13.340095406356296],[77.94562119657839,13.33793945430438],[77.95160112954557,13.325225607350255],[77.93867264960475,13.316125318381246],[77.92078915127404,13.32713001271948],[77.92566791756994,13.300521516767736],[77.92386552691661,13.29079096503762],[77.91474044438087,13.289648381062399],[77.93921986592721,13.275518166494399],[77.94199955144764,13.257911828779381],[77.9294967502176,13.238937953229813],[77.91500884173416,13.23975313342928],[77.91420215250345,13.231620344794683],[77.89155861451307,13.235673166005343],[77.90619436070189,13.252324703197006],[77.89132827037244,13.257541673177851],[77.87327852313355,13.244464375255076],[77.87676146548398,13.234243708084591],[77.86318907424561,13.240745870331216],[77.85956308815119,13.219986499278301],[77.84996871196427,13.218711541033096],[77.85011233093059,13.241322437002362],[77.81974943733289,13.251660179294984],[77.81401128557984,13.238627014820654],[77.80625841804614,13.2415377764775],[77.82184190345254,13.257302138517161],[77.80929313357736,13.26205224379809],[77.81703177552876,13.296114428918115],[77.82914162930034,13.28949282375867],[77.83013389577594,13.29873257679023],[77.80455138273514,13.311232308748437],[77.82216299904718,13.312728945213067],[77.82728533443107,13.324799142491829],[77.79450411750776,13.341983629034019],[77.79121619383487,13.354932948636193],[77.81317755935346,13.374264289333258],[77.83362737202394,13.373070218027454],[77.84121173435206,13.38786838369204],[77.82515446933131,13.414373137146194],[77.83214820054572,13.436263171069088],[77.84422470946967,13.440846354465757],[77.8381329096442,13.453397771555153],[77.84367324509921,13.462910271609871],[77.82768025048829,13.481774802397318],[77.83036430090779,13.510311114283146],[77.81760232935385,13.515075015284562],[77.8112412515788,13.534522531695005],[77.82603495272518,13.537998643018653],[77.83855868559698,13.55839141220841],[77.8710586169786,13.570702498610261],[77.87021300553948,13.584453865587486],[77.85317224334912,13.581562011840047],[77.8528678804149,13.587429286270478],[77.8323663190835,13.590015134599536],[77.82945030438577,13.607490518851918],[77.84284914460275,13.621522238720056],[77.83797481309598,13.646341430003519],[77.8625687621588,13.640467385966515],[77.86115585852217,13.667292912348003]]]}},{"type":"Feature","properties":{"taluk":"Chinthamani","districtId":23,"talukCode":"2806"},"geometry":{"type":"Polygon","coordinates":[[[78.06571267712822,13.676723734996452],[78.08951216269142,13.659481198646784],[78.08708742734618,13.643583493142295],[78.09857734225929,13.643086309806751],[78.11385357448081,13.657611753675102],[78.15565454439655,13.657951110118143],[78.1688185544683,13.654107820779409],[78.16723036465545,13.632590287717097],[78.20395359076831,13.62850693385582],[78.20350364579078,13.606305002159118],[78.1900185337637,13.589941308351381],[78.18877027393775,13.573654833039019],[78.2012610149151,13.563492870819672],[78.19397091902106,13.548248517600545],[78.20455111062266,13.527718821603633],[78.1882829733082,13.513163299709989],[78.19799696821755,13.512612272768573],[78.20040411300334,13.482474233051015],[78.20945381646442,13.468712809833955],[78.18311263606998,13.434050329687928],[78.18149458185475,13.420177548540352],[78.13616456304877,13.405611464511496],[78.12443472391419,13.385734104608886],[78.1219854178229,13.375648808163852],[78.14673681405141,13.373799504049423],[78.15014862169501,13.355932216963856],[78.15024934186395,13.350454374706006],[78.13140396458805,13.35277176948702],[78.13253263816785,13.328934657255399],[78.10964518799994,13.323443325045771],[78.13580216212824,13.305105537697653],[78.13352088781708,13.287200851391221],[78.0918424318635,13.31116691920383],[78.08676313198474,13.30206362666875],[78.06019013426244,13.301013559575006],[78.04698742329276,13.279036092621617],[78.01508412568914,13.282990950975003],[78.0118493376255,13.300894003874022],[77.99462559484876,13.305388757978655],[77.98522086952619,13.30059983756392],[77.98416855816585,13.286169812533895],[77.9609277107124,13.284436677926735],[77.95915111338546,13.269575727864241],[77.93831765490252,13.267780177793178],[77.93921986592721,13.275518166494399],[77.91474044438087,13.289648381062399],[77.92386552691661,13.29079096503762],[77.92566791756994,13.300521516767736],[77.92078915127404,13.32713001271948],[77.93867264960475,13.316125318381246],[77.95160112954557,13.325225607350255],[77.94562119657839,13.33793945430438],[77.95769473282324,13.340095406356296],[77.960752995008,13.349793368012737],[77.96613682164514,13.384804976784277],[77.95609834537728,13.390815881067754],[77.9728478799969,13.411060168991254],[77.95472053150819,13.413532645644814],[77.94929634259675,13.42579148421011],[77.96159533533049,13.480547587025205],[78.00143718203252,13.472540963714062],[78.00872558176896,13.503564376679549],[78.00315981435823,13.514234540457641],[77.99015004850362,13.512348689714763],[78.00503605869937,13.52253107221582],[77.9938168244204,13.545834638573835],[77.98309944048567,13.538599341731754],[77.9573386618941,13.54727110435188],[77.96424842672354,13.58468797154469],[77.9710515821609,13.573265846576046],[77.99520045580448,13.593996049851711],[78.01673809301356,13.592564709158696],[78.00961662043537,13.628131922809358],[77.99419874334707,13.630986964905869],[78.0038649735496,13.664445285134386],[78.06571267712822,13.676723734996452]]]}},{"type":"Feature","properties":{"taluk":"Yadgir","districtId":53,"talukCode":"3001"},"geometry":{"type":"Polygon","coordinates":[[[77.07062468848544,16.95328696349373],[77.0685532900188,16.932293145032187],[77.08226648493934,16.940694764270955],[77.09305952966311,16.905484935441855],[77.10599467799103,16.902433182345664],[77.14963378368445,16.92627642608263],[77.18471829143253,16.93540074647814],[77.19582965988722,16.930209450760383],[77.21128948621747,16.944482547730868],[77.24221652732602,16.942089387498214],[77.24619541353438,16.932426066309194],[77.26256193647396,16.928052994596076],[77.24186218442634,16.868133509178048],[77.26112396000978,16.86161095182913],[77.25730155816304,16.83035579888197],[77.28107169515069,16.79886386580673],[77.29400827753047,16.75428403716566],[77.26814124711723,16.714690640302322],[77.29470399349199,16.679702278297224],[77.28418891329694,16.65386005073379],[77.28726113197959,16.640915966427755],[77.31659121635384,16.63624168495547],[77.32019265100627,16.628447108141472],[77.29533282145461,16.61020258275407],[77.27240283281698,16.60639637615982],[77.27068333592162,16.588269642824233],[77.32650393575447,16.588920769406943],[77.34082183677161,16.582853443646506],[77.33686107662176,16.568813772692312],[77.3550230982438,16.553692508475844],[77.39714988463516,16.56424178715011],[77.40350503679441,16.55086958227862],[77.41788906109193,16.548656142457343],[77.41591362907087,16.517748229536103],[77.40179979988609,16.521436858429247],[77.37718690472089,16.513855722425955],[77.36933114339237,16.48824399011994],[77.32416325242558,16.486857753575592],[77.29834969832292,16.496245236864866],[77.29432143196709,16.476858911714693],[77.27068879357381,16.47338695018141],[77.23562706668,16.472663551416428],[77.23275302715557,16.493667249786785],[77.21018995108754,16.49712913521101],[77.19973036122809,16.50765106624164],[77.20055041248679,16.541301047961582],[77.17578838709602,16.550115327644534],[77.16900028194674,16.56904464381266],[77.16511707501473,16.599423144425504],[77.1795705107974,16.625856980212518],[77.16068466653368,16.646496158894013],[77.1447074703005,16.641209614727153],[77.13196823812333,16.64975436102862],[77.13399887447758,16.66701156888949],[77.15288233608841,16.68494966228823],[77.14528325879827,16.712005583269047],[77.12416137446128,16.73634359125334],[77.06905807532725,16.748040303063735],[77.04758523422119,16.778023714935596],[77.01026654936153,16.79906975499891],[77.0016612794521,16.812373668205204],[76.99045082602605,16.811866450150802],[76.99531668711086,16.83750398324531],[76.98325352488531,16.8398313927421],[76.97960184256125,16.859615201721404],[77.00746907936362,16.857769746941976],[77.02074572450523,16.868457437891674],[77.043114780049,16.87012200639034],[77.03327403423327,16.89311437990532],[77.0176003533283,16.898970880949722],[77.01992026313539,16.927525964680875],[77.04124067041384,16.923000006850124],[77.06392659395819,16.95378555622604],[77.07062468848544,16.95328696349373]]]}},{"type":"Feature","properties":{"taluk":"Gurumithakala","districtId":53,"talukCode":"3004"},"geometry":{"type":"Polygon","coordinates":[[[77.29033059534869,16.936175859538434],[77.31116079267488,16.927663457142433],[77.32028792199769,16.93629625624262],[77.34112595386354,16.934554424774824],[77.3504406666683,16.90770933376809],[77.37616364460486,16.89511618957059],[77.38733698439047,16.897893957569813],[77.38850708144254,16.891206725114454],[77.39597414053749,16.903695929258525],[77.40597224525015,16.901842256399007],[77.39959179925842,16.898907316366138],[77.401366200077,16.8821824289581],[77.4097465665447,16.873544424577823],[77.42459742547247,16.885089670622378],[77.46015828758283,16.88515606756848],[77.46405563253795,16.85164630533458],[77.45714554703535,16.83130768324026],[77.47573314786757,16.791903496027253],[77.46722952260016,16.782393211323452],[77.43895870611519,16.778490173045974],[77.44637343228278,16.765265317118438],[77.42578169528574,16.721771487026338],[77.43796211424241,16.711767676138983],[77.44599954455049,16.7221531401556],[77.47352778440043,16.71588141612658],[77.4686465460134,16.684670945835837],[77.46393069820351,16.676694371153843],[77.44756149573796,16.67908419020868],[77.44251772479464,16.669553754090874],[77.41837363371023,16.668735036430167],[77.41837436994584,16.658300248688075],[77.43221162583754,16.654632087417575],[77.43997410808038,16.645659978410308],[77.43464972169221,16.641187894228455],[77.44521163490745,16.64011915240744],[77.46339034604516,16.65484833301964],[77.47249044021015,16.652203969492433],[77.45505260249814,16.622037303055325],[77.46812726850311,16.608731732276276],[77.4612992404238,16.582977377160837],[77.43941418168178,16.58728914708764],[77.42319015219347,16.568548939576132],[77.39226607257505,16.569765099531452],[77.38410715987298,16.55713248136322],[77.3550230982438,16.553692508475844],[77.33686107662176,16.568813772692312],[77.34082183677161,16.582853443646506],[77.32650393575447,16.588920769406943],[77.27068333592162,16.588269642824233],[77.27240283281698,16.60639637615982],[77.29533282145461,16.61020258275407],[77.32019265100627,16.628447108141472],[77.31659121635384,16.63624168495547],[77.28726113197959,16.640915966427755],[77.28455702310896,16.648861505014324],[77.29470399349199,16.679702278297224],[77.26814124711723,16.714690640302322],[77.29396669411595,16.754540247941303],[77.28107169515069,16.79886386580673],[77.25730155816304,16.83035579888197],[77.26112396000978,16.86161095182913],[77.24186218442634,16.868133509178048],[77.26256193647396,16.928052994596076],[77.29033059534869,16.936175859538434]]]}},{"type":"Feature","properties":{"taluk":"Vadagera","districtId":53,"talukCode":"3005"},"geometry":{"type":"Polygon","coordinates":[[[77.05776642662804,16.763400538989444],[77.07362465742753,16.745376651342895],[77.12817511360862,16.73404997215014],[77.14528325879827,16.712005583269047],[77.15288233608841,16.68494966228823],[77.13080306707133,16.655253771746597],[77.1382684626381,16.642284827363664],[77.16068466653368,16.646496158894013],[77.1795705107974,16.625856980212518],[77.16478955309026,16.59606657826678],[77.17578838709602,16.550115327644534],[77.19888681644622,16.544194550147683],[77.19973036122809,16.50765106624164],[77.21018995108754,16.49712913521101],[77.23275302715557,16.493667249786785],[77.23562706668,16.472663551416428],[77.2621262328815,16.45333911309374],[77.29026998992767,16.41268488080332],[77.26532983312784,16.405869807722393],[77.21943375392664,16.4243170974181],[77.1737670985472,16.430169779729503],[77.16078734714112,16.442035532022206],[77.15314194864348,16.474768224186274],[77.10597226898794,16.486991797379925],[77.05936332545697,16.51864601232391],[77.04351683927536,16.519312401479255],[77.02368891120649,16.50340191029009],[77.01007542300337,16.50305106580392],[77.00369157311327,16.513475335791163],[77.007077402937,16.548300171300745],[76.99031497967177,16.56156636594983],[76.96614032518289,16.551147668932686],[76.97091015369747,16.524915706372713],[76.93429572901013,16.527767688799262],[76.9198996235196,16.537845908716065],[76.92012071146631,16.557518352965285],[76.90453528205595,16.5730021545731],[76.90567512020522,16.595353097111314],[76.89237852539557,16.61661996615953],[76.89456135103062,16.631233886197002],[76.93166149784193,16.63486889409895],[76.91457313557126,16.6430731716745],[76.91196848974444,16.652305649741834],[76.92652297359602,16.65711041217022],[76.93225884734386,16.697247006314203],[76.96435496259637,16.71708362088489],[77.00394844593741,16.701982248624503],[77.0079502333542,16.681282134764192],[77.02234454193373,16.681615188863493],[77.04119011380234,16.71337087075768],[77.02751449878815,16.750320610416196],[77.03245649903528,16.759926743921813],[77.05776642662804,16.763400538989444]]]}},{"type":"Feature","properties":{"taluk":"Raibag","districtId":17,"talukCode":"0103"},"geometry":{"type":"Polygon","coordinates":[[[74.88000413170509,16.656927460090785],[74.90508966451976,16.64618655452765],[74.9235968698303,16.613495281942882],[74.95119661162758,16.613742244640022],[74.96219327402508,16.58742736177533],[74.99470771526589,16.57467988855919],[75.00870594342987,16.5428469166729],[74.9882561684012,16.500378117695156],[74.98847530691035,16.453342509542583],[75.01572579468758,16.458574143169855],[75.01751851647269,16.439387613998818],[75.02820636492142,16.433004302744525],[75.07739042884936,16.437616604394382],[75.07173580189635,16.40395818737372],[75.0390120492498,16.397459829255247],[75.03353796164677,16.367364363046672],[75.021920373528,16.367649381154266],[75.02332031908242,16.37569706246631],[75.00597494310223,16.384810947955724],[74.99285449873939,16.383666972657434],[74.98407617294319,16.395427128961416],[74.96071595872043,16.393864811328353],[74.95883098367189,16.37938765176098],[74.9280618335562,16.366154326540048],[74.92636577994884,16.34966776248755],[74.91437668094112,16.349820084201546],[74.91226343265744,16.320877004319218],[74.88255159411588,16.32811634503821],[74.83928578378973,16.314519236402756],[74.8011754713115,16.32864273687993],[74.7996744873846,16.339328717844367],[74.76906683202938,16.330827206786193],[74.77724071399508,16.36317029582815],[74.77293306640267,16.39537099289206],[74.76291244669437,16.40050798375353],[74.74096565367923,16.37868449610226],[74.72881623917804,16.381082728516304],[74.72360286402974,16.400934886409846],[74.70107297360778,16.390708401505382],[74.70395755232411,16.40623584279737],[74.69374373958097,16.415802971208084],[74.69771532480594,16.44243729071999],[74.67253472866969,16.45614952840216],[74.68545407293732,16.52128765687069],[74.67715538302514,16.536647445957865],[74.68350136350443,16.55232672575273],[74.72694857850287,16.580716754638644],[74.75604198554106,16.56767594800457],[74.79372681186749,16.577055611135393],[74.80459456137942,16.59130174682299],[74.80940469111381,16.643299346856466],[74.84344961418603,16.63465511244074],[74.88000413170509,16.656927460090785]],[[75.03131989985556,16.395411645914184],[75.02754326703774,16.391447487714327],[75.02737120288803,16.39121638518758],[75.03131989985556,16.395411645914184]]]}},{"type":"Feature","properties":{"taluk":"Raibag","districtId":16,"talukCode":"0103"},"geometry":{"type":"Polygon","coordinates":[[[75.03904991222713,16.453032708856043],[75.0412130785136,16.438957141950368],[75.03740857168968,16.439266400350593],[75.03904991222713,16.453032708856043]]]}},{"type":"Feature","properties":{"taluk":"Belagavi","districtId":17,"talukCode":"0106"},"geometry":{"type":"Polygon","coordinates":[[[74.51717189094512,16.070025664440656],[74.51391255681312,16.051609398072838],[74.54275760313843,16.03930631322737],[74.58493131321809,15.966336558619277],[74.59521505001081,15.98232054382093],[74.59422900317297,16.01686880927214],[74.66290418367305,16.013099673110414],[74.66369172157937,15.998985234838113],[74.67591325388008,15.991503885170424],[74.67174519402184,15.9555170605518],[74.69181120931056,15.929308735002188],[74.68180395130292,15.912121627010427],[74.69234893544541,15.905458951540815],[74.69912366361811,15.869967461992637],[74.6768026634978,15.847584794677434],[74.65913739747204,15.850290093146352],[74.63787059607773,15.836429018309047],[74.64156755889557,15.824425746175955],[74.63103967144356,15.813552480362654],[74.6322563027633,15.802976843379517],[74.6671590863301,15.803370029562723],[74.66898762033364,15.757495241786339],[74.6815288219957,15.745982202003185],[74.67559319580637,15.741858289746716],[74.67815709020212,15.722771228937304],[74.63729664419296,15.706887307456569],[74.63162795691751,15.693461608238113],[74.59504588411713,15.696605902730543],[74.58397385870974,15.708573557508615],[74.56873926441274,15.70374240736739],[74.54086614719097,15.715827879012766],[74.52912281983532,15.73331773402087],[74.51873880217343,15.73232419937534],[74.51170515521999,15.717369351693412],[74.47172463297373,15.723463314915547],[74.46402397596803,15.71418360103625],[74.44166039121586,15.746044451503415],[74.42557692466009,15.740328561178314],[74.40495977394157,15.745486273810613],[74.3746005699769,15.766595586756557],[74.36244127980933,15.765873355511486],[74.34380598493784,15.743656876987517],[74.3331534160306,15.742878438634648],[74.34045413728099,15.764663812341256],[74.36824431771394,15.785828817226111],[74.37002760464377,15.811857260920458],[74.36021820741195,15.817628962772206],[74.38402767892178,15.840540338163217],[74.38315572299383,15.84941033551016],[74.33791862168266,15.854946785568291],[74.36324800393811,15.87509273808731],[74.3645303873316,15.893585310768739],[74.36865090011442,15.89385795822402],[74.38766545088183,15.854111956341987],[74.40608021537457,15.85507308200435],[74.39283478149747,15.87853979098098],[74.39396735207472,15.900015502409854],[74.38459752280302,15.903353045529336],[74.43083155977783,15.956733877773232],[74.46233853030773,16.050147960312767],[74.47298223724962,16.05717048613929],[74.4888069092299,16.04682881717424],[74.51717189094512,16.070025664440656]]]}},{"type":"Feature","properties":{"taluk":"Belagavi","districtId":12,"talukCode":"0106"},"geometry":{"type":"Polygon","coordinates":[[[74.29259509135369,15.832208541584203],[74.3140561350566,15.796503703671412],[74.30251147455725,15.787492274898915],[74.29387289961784,15.795866030658294],[74.28952442053186,15.787077498681578],[74.26649365026911,15.797547188616566],[74.26288789493961,15.829417060026648],[74.29259509135369,15.832208541584203]]]}},{"type":"Feature","properties":{"taluk":"Belagavi","districtId":17,"talukCode":"0106"},"geometry":{"type":"Polygon","coordinates":[[[74.40759540819094,16.064022771540294],[74.41507857967684,16.055379066480306],[74.392980853891,16.040533832186576],[74.37065139260979,16.038578563276744],[74.38909462069034,16.061864213855497],[74.3997395783229,16.057017238008534],[74.40759540819094,16.064022771540294]]]}},{"type":"Feature","properties":{"taluk":"Belagavi","districtId":17,"talukCode":"0106"},"geometry":{"type":"Polygon","coordinates":[[[74.65854910016897,16.051791617110204],[74.6647102327277,16.037531058167183],[74.64341368190085,16.020377329541304],[74.64433918263114,16.039511211535995],[74.65854910016897,16.051791617110204]]]}},{"type":"Feature","properties":{"taluk":"Belagavi","districtId":17,"talukCode":"0106"},"geometry":{"type":"Polygon","coordinates":[[[74.63532745776844,15.685350684204664],[74.64061389427873,15.683306993953462],[74.6354361522351,15.68311321607323],[74.63532745776844,15.685350684204664]]]}},{"type":"Feature","properties":{"taluk":"Khanapur","districtId":17,"talukCode":"0107"},"geometry":{"type":"Polygon","coordinates":[[[74.23154431633155,15.787467212866307],[74.2280124897529,15.756168226578689],[74.24119929869795,15.7431264569228],[74.2687933353929,15.754504547858481],[74.2853007089705,15.741046248263782],[74.2948708411462,15.743664979469225],[74.31812033445821,15.757500064817261],[74.32386085185371,15.772423740485879],[74.34058717105185,15.764382390266194],[74.3331534160306,15.742878438634648],[74.34380598493784,15.743656876987517],[74.36244127980933,15.765873355511486],[74.3746005699769,15.766595586756557],[74.40495977394157,15.745486273810613],[74.42557692466009,15.740328561178314],[74.44166039121586,15.746044451503415],[74.46402397596803,15.71418360103625],[74.47172463297373,15.723463314915547],[74.51170515521999,15.717369351693412],[74.51873880217343,15.73232419937534],[74.52912281983532,15.73331773402087],[74.54086614719097,15.715827879012766],[74.5690174928962,15.703652736307877],[74.58397385870974,15.708573557508615],[74.59504588411713,15.696605902730543],[74.63097996613982,15.693322019556796],[74.63729664419296,15.706887307456569],[74.6503059424532,15.708405937902644],[74.67116109624071,15.683969520931607],[74.68455048165104,15.681660444045923],[74.69117469221293,15.654372660722094],[74.72285243851799,15.647661422351339],[74.7173074058433,15.626685626789946],[74.70469893600932,15.631199245771294],[74.70871775801858,15.598614434739705],[74.70349642798246,15.596822116124153],[74.71465849818192,15.588322292390039],[74.70438423223973,15.573289141840513],[74.71807572849623,15.55917774393722],[74.73363183385497,15.558256214827296],[74.73155021422522,15.51327328564758],[74.74265022157498,15.49390389941366],[74.72668616837608,15.486068614770781],[74.73212161804348,15.469329494377154],[74.74390742750303,15.463120200891051],[74.72941204364959,15.430774382171789],[74.74105077891245,15.411009220880109],[74.69864692806865,15.409846417208449],[74.68892484964995,15.39867058170937],[74.6490503783414,15.39057659844579],[74.63506982310994,15.368202686657234],[74.61377222056335,15.35927957096265],[74.54711120085214,15.41479297069115],[74.5337445607814,15.418694260448552],[74.50994175686756,15.40293590441173],[74.50962528690039,15.427569915471704],[74.49126664137621,15.435428626158014],[74.49181849829274,15.443754010933471],[74.4777045506111,15.428854398510374],[74.46287763219634,15.433062197771568],[74.46037533038269,15.420613528289806],[74.44565946233915,15.419637612868735],[74.45204880569422,15.408006297583789],[74.4288563668913,15.398679794862714],[74.41792765002066,15.46936828361067],[74.38638920206101,15.483618414890872],[74.37360830300078,15.479562155428143],[74.34173586745355,15.518238487982918],[74.27847171056733,15.52146418934795],[74.27765443419104,15.546026447815855],[74.26266121988668,15.563984224226546],[74.24561833661883,15.566420407048012],[74.26444070266139,15.615117725488005],[74.25585895293196,15.624394494159327],[74.2469472375874,15.620923069626802],[74.25200438632947,15.65346886938655],[74.23587181489123,15.668706819696702],[74.22273255176408,15.66840617242679],[74.21556854028093,15.66266517322121],[74.22277387584818,15.65585700901167],[74.20552092266401,15.65038528738659],[74.20463250256113,15.663126792700101],[74.18888779169987,15.665836087755313],[74.19043874698242,15.682104421858647],[74.18150091292665,15.682010628704885],[74.16658358180456,15.671875687535163],[74.16329209228135,15.65324441555664],[74.13515674991183,15.64834648755402],[74.10080586905015,15.657341665485474],[74.08656358897602,15.669234368801439],[74.1236373029958,15.679867520963139],[74.13342626530616,15.703171208121704],[74.12221786985911,15.720862587992757],[74.12635578929311,15.725133589376988],[74.15051780623055,15.735956703138228],[74.16178139382156,15.751465491170888],[74.20263796205633,15.758288971846687],[74.2096779186857,15.78198503533939],[74.23154431633155,15.787467212866307]],[[74.6386041141154,15.685213674992],[74.6354361522351,15.68311321607323],[74.64061389427873,15.683306993953462],[74.6386041141154,15.685213674992]]]}},{"type":"Feature","properties":{"taluk":"Mudalagi","districtId":17,"talukCode":"0114"},"geometry":{"type":"Polygon","coordinates":[[[74.98519871404588,16.393879008321225],[74.99285449873939,16.383666972657434],[75.02332031908242,16.37569706246631],[75.021920373528,16.367649381154266],[75.03351269357931,16.367365695059544],[75.0340616480005,16.339010527827288],[75.0436559385812,16.3195874512832],[75.05779144711892,16.331490260711583],[75.09561400888786,16.32489250118033],[75.131134092376,16.330997087850974],[75.13841907117163,16.325960144022133],[75.12960329352747,16.286962995901344],[75.20493502393617,16.27245286469865],[75.23413262317489,16.25962782056881],[75.2322910064354,16.250223086439146],[75.23930649284668,16.25112837308983],[75.22811448821231,16.202535695430353],[75.21121507664542,16.194621716072316],[75.20749984072432,16.18420109437557],[75.15681289563491,16.182063349531514],[75.1222234712728,16.18938646355639],[75.11793979840375,16.240024363175667],[75.0227318868383,16.228397407426627],[75.02121531311685,16.207154113435315],[75.01334257359045,16.203582432062042],[74.9810442368497,16.214459744402678],[74.95845168750984,16.240872936399622],[74.92058579308792,16.221743898646473],[74.90722858108198,16.205222914033424],[74.88888564664866,16.247674067808617],[74.84487338115969,16.23475963523909],[74.84258955011943,16.20659534534481],[74.82699353816025,16.19660492870311],[74.81035868666665,16.197081679562704],[74.79209416526146,16.24328853785076],[74.8178161227706,16.252590623341227],[74.83252967986523,16.248113401309162],[74.82640315641649,16.288388093872292],[74.81739987389227,16.299232180616208],[74.82763277685372,16.29970390963185],[74.83390834013257,16.31668820801535],[74.87662841098637,16.321206765757054],[74.88255159411588,16.32811634503821],[74.91226343265744,16.320877004319218],[74.91437668094112,16.349820084201546],[74.92636577994884,16.34966776248755],[74.9280618335562,16.366154326540048],[74.95883098367189,16.37938765176098],[74.96071595872043,16.393864811328353],[74.98519871404588,16.393879008321225]]]}},{"type":"Feature","properties":{"taluk":"Mudalagi","districtId":17,"talukCode":"0114"},"geometry":{"type":"Polygon","coordinates":[[[74.72303212872838,16.205281223480554],[74.72719967308726,16.176242529040866],[74.72192916129302,16.168517813674434],[74.70716763848962,16.171420703227312],[74.69944896223397,16.20112584938959],[74.72303212872838,16.205281223480554]]]}},{"type":"Feature","properties":{"taluk":"Mudalagi","districtId":17,"talukCode":"0114"},"geometry":{"type":"Polygon","coordinates":[[[75.02748473120975,16.39651521504346],[75.02978163232888,16.394493113841317],[75.0292200486345,16.39305353959707],[75.02737120288803,16.39121638518758],[75.02748473120975,16.39651521504346]]]}},{"type":"Feature","properties":{"taluk":"Badami","districtId":14,"talukCode":"0204"},"geometry":{"type":"Polygon","coordinates":[[[75.44102449073968,16.15619796650232],[75.48261600566529,16.151227739675402],[75.50941282485311,16.135309977408387],[75.55552785690126,16.133355231980897],[75.57255360265414,16.151022055889086],[75.63065210683517,16.14463171115356],[75.62272830911414,16.105731161343144],[75.6107298543989,16.10466180964227],[75.6140996296311,16.083550517454345],[75.58598174731792,16.07537984078135],[75.58496617361065,16.05503239997998],[75.61089456322722,16.048975451612492],[75.61307508661478,16.03679860808205],[75.62971794399044,16.045967830348356],[75.64019332747465,16.029457893130328],[75.66803548401873,16.02499304871397],[75.68835597842224,16.04189907488607],[75.69856162926676,16.003468818144658],[75.71142424069974,15.99562521621983],[75.71213217809495,15.985592225603062],[75.7368789149935,15.986754302113637],[75.73942575744941,15.977981962419348],[75.7642331898446,15.972743643572803],[75.78987543955964,15.983734596877197],[75.80635395931222,15.981874146534704],[75.80319616392042,15.974957083133576],[75.81830193941194,15.981227772994437],[75.81870750414664,15.965123463155578],[75.80916190909508,15.95785845669718],[75.81801055650268,15.946216837790983],[75.80261252468489,15.939341484931148],[75.81221142297328,15.922597709832676],[75.7771336689974,15.91912389785861],[75.77586835119354,15.902591781253435],[75.81106970350373,15.894156208130763],[75.81162523166404,15.900130305121445],[75.82760408260664,15.900269968129617],[75.8354285651452,15.88276375636098],[75.82781698529682,15.866226503387464],[75.84817327006253,15.87143113902001],[75.8451420485532,15.837994791011523],[75.82547084851171,15.838360091977556],[75.82009520967611,15.851253254296866],[75.78021315055578,15.853216838086002],[75.77407007024983,15.827952016821541],[75.77967719128259,15.81733016584086],[75.74370764254195,15.812960435056665],[75.70688819097606,15.829415437023709],[75.6811398639293,15.82999582024125],[75.67638386071832,15.822217668340796],[75.66928637643976,15.837583911223978],[75.65518685257439,15.827957730557182],[75.64224500705302,15.833337055968364],[75.64388441093587,15.841751531803993],[75.63132080906448,15.831803022238562],[75.62072628863721,15.835965686094157],[75.61864320579838,15.82136139268982],[75.58611309257806,15.834676516336438],[75.57673418616321,15.824261874449709],[75.56375286676354,15.837299775269932],[75.55190789926787,15.82469947606861],[75.55568080575055,15.833027036272888],[75.5291865817499,15.835410870696997],[75.53092739970637,15.841830110164446],[75.51286175789622,15.850362478128211],[75.51909982606414,15.858397861309713],[75.50224181834638,15.858101395458906],[75.49623572617699,15.872733943274433],[75.48040687447991,15.8767112016713],[75.47901939475157,15.871058593985813],[75.46087196444728,15.879511292398906],[75.46201069547025,15.888136974488196],[75.44426923076351,15.886896652169963],[75.44640442722141,15.89315385701001],[75.43697796114353,15.893601412494919],[75.44068192737836,15.918253984588086],[75.42480562228931,15.921942553070117],[75.43979160698974,15.966123482334984],[75.43076665313521,15.97074880482982],[75.43893847684404,16.004129117797813],[75.42676516304591,16.007713952971336],[75.42310732694955,16.03258763502749],[75.41602021087013,16.032528084159242],[75.41602936206401,16.053167305456878],[75.42735977381383,16.057911794676343],[75.43049396473029,16.080515302337705],[75.41203275921458,16.130456085442944],[75.44102449073968,16.15619796650232]]]}},{"type":"Feature","properties":{"taluk":"Badami","districtId":14,"talukCode":"0204"},"geometry":{"type":"Polygon","coordinates":[[[75.6405876465949,16.12784402753061],[75.67860246779573,16.126833449399705],[75.6742895723029,16.104715872386787],[75.64532910615513,16.109223766559854],[75.6405876465949,16.12784402753061]]]}},{"type":"Feature","properties":{"taluk":"Ilkal","districtId":14,"talukCode":"0208"},"geometry":{"type":"Polygon","coordinates":[[[76.24680061445197,16.12711088218317],[76.24461502056944,16.11319370730734],[76.25415717922944,16.109487077561187],[76.25578516951461,16.097359570118105],[76.26782101459406,16.10970759468149],[76.33250507516972,16.091297045502785],[76.3275355081206,16.07747238390671],[76.2588348978444,16.09117191045939],[76.26035665308297,16.07395447720449],[76.30388121272738,16.07350260237088],[76.31173909166782,16.000388930458072],[76.29789724418096,15.998894851158973],[76.2964765062292,15.992264515731607],[76.30932168189554,15.956987157892598],[76.32246594836845,15.955985506356717],[76.32860193451225,15.932263851102574],[76.31285865876696,15.928944864339947],[76.31273157327419,15.922202829920005],[76.28566638330824,15.930316374865749],[76.28538388700099,15.902580302267431],[76.2796915582575,15.90296253393969],[76.27408950948376,15.91045034837723],[76.26183519817555,15.906711763074602],[76.25686557792443,15.922925747757525],[76.23009289065236,15.923312037479933],[76.22653104803418,15.94089470968469],[76.20046063840928,15.943989497430989],[76.19491112454861,15.932396886391116],[76.17199752568,15.931656731324642],[76.17190019804939,15.92477390419601],[76.15993692845277,15.921078850830138],[76.14532545567158,15.895052398327747],[76.12533177966583,15.894112058132153],[76.11727127036735,15.886003483963338],[76.10160189511973,15.900456808108148],[76.05847561874313,15.905998212721434],[76.08476718742659,15.995967467285437],[76.08009849265085,16.009999461189736],[76.09569000690178,16.01098066361855],[76.09905170085266,16.03734501583703],[76.11437665291976,16.03691431552892],[76.12680421736667,16.046338755290808],[76.14306327996447,16.087027274196632],[76.16957266301965,16.094508043798857],[76.192339877515,16.12245403314675],[76.20871164181625,16.12152446944792],[76.21891074940385,16.1719195078292],[76.23846537440382,16.16519298751043],[76.23427577030046,16.13050835982673],[76.24680061445197,16.12711088218317]]]}},{"type":"Feature","properties":{"taluk":"Ilkal","districtId":14,"talukCode":"0208"},"geometry":{"type":"Polygon","coordinates":[[[75.91070075707546,16.048207560055946],[75.93273812265797,16.040333349472668],[75.93161511720679,16.03199549993655],[75.91946205449776,16.019181926910996],[75.95168396484871,16.01071053385875],[75.97228510446158,16.01635171169644],[75.97347034510578,15.992722764654385],[75.98194041714363,15.991720462741991],[75.9737219437815,15.986147144320924],[75.97886968570765,15.870862095370514],[75.9654882557859,15.858966691796395],[75.92842595711882,15.875189976833628],[75.92722163632797,15.897446988141118],[75.90195477367962,15.922751727954646],[75.8917612874675,15.916847198927051],[75.87907070997635,15.93127769789654],[75.85089043845593,15.940828084652129],[75.86052317589906,15.963908646769998],[75.84895535981904,15.984977315442537],[75.87342371656987,15.991854190575339],[75.87834352766798,16.006923550376353],[75.8850365573051,16.003050367460204],[75.88175917194124,16.013742234752264],[75.91004093254155,16.02717976594242],[75.91070075707546,16.048207560055946]]]}},{"type":"Feature","properties":{"taluk":"RABAKAVI BANAHATTI","districtId":14,"talukCode":"0209"},"geometry":{"type":"Polygon","coordinates":[[[75.18500955967015,16.573567767887255],[75.2137703445991,16.57109496604766],[75.20431525723836,16.518419555957426],[75.2129309642561,16.43035074606673],[75.12442932705795,16.41390003029143],[75.1162381453878,16.372319542876454],[75.12042363218652,16.35813896294484],[75.134969732489,16.355780927007853],[75.13075050148116,16.33100360423293],[75.09561400888786,16.32489250118033],[75.05779144711892,16.331490260711583],[75.0436559385812,16.3195874512832],[75.03393722540575,16.33979754483644],[75.03441868834742,16.384954113762458],[75.0390120492498,16.397459829255247],[75.07173580189635,16.40395818737372],[75.07739042884936,16.437616604394382],[75.02820636492142,16.433004302744525],[75.01751851647269,16.439387613998818],[75.01572579468758,16.458574143169855],[74.98847530691035,16.453342509542583],[74.98819926497217,16.500100680033487],[75.0007673931354,16.530172082264784],[75.00730983210096,16.538197004646047],[75.06731302502756,16.539059678702383],[75.07163779781641,16.56666739982362],[75.08626122289554,16.554218038940103],[75.1043715158748,16.510886193829094],[75.11554622848053,16.505171516294663],[75.13200392628002,16.521425543254274],[75.16280409003612,16.533263795531493],[75.16711590433749,16.545044608946366],[75.15881019016943,16.586192481285536],[75.18500955967015,16.573567767887255]],[[75.04186518467668,16.454130114453278],[75.03740857168968,16.439266400350593],[75.0412130785136,16.438957141950368],[75.04186518467668,16.454130114453278]]]}},{"type":"Feature","properties":{"taluk":"Nidagundi","districtId":52,"talukCode":"0306"},"geometry":{"type":"Polygon","coordinates":[[[75.85066203700893,16.508457440307133],[75.91313610138134,16.497768735000513],[75.90861758386187,16.481220933988155],[75.9166272755402,16.478655554583025],[75.91979378813087,16.453957163382032],[75.94493444994436,16.463533339397078],[75.95575009034538,16.482280371425066],[75.96333391143071,16.47675484317071],[75.96604581189368,16.498128257486446],[75.98987942580202,16.49248601984104],[75.99572542545829,16.474585207432543],[76.01572928257414,16.47230559840889],[76.01381731675288,16.453615695597044],[76.03301531451643,16.440837537732634],[76.01973448711927,16.417759749534447],[76.01320428238144,16.38335225884651],[76.00111343000454,16.375868862526968],[75.99104036243085,16.347714262108944],[75.98897911546244,16.337856080084308],[76.00051574188389,16.337409348784053],[75.998138430765,16.30139165651434],[75.95192030738129,16.298596607757787],[75.9240804684745,16.317773747005653],[75.89404423140283,16.32480165752973],[75.86990181138988,16.345866735845526],[75.83741858615738,16.34990914870176],[75.813243867196,16.370424028381652],[75.78063423908745,16.378151007210413],[75.7981400134983,16.414508371815902],[75.8222011396318,16.414103721664123],[75.82993484195612,16.438502080722234],[75.83615029139418,16.439304615750217],[75.83494050563041,16.46086312714517],[75.84403644625456,16.47585130323475],[75.83473223962439,16.499343822842732],[75.85066203700893,16.508457440307133]]]}},{"type":"Feature","properties":{"taluk":"Nidagundi","districtId":52,"talukCode":"0306"},"geometry":{"type":"Polygon","coordinates":[[[75.80302307756857,16.434833138453307],[75.79771256808364,16.417843107321715],[75.78600206489251,16.43014749833915],[75.76826269912519,16.43233464486363],[75.77255433766645,16.444147438922975],[75.80302307756857,16.434833138453307]]]}},{"type":"Feature","properties":{"taluk":"Kolhara","districtId":52,"talukCode":"0311"},"geometry":{"type":"Polygon","coordinates":[[[75.73931170471427,16.673596277047032],[75.7423076420003,16.66047222962965],[75.76660575758034,16.64221388628999],[75.76718816790904,16.599835479153526],[75.82589580489615,16.59138721300739],[75.82571703831142,16.583636264630687],[75.85279025375775,16.586943676383225],[75.85548469607905,16.549807453617262],[75.84857789108942,16.53759529958823],[75.85460819097612,16.508373701252882],[75.83473223962439,16.499343822842732],[75.84403644625456,16.47585130323475],[75.83494050563041,16.46086312714517],[75.83615029139418,16.439304615750217],[75.82993484195612,16.438502080722234],[75.8222011396318,16.414103721664123],[75.7981400134983,16.414508371815902],[75.78063423908745,16.378151007210413],[75.7189914857261,16.389694787053376],[75.70629359538741,16.405410213175767],[75.64273283810171,16.44044930923279],[75.65283335967715,16.480764730411625],[75.64229129810478,16.494739821588304],[75.62943331576191,16.49387400619509],[75.64605655093426,16.51885260862101],[75.63986410356968,16.52981919831144],[75.64704640376945,16.552115909261467],[75.64191062900683,16.552098721361958],[75.66018576046999,16.558008087736653],[75.69102833467889,16.537938952229993],[75.71371946181924,16.55965338474871],[75.71703351575694,16.669115047012223],[75.73931170471427,16.673596277047032]],[[75.76826269912519,16.43233464486363],[75.79771256808364,16.417843107321715],[75.80321953798489,16.434673135862273],[75.77255433766645,16.444147438922975],[75.76826269912519,16.43233464486363]]]}},{"type":"Feature","properties":{"taluk":"Aland","districtId":33,"talukCode":"0401"},"geometry":{"type":"Polygon","coordinates":[[[76.61146167332612,17.771145213368115],[76.63183259980936,17.75572525533962],[76.63351713124193,17.728509220213528],[76.6534178613779,17.722304055874286],[76.66524508974011,17.68783522604533],[76.69150371892574,17.68161100053123],[76.6953186249791,17.662395289447808],[76.71094321320159,17.660854841803943],[76.69894165818694,17.64199904421919],[76.71453512526823,17.638957902264718],[76.73272369818287,17.665266795297505],[76.7730211749377,17.665698054848413],[76.77421964076322,17.62215457858783],[76.81589412970298,17.591101117015093],[76.7999891745862,17.57588970382923],[76.80699449179936,17.564047763729345],[76.82261583293786,17.562570184858846],[76.82299986252082,17.551488544175108],[76.80584492531948,17.543886371821298],[76.80863371324814,17.524018277458868],[76.83290165813972,17.520712179665125],[76.83310184417297,17.507457564093578],[76.81680729168635,17.503511461570493],[76.8147255164112,17.48980774610883],[76.77392117852125,17.484624484348434],[76.77175515098116,17.473703671314553],[76.75143870515227,17.466810731016785],[76.75852553468856,17.4513457316158],[76.7332705033861,17.449833882776037],[76.73997307909039,17.436792174158267],[76.72285016328878,17.426466434483544],[76.70628897881836,17.429106062486685],[76.69027835631967,17.44309785481945],[76.67846587986584,17.42523721374354],[76.69845013131433,17.401125975529737],[76.69829466805466,17.389683716757013],[76.65802299188836,17.375905257889453],[76.66044845607598,17.361391490992798],[76.61888675296802,17.370234672756787],[76.60227996363675,17.347080068300745],[76.5277563460862,17.34341680240366],[76.51732095793444,17.33600191463934],[76.51724210217269,17.32530568209725],[76.47434430200276,17.334206428761473],[76.47341878285938,17.35881736316526],[76.44832097845233,17.36050912147381],[76.44788956845552,17.36885995376088],[76.43354456564651,17.37418434413044],[76.36311304536126,17.377405642415578],[76.37144379821501,17.436046806339004],[76.33281504470779,17.434685807678044],[76.32951587083694,17.47058471154787],[76.36862056258789,17.48326060290309],[76.3751803401645,17.49406484195955],[76.34607964831379,17.492214868566382],[76.34571875670689,17.513671455645063],[76.36695600682356,17.520181486830896],[76.36301149162375,17.537800267052702],[76.34016120999823,17.54369288822496],[76.33091659882471,17.597355726571802],[76.41857480711664,17.605076612167863],[76.4274076595925,17.647414849372236],[76.44401839617831,17.64234624752251],[76.44131651087534,17.649072974513334],[76.45231026906106,17.648829303715086],[76.45806566498965,17.65901084951804],[76.48885033838624,17.661523950218843],[76.48627175678295,17.71577484438124],[76.52387982609704,17.715322442324975],[76.52376131861207,17.760174753132226],[76.56091601638498,17.76644218033056],[76.57248942499429,17.761271150790368],[76.5643385548951,17.75092921376268],[76.5707130623417,17.70574741114036],[76.57857606171052,17.705093193065586],[76.60072771066254,17.72613615579633],[76.61146167332612,17.771145213368115]]]}},{"type":"Feature","properties":{"taluk":"Aland","districtId":32,"talukCode":"0401"},"geometry":{"type":"Polygon","coordinates":[[[76.69233584231249,17.70687408725087],[76.71204478055928,17.698905285968767],[76.71176382000122,17.694500353045107],[76.6940188584196,17.695927934001062],[76.69233584231249,17.70687408725087]]]}},{"type":"Feature","properties":{"taluk":"Jevargi","districtId":33,"talukCode":"0407"},"geometry":{"type":"Polygon","coordinates":[[[76.57810956033121,17.174508068480897],[76.55442082865598,17.130703071846074],[76.52540687337218,17.12571234920455],[76.50904210306587,17.101636355876703],[76.51944929326633,17.088906412875247],[76.57150584119167,17.108525665482556],[76.58287482154941,17.101890438606365],[76.58392766829648,17.08422036239994],[76.5602984750361,17.0704588753247],[76.56102942662469,17.06087115140014],[76.5808624456072,17.06588420761377],[76.60264895359286,17.059532426387122],[76.60685073605539,17.080983004903818],[76.65831989628843,17.09063738388164],[76.69674054290024,17.060196280500385],[76.70117173592703,17.100480758274223],[76.73725558496452,17.153940182518745],[76.74871911035878,17.16496643683665],[76.7695018572395,17.161430210345664],[76.77597390812025,17.154375510379456],[76.77617107122053,17.105778907568777],[76.76086812417417,17.091558938480826],[76.78982232446535,17.074538134847742],[76.81186196299188,17.04553965607279],[76.83884249326093,17.046235829569945],[76.85411148522826,17.06512955679642],[76.88562328572887,17.042097252859833],[76.92506867818474,17.040959975033342],[76.9133042364784,17.015908141491728],[76.93896970261456,16.987759552821213],[76.93059001132532,16.954884658373384],[76.95209340055347,16.886515189769664],[76.93014535110059,16.88133918099721],[76.92099083633742,16.870155270187595],[76.90201852132878,16.878554676561915],[76.90237420543245,16.89346550406651],[76.85670625143017,16.892103554601867],[76.84569316755974,16.86839967979432],[76.81689635084493,16.874025379027966],[76.81129908226617,16.85572246899338],[76.79130259872905,16.850090581968363],[76.78906843594748,16.837503134999636],[76.75897463861413,16.845346065079703],[76.7547063722385,16.814477360852937],[76.73263848720758,16.81980892668636],[76.73532793866084,16.83131005228179],[76.71443260246318,16.83653185524242],[76.71755851492483,16.849897315114596],[76.7324260602194,16.855433345062078],[76.73290510024353,16.86728148422085],[76.71421179813302,16.872949055612697],[76.72773767514609,16.921579972682668],[76.7163251850515,16.94042721899846],[76.67305577279356,16.94144998461259],[76.66868826873637,16.954762697095052],[76.65630920574861,16.9595093060256],[76.62589716467943,16.961742559911386],[76.5879935732278,16.952235657219447],[76.52593750886288,16.967900323623727],[76.52026481727871,16.95752751815839],[76.49484468533686,16.962530257707087],[76.49546097325182,16.980214542589255],[76.47045419006531,17.001121060895493],[76.45399933744042,16.991402777828174],[76.45273770410292,16.97786156941575],[76.46340162811835,16.965001032240547],[76.45161641477013,16.941450450657655],[76.43403548968256,16.94351880051028],[76.42801489147836,16.92723444557641],[76.39930587774559,16.93529492294339],[76.40063487324734,16.97733260624568],[76.43679926479986,16.98181628860456],[76.44106527499684,16.99911439224249],[76.42718539299372,17.053437739837],[76.4296924564,17.098883740376372],[76.42024884591383,17.12018873311575],[76.4521603064856,17.12785498619154],[76.45008484634448,17.147584349933044],[76.4946458641278,17.13944855871521],[76.52126653524019,17.177074404323413],[76.54175647434236,17.17514465788444],[76.55272098581219,17.186121469566036],[76.57810956033121,17.174508068480897]]]}},{"type":"Feature","properties":{"taluk":"Jevargi","districtId":55,"talukCode":"0407"},"geometry":{"type":"Polygon","coordinates":[[[76.72879202209586,16.771603901023163],[76.7402395102571,16.769891193299404],[76.73884158915261,16.751664023523546],[76.7238195889993,16.75261254392405],[76.72879202209586,16.771603901023163]]]}},{"type":"Feature","properties":{"taluk":"Jevargi","districtId":33,"talukCode":"0407"},"geometry":{"type":"Polygon","coordinates":[[[76.72156728149523,16.789042376378912],[76.71901235076632,16.77793398064812],[76.70900803368167,16.780529996671305],[76.7092361034324,16.792618786062736],[76.72156728149523,16.789042376378912]]]}},{"type":"Feature","properties":{"taluk":"Bhalki","districtId":21,"talukCode":"0502"},"geometry":{"type":"Polygon","coordinates":[[[77.1278326763788,18.2083762592958],[77.13849356396982,18.201154149956665],[77.13305508617262,18.183951485930933],[77.14334157466392,18.181620282307083],[77.14892478655675,18.154599610484667],[77.17806506925851,18.171159272837976],[77.18641487101097,18.139720070438283],[77.20397124379409,18.144261580133932],[77.2156615818681,18.16768615568294],[77.22777425344005,18.14717136555757],[77.2378173882216,18.160427635273013],[77.24839607425459,18.159719986279807],[77.26174248916828,18.15432326650633],[77.27270626490431,18.13185785698274],[77.2929708039154,18.134982269936494],[77.31566985609778,18.119687041340907],[77.34632660292677,18.12069296037958],[77.3674516660321,18.099281825477796],[77.3698116439192,18.105696535305142],[77.40082178909005,18.104048132153565],[77.38555985563373,18.07030241358937],[77.39253748666805,18.052391926844876],[77.40666394649926,18.052111033805314],[77.41329529443888,18.04293554726467],[77.39855964972958,18.03241815712814],[77.39071111317537,18.0074895867375],[77.37994415479399,18.007208704020258],[77.38239070177336,17.9673748600742],[77.3991257674503,17.97017076322879],[77.40024827814882,17.94834218135591],[77.38171009906212,17.947374194113685],[77.39808355971563,17.927605001858055],[77.36203797037427,17.90232791635203],[77.37963822312729,17.89103089147979],[77.37102869583649,17.875103580623403],[77.3328485305864,17.866439577643632],[77.32756663841533,17.85289463538954],[77.31476027028627,17.85464901944621],[77.32268302656087,17.87130508081913],[77.31327795908724,17.888103717630788],[77.28991148607874,17.87790913304993],[77.27947521127953,17.884554657910755],[77.2675143218147,17.877561789630327],[77.2307115831791,17.886836076554616],[77.22973690529157,17.879479864270003],[77.22202011389282,17.889550355165188],[77.1955042463924,17.8835387071895],[77.19565774627641,17.896384261559398],[77.18317731244483,17.89560068750678],[77.1851012344918,17.903989593148133],[77.17894377001242,17.905664454866702],[77.19612821205921,17.92358561448292],[77.18088368875986,17.916185160544337],[77.16691510091349,17.92029989327132],[77.16898774912744,17.938957944610188],[77.14434711712633,17.94413380795053],[77.12900878316272,17.926387202333608],[77.11142470823121,17.93001725438495],[77.1069444706093,17.940023874454678],[77.09423926427938,17.94297693350661],[77.08677219891304,17.972478952081076],[77.0588086423769,17.97499156468101],[77.064347372011,18.01964424420673],[77.04414691155368,18.021018503415807],[77.04921086996043,18.045821465652377],[76.99936197933184,18.066808042683],[76.99188852630921,18.064405388575555],[76.98113212997147,18.025988144557065],[76.94358245882698,18.04632056508563],[76.95117758175725,18.06039524084698],[76.9440157735578,18.083379292128996],[76.96234854119068,18.09058134083471],[76.96521328071321,18.09957960405728],[76.91795321272254,18.124113668866364],[76.93246933758681,18.133597566458064],[76.92145818739402,18.1441041387259],[76.9302894912726,18.159366315272923],[76.94251113520957,18.156622548469695],[76.95133240847746,18.188308499731157],[76.99141362331524,18.19070325256335],[76.99814085560357,18.164980561801872],[77.02375385483552,18.15854468148584],[77.02359498221503,18.175379715017588],[77.0335733947794,18.182178120573514],[77.05218767839345,18.173849913549358],[77.05305291005824,18.160718569877503],[77.06427203437049,18.151806765714603],[77.08257397371366,18.151677010278757],[77.11283407658256,18.15701245397772],[77.11691259870044,18.170032744222773],[77.09761588115171,18.19546561632666],[77.1278326763788,18.2083762592958]],[[77.22796079222957,17.898994812015818],[77.2275242695579,17.89327680577932],[77.23173347786302,17.898111931108385],[77.22796079222957,17.898994812015818]],[[77.20145106980328,17.89252646031069],[77.19990736450646,17.888249562211552],[77.20288496404284,17.8885370112115],[77.20145106980328,17.89252646031069]],[[77.2046357230866,17.890528659393436],[77.2069714786208,17.890970705613135],[77.2050499036161,17.89210876318583],[77.2046357230866,17.890528659393436]],[[77.20714820685323,17.931134570039674],[77.20779880958466,17.926712807911727],[77.20808219833249,17.93119249877142],[77.20714820685323,17.931134570039674]],[[77.20312423369842,17.92131255134005],[77.20243686539864,17.918962656559188],[77.20422867804487,17.91895679126081],[77.20312423369842,17.92131255134005]],[[77.19253230529466,17.908860355401096],[77.19221111157431,17.90387797218856],[77.19219810347103,17.903630615485604],[77.19253230529466,17.908860355401096]],[[77.20683343833232,17.896184661488544],[77.20519623788407,17.897646136839352],[77.20502223769992,17.89650347902489],[77.20683343833232,17.896184661488544]]]}},{"type":"Feature","properties":{"taluk":"Bidar","districtId":21,"talukCode":"0504"},"geometry":{"type":"Polygon","coordinates":[[[77.43206737209047,18.085914163538373],[77.45151780912595,18.041910650702658],[77.47010181699976,18.035924294086577],[77.48087043777804,18.02299553081479],[77.50016760684427,18.04236643375591],[77.49796519318218,18.06010282633235],[77.50842269423272,18.05902811357298],[77.54407793042203,18.036887270511013],[77.58004699045357,18.03255277135146],[77.59031557154302,18.012693480164604],[77.60285487068049,18.02098054067306],[77.62639198333086,17.996751370840574],[77.64898496547815,17.999898670416368],[77.64874163461013,17.979409065432847],[77.65620805412392,17.970553691143913],[77.65026377792405,17.950094241031014],[77.63701164019244,17.95250394180316],[77.63346011945302,17.967949416371834],[77.62453891070452,17.95949491325746],[77.6330360523723,17.94946529699621],[77.61827266795048,17.938344821088272],[77.618926538777,17.90368952102411],[77.5862316678424,17.908283458607436],[77.59835217657185,17.873278288529047],[77.57637048534527,17.875435258561385],[77.55361769551688,17.82011212754532],[77.54699948071813,17.828429882661815],[77.52889737556504,17.830049987244564],[77.52878832844891,17.81307823549711],[77.5141217522813,17.803845034964887],[77.50598145716333,17.7863870860249],[77.53826632651199,17.779740283831817],[77.5552640919574,17.763586111008756],[77.56886936309866,17.76643009714804],[77.57032306140903,17.741811688837117],[77.46293839146242,17.701111115191843],[77.44761816645861,17.683362320471478],[77.39187165462967,17.696596190304874],[77.38868023208363,17.71268488310434],[77.37432628957593,17.718869396204454],[77.386372535346,17.746923379964954],[77.3744419796667,17.736677855470923],[77.34681798256754,17.735803570674435],[77.3310778306501,17.723110173632275],[77.31662179942714,17.762054429498928],[77.28847642865644,17.76265615875963],[77.29511147531751,17.77712319345304],[77.28725493847807,17.780090374536005],[77.29474750625211,17.815050892249086],[77.31737535098647,17.819654728604792],[77.31656130279396,17.833224607179595],[77.33022655023649,17.841818310013682],[77.3328485305864,17.866439577643632],[77.35964563208931,17.87001260109333],[77.37587406512016,17.881750568861463],[77.37963822312729,17.89103089147979],[77.36203797037427,17.90232791635203],[77.39808355971563,17.927605001858055],[77.38171009906212,17.947374194113685],[77.40024827814882,17.94834218135591],[77.3991257674503,17.97017076322879],[77.38239070177336,17.9673748600742],[77.37994415479399,18.007208704020258],[77.39071111317537,18.0074895867375],[77.39855964972958,18.03241815712814],[77.40905691728311,18.034909509914904],[77.41305292892206,18.045815280543984],[77.40596664763768,18.05263439022707],[77.42131018320144,18.06420492445402],[77.42374661042179,18.080394086210305],[77.43206737209047,18.085914163538373]]]}},{"type":"Feature","properties":{"taluk":"Bidar","districtId":13,"talukCode":"0504"},"geometry":{"type":"Polygon","coordinates":[[[77.52395271132478,17.785810129569857],[77.52563119142651,17.782461398773826],[77.52161462887373,17.782699957781524],[77.52395271132478,17.785810129569857]]]}},{"type":"Feature","properties":{"taluk":"Humnabad","districtId":21,"talukCode":"0505"},"geometry":{"type":"Polygon","coordinates":[[[77.1457075242832,17.943818684583416],[77.16898774912744,17.938957944610188],[77.16691510091349,17.92029989327132],[77.18088368875986,17.916185160544337],[77.19612821205921,17.92358561448292],[77.17894377001242,17.905664454866702],[77.1851012344918,17.903989593148133],[77.18317731244483,17.89560068750678],[77.19565774627641,17.896384261559398],[77.20032964246393,17.8816814874927],[77.22202011389282,17.889550355165188],[77.22973690529157,17.879479864270003],[77.2307115831791,17.886836076554616],[77.2675143218147,17.877561789630327],[77.27947521127953,17.884554657910755],[77.28991148607874,17.87790913304993],[77.31327795908724,17.888103717630788],[77.32268302656087,17.87130508081913],[77.31462948978131,17.85498763486045],[77.32995769090762,17.853111206546526],[77.33059913347975,17.843202629580684],[77.31656130279396,17.833224607179595],[77.31737535098647,17.819654728604792],[77.29474750625211,17.815050892249086],[77.2871727097776,17.779961458769098],[77.24974619724877,17.773024810852743],[77.24457607124633,17.79198844396659],[77.23152914872041,17.787916432975],[77.22035689148753,17.77595424258531],[77.2231435947217,17.73880892808957],[77.18764491534351,17.727264673614513],[77.17772117947663,17.711079349142565],[77.15582501554049,17.708846066074546],[77.13643795354693,17.682625007104768],[77.11767890406993,17.686030958132783],[77.08519939050147,17.658914762601533],[77.05958447387754,17.672477542866975],[77.0611553917047,17.70442243290308],[77.05107100590942,17.706932357228006],[77.0553078766257,17.731497977323436],[77.07386500908437,17.74643776688074],[77.06075845566676,17.771732669572387],[77.06874142578872,17.78568234591705],[77.077494303512,17.7852894166188],[77.08058418710594,17.812094155181708],[77.06993412003759,17.82280700365694],[77.06939851188872,17.875042539624523],[77.04820777305282,17.8766460506964],[77.04309518489981,17.90611947816818],[77.05370877192988,17.917126254140424],[77.07949514093043,17.919056745909025],[77.09480820448742,17.942655040590537],[77.12900878316272,17.926387202333608],[77.1457075242832,17.943818684583416]]]}},{"type":"Feature","properties":{"taluk":"Humnabad","districtId":21,"talukCode":"0505"},"geometry":{"type":"Polygon","coordinates":[[[77.22933361673354,17.894525586083155],[77.22796079222957,17.898994812015818],[77.23173347786302,17.898111931108385],[77.22933361673354,17.894525586083155]]]}},{"type":"Feature","properties":{"taluk":"Humnabad","districtId":21,"talukCode":"0505"},"geometry":{"type":"Polygon","coordinates":[[[77.20288496404284,17.8885370112115],[77.19898685317753,17.889765072935973],[77.20145106980328,17.89252646031069],[77.20288496404284,17.8885370112115]]]}},{"type":"Feature","properties":{"taluk":"Humnabad","districtId":21,"talukCode":"0505"},"geometry":{"type":"Polygon","coordinates":[[[77.2069714786208,17.890970705613135],[77.20511253643282,17.889361771126996],[77.2050499036161,17.89210876318583],[77.2069714786208,17.890970705613135]]]}},{"type":"Feature","properties":{"taluk":"Humnabad","districtId":21,"talukCode":"0505"},"geometry":{"type":"Polygon","coordinates":[[[77.20793511194502,17.928867471159048],[77.20714820685323,17.931134570039674],[77.20808219833249,17.93119249877142],[77.20793511194502,17.928867471159048]]]}},{"type":"Feature","properties":{"taluk":"Humnabad","districtId":21,"talukCode":"0505"},"geometry":{"type":"Polygon","coordinates":[[[77.20312423369842,17.92131255134005],[77.20243686539864,17.918962656559188],[77.20196947151193,17.921306186297368],[77.20312423369842,17.92131255134005]]]}},{"type":"Feature","properties":{"taluk":"Humnabad","districtId":21,"talukCode":"0505"},"geometry":{"type":"Polygon","coordinates":[[[77.19319035935388,17.905173910585646],[77.19219810347103,17.903630615485604],[77.19253230529466,17.908860355401096],[77.19319035935388,17.905173910585646]]]}},{"type":"Feature","properties":{"taluk":"Humnabad","districtId":21,"talukCode":"0505"},"geometry":{"type":"Polygon","coordinates":[[[77.20697181791688,17.89738329764485],[77.20502223769992,17.89650347902489],[77.20519623788407,17.897646136839352],[77.20697181791688,17.89738329764485]]]}},{"type":"Feature","properties":{"taluk":"Kamalanagara","districtId":21,"talukCode":"0507"},"geometry":{"type":"Polygon","coordinates":[[[77.31500079101639,18.4412644662072],[77.31616278647999,18.422063962346364],[77.30530494729848,18.4058289939016],[77.30266130646568,18.347162823092454],[77.3193792164598,18.31354159084263],[77.30630389145594,18.263661676829543],[77.32612041677656,18.250987889549126],[77.34893804993047,18.262375456053206],[77.33895077148094,18.25240869541601],[77.33465215353542,18.207428193263983],[77.34923239233993,18.203082167173527],[77.36941447455615,18.213769512990762],[77.35898294242757,18.1530563795042],[77.34222159732646,18.14693200134469],[77.34872312157071,18.14252482290249],[77.34874755510091,18.119858361260867],[77.31566985609778,18.119687041340907],[77.2929708039154,18.134982269936494],[77.27270626490431,18.13185785698274],[77.26174248916828,18.15432326650633],[77.24839607425459,18.159719986279807],[77.2378173882216,18.160427635273013],[77.22777425344005,18.14717136555757],[77.2156615818681,18.16768615568294],[77.19657495328978,18.139187387674525],[77.18487042821258,18.14175973120655],[77.17806506925851,18.171159272837976],[77.15040070510685,18.153602238162865],[77.14034268589253,18.186777151640722],[77.13372580844293,18.181785839960853],[77.13378709435128,18.20585238539497],[77.15171523822063,18.217522161008333],[77.1487603782486,18.239355781602683],[77.16965757448689,18.26088508711754],[77.1747462778047,18.284757999249855],[77.19792405329459,18.276785720750535],[77.21357870992541,18.280795894479642],[77.19875569531466,18.314552369363465],[77.21875458662906,18.325637587688593],[77.22944384630274,18.347635719947966],[77.21964789680456,18.348876293682306],[77.22540036451804,18.365139594872726],[77.24855491223921,18.374435049678482],[77.23337736685315,18.388045503149915],[77.24019777109785,18.41333066437712],[77.25968581099387,18.413568331763305],[77.26636999008113,18.422848340155383],[77.31500079101639,18.4412644662072]]]}},{"type":"Feature","properties":{"taluk":"Kamalanagara","districtId":54,"talukCode":"0507"},"geometry":{"type":"Polygon","coordinates":[[[77.27925833814948,18.47619455484753],[77.29988155899768,18.476050466368427],[77.29926394691209,18.465158470894487],[77.2905834889408,18.45527269470506],[77.26734801481689,18.45426374961961],[77.27925833814948,18.47619455484753]]]}},{"type":"Feature","properties":{"taluk":"Devdurga","districtId":41,"talukCode":"0602"},"geometry":{"type":"Polygon","coordinates":[[[76.9835988891866,16.56215878844219],[77.007077402937,16.548300171300745],[77.00369157311327,16.513475335791163],[77.01007542300337,16.50305106580392],[77.02368891120649,16.50340191029009],[77.04351683927536,16.519312401479255],[77.05936332545697,16.51864601232391],[77.10597226898794,16.486991797379925],[77.15314194864348,16.474768224186274],[77.16078734714112,16.442035532022206],[77.1737670985472,16.430169779729503],[77.22463316185753,16.421824968887282],[77.19391806293808,16.345177193272104],[77.21926073394967,16.329779288046385],[77.2025755535426,16.315008601970938],[77.19942235590366,16.273139858224937],[77.19149312440838,16.27190171698544],[77.18581988922944,16.2906959223168],[77.17070062990464,16.289376087687796],[77.16573372204796,16.25290461566289],[77.17130816978963,16.233378481775915],[77.15592650433736,16.241145284159035],[77.1448026416183,16.237921319981744],[77.16201855711255,16.220264686152774],[77.15075029366595,16.19235210129847],[77.12161386599892,16.194247305238697],[77.11834419750959,16.211278819831925],[77.10721242336086,16.213010200340335],[77.1073895825606,16.21911782624545],[77.0885756990228,16.219770712786758],[77.08007354891122,16.179040919912214],[77.05725859088008,16.19789090124277],[76.99665986577432,16.1924911396468],[76.98517026938504,16.198622908879564],[76.97941336711193,16.191290105486086],[76.95741825821389,16.20396433143487],[76.95678150487686,16.19222813760645],[76.93796819306124,16.197718624164505],[76.9329615250643,16.191204984427436],[76.90781507368858,16.193223351952245],[76.89614127697229,16.202868636912406],[76.8718288612092,16.18749213063055],[76.85109963277608,16.19959362230859],[76.83979539063242,16.21689675621561],[76.81254376992622,16.222160059020634],[76.80618619104925,16.215910725307957],[76.78966095581777,16.2262064532727],[76.7620711174508,16.223938852985516],[76.74807298289782,16.20986582582797],[76.7213276954669,16.216186711150122],[76.72902432517192,16.246120410889453],[76.76295989588377,16.258150915444812],[76.76264528347774,16.28052408599757],[76.7313216645739,16.3019614668247],[76.73483255592264,16.322171821388036],[76.72359372248293,16.338897099263775],[76.69238141723666,16.342034651521136],[76.68675023774846,16.35827893139706],[76.65037740122878,16.360843072430516],[76.74889645306952,16.412441572106005],[76.75514440166835,16.42529042640418],[76.7877695776849,16.419451292844737],[76.84440964455088,16.43206605912506],[76.86331279117316,16.453935279321303],[76.86454000378278,16.482817471403838],[76.8726385444587,16.4903661177775],[76.90639560522624,16.487308755896663],[76.96730337452675,16.505224040822586],[76.97521549322612,16.519203665146787],[76.96614032518289,16.551147668932686],[76.9835988891866,16.56215878844219]]]}},{"type":"Feature","properties":{"taluk":"Devdurga","districtId":41,"talukCode":"0602"},"geometry":{"type":"Polygon","coordinates":[[[77.17655275707999,16.236926670810515],[77.17891164515665,16.23101944263409],[77.17117954390011,16.23091856765539],[77.17140013608581,16.232888547661318],[77.17655275707999,16.236926670810515]]]}},{"type":"Feature","properties":{"taluk":"Raichur","districtId":41,"talukCode":"0603"},"geometry":{"type":"Polygon","coordinates":[[[77.22449986309645,16.421525830749605],[77.26532983312784,16.405869807722393],[77.29029628455184,16.41281506866268],[77.35194103336364,16.38696860723023],[77.37836336995733,16.38948587475522],[77.4180539492989,16.370227951349246],[77.45426382776498,16.38377736931106],[77.4883253859004,16.38606589434443],[77.52210422954992,16.37863562878297],[77.57864658685014,16.34232399888091],[77.5947252215373,16.347284285925998],[77.59641461959185,16.337599793180047],[77.58836312341707,16.332543498341668],[77.59749678967397,16.2933227810748],[77.58218363169952,16.29097915416827],[77.56366740424858,16.30161232632424],[77.54493360544299,16.291885147929545],[77.53715182438502,16.266962784028582],[77.5183252774671,16.279082755868057],[77.48980149704181,16.25524524898005],[77.49190721620901,16.229329062507574],[77.51655312694548,16.22640244220117],[77.50200905676833,16.22418356025307],[77.48565154308247,16.16472464612701],[77.48994416983177,16.12001266736832],[77.50151809445636,16.120253404904695],[77.5144931483418,16.10684441420899],[77.50079087619568,16.106542484094128],[77.49652228273683,16.0944721468289],[77.50685035293513,16.080138581916916],[77.49294803210262,16.039842702148306],[77.50659425538178,16.01039799601846],[77.5141926376868,16.008524995955494],[77.5094937076302,15.980696393199377],[77.51930197456221,15.967205565456892],[77.51196129028311,15.923723412976107],[77.43204181102939,15.94535916119667],[77.38804794028937,15.93876575050018],[77.35594396935934,15.945772470574438],[77.35665761961614,15.953367243116082],[77.28248300447697,15.950923024814069],[77.26171268485284,15.95714274702294],[77.27521925878213,15.987100536084295],[77.27057554076862,16.0495206710863],[77.24567259674316,16.061193755671198],[77.24894920482767,16.08791582799283],[77.23986409356111,16.091359795770682],[77.25735581890407,16.145510797283222],[77.2474441019892,16.1681014042676],[77.22498169900331,16.181251742131703],[77.15776560352545,16.182875996196998],[77.15071968775139,16.19217620913971],[77.16201855711255,16.220264686152774],[77.14420415832222,16.233975378422677],[77.15592650433736,16.241145284159035],[77.17130816978963,16.233378481775915],[77.16573372204796,16.25290461566289],[77.17070062990464,16.289376087687796],[77.18581988922944,16.2906959223168],[77.19149312440838,16.27190171698544],[77.19942235590366,16.273139858224937],[77.2025755535426,16.315008601970938],[77.2193944710196,16.331320188580367],[77.19391806293808,16.345177193272104],[77.22449986309645,16.421525830749605]],[[77.175844104811,16.237004362204022],[77.17117954390011,16.23091856765539],[77.17950875659298,16.234454523246836],[77.175844104811,16.237004362204022]]]}},{"type":"Feature","properties":{"taluk":"yelburga","districtId":36,"talukCode":"0701"},"geometry":{"type":"Polygon","coordinates":[[[75.89876052693354,15.749295226790286],[75.9206739362206,15.726025444191436],[75.91492418060794,15.698055448441322],[75.93945765415677,15.693789166179398],[75.94363249719113,15.677257532347951],[75.96724351283088,15.679321894215192],[75.9672462101835,15.664695979604549],[75.97743039548673,15.66271734386847],[76.01087182546446,15.662160041832308],[76.01559986700825,15.679758110514802],[75.99436890860703,15.67892299923481],[75.98239682455502,15.66675059513726],[75.98378234638706,15.693794049193775],[76.00476111750841,15.715741221086637],[76.02248674795993,15.70923965238363],[76.04056869530697,15.717718493169215],[76.04812759783935,15.743821533831534],[76.07296924437529,15.742807997882638],[76.07553312928025,15.716235148823806],[76.10888216200915,15.728225214934373],[76.1127114903666,15.713080736987193],[76.16530811175261,15.713600351531628],[76.20900612502228,15.699549463817473],[76.26990612400937,15.70518316166604],[76.27874120335319,15.723263434943588],[76.26458968093,15.73448850622274],[76.28251172149547,15.7409556575401],[76.3008262581855,15.719791916905669],[76.31300841648786,15.725325041753122],[76.31998253919834,15.69929389894729],[76.31111966091667,15.675615117247004],[76.33719211442039,15.642926139291632],[76.32129825298611,15.63889779803485],[76.32394676100266,15.604704998579214],[76.31528402295567,15.594383636020678],[76.29426915955547,15.59998122932345],[76.28083623022317,15.616342168901506],[76.2615998584094,15.609845614600921],[76.25407453876558,15.580086602199641],[76.23858276696679,15.56212730460688],[76.24339647055936,15.538362663226227],[76.23022732024394,15.540620262718292],[76.221380649563,15.555475090380288],[76.1600998296912,15.540803017213246],[76.12936777487225,15.5435635862915],[76.11988092306643,15.555126404554382],[76.08122047826359,15.547982771038514],[76.03725849990485,15.567350952448479],[76.02711249997958,15.52725096994412],[76.00035309501591,15.529700776220796],[75.9911226196742,15.561672190992008],[75.97303971333965,15.543994409851646],[75.91166756351237,15.54291188746101],[75.90991779013889,15.511735590349643],[75.87417451203346,15.508359679186485],[75.85989488290835,15.513534122879586],[75.86642811910937,15.59552814522659],[75.89489615020672,15.602239936703656],[75.89905476228311,15.62049340628425],[75.88600988081288,15.633859438607487],[75.88724429118925,15.668457405683723],[75.87056679614015,15.67328189996061],[75.87015967621801,15.715003028716138],[75.8872696383546,15.717464943183678],[75.88212748735279,15.736947737809608],[75.89876052693354,15.749295226790286]]]}},{"type":"Feature","properties":{"taluk":"yelburga","districtId":36,"talukCode":"0701"},"geometry":{"type":"Polygon","coordinates":[[[75.91022170058248,15.512750379478412],[75.91002417227597,15.511713379759613],[75.90998174538882,15.512779582194009],[75.91022170058248,15.512750379478412]]]}},{"type":"Feature","properties":{"taluk":"Kukanuru","districtId":36,"talukCode":"0706"},"geometry":{"type":"Polygon","coordinates":[[[76.03725849990485,15.567350952448479],[76.08122047826359,15.547982771038514],[76.11988092306643,15.555126404554382],[76.12936777487225,15.5435635862915],[76.1600998296912,15.540803017213246],[76.221380649563,15.555475090380288],[76.22861539462406,15.543642037946643],[76.22680755986846,15.517603675591813],[76.22420925774026,15.506643782978381],[76.20943485374983,15.496744869389273],[76.20949538090188,15.488861411832511],[76.21841512668813,15.487359871350685],[76.21728620873266,15.475580859081436],[76.18675422942665,15.489036144933474],[76.16317043294998,15.458008591013314],[76.12647625140195,15.45956009222824],[76.12665399636566,15.449792322572824],[76.09984948565048,15.445287387195291],[76.10414717316793,15.440581373949778],[76.09175906237607,15.432237307942481],[76.10046321800189,15.40458312251665],[76.0602333229944,15.399366411433508],[76.05533252009282,15.342841391086356],[76.01801414835982,15.308162872994112],[75.99996308005998,15.304503200519893],[75.98543479354855,15.328732729719981],[75.97256353017832,15.328933649014456],[75.97404874331309,15.344412809201216],[75.96269189525091,15.344912443821313],[75.96169988626092,15.356055421836595],[75.90261138749257,15.359307247480967],[75.9040017569397,15.402776779493818],[75.86535719122375,15.408034737758399],[75.85831049963896,15.443671141774246],[75.82326923900295,15.451606566923502],[75.8091791477174,15.487783821866747],[75.82317494663987,15.496809028698411],[75.81865887628724,15.508188042207287],[75.8498559552287,15.515679038629216],[75.87656365600132,15.507790555459389],[75.90991779013889,15.511735590349643],[75.91166756351237,15.54291188746101],[75.97303971333965,15.543994409851646],[75.9911226196742,15.561672190992008],[76.00035309501591,15.529700776220796],[76.02711249997958,15.52725096994412],[76.03725849990485,15.567350952448479]],[[75.90998174538882,15.512779582194009],[75.9101513265307,15.511687134951316],[75.91022170058248,15.512750379478412],[75.90998174538882,15.512779582194009]]]}},{"type":"Feature","properties":{"taluk":"Rona","districtId":29,"talukCode":"0802"},"geometry":{"type":"Polygon","coordinates":[[[75.63676434157233,15.84185672641116],[75.65518685257439,15.827957730557182],[75.66928637643976,15.837583911223978],[75.67638386071832,15.822217668340796],[75.6811398639293,15.82999582024125],[75.70688819097606,15.829415437023709],[75.74079245741365,15.81302202321378],[75.81291223952195,15.825657715936263],[75.8160550859378,15.81469898012917],[75.80177604466999,15.808205933548427],[75.80297481574755,15.797166916016602],[75.81420021667442,15.794448998647566],[75.8078783978545,15.779895007154254],[75.8216731099907,15.775117317946238],[75.82013868660859,15.759129101530684],[75.84233576031659,15.75926913389021],[75.83468665786556,15.68671366341874],[75.79986292527097,15.66883221907144],[75.82950821167746,15.657175169099583],[75.83218139043149,15.608269532038745],[75.77698882527315,15.595973067293059],[75.77938386533107,15.55400631777774],[75.74040645750848,15.55284617601379],[75.74150443534238,15.532897810520392],[75.72683283666505,15.521619763426006],[75.68655821851782,15.522899528568153],[75.66524519676504,15.540396208106344],[75.65468691262772,15.57250428843636],[75.64071425983596,15.583950621578603],[75.64153376786327,15.6251750207384],[75.62985576591313,15.626115139496159],[75.62782231972271,15.640308986845405],[75.62178924524115,15.627985287108402],[75.5501113840397,15.620661561775961],[75.55427995180915,15.646899059431634],[75.5022114421521,15.647551787661108],[75.48898966104923,15.699762584207757],[75.5056350926384,15.69983489450063],[75.51083931218403,15.710530045394497],[75.52209835185558,15.71194084108155],[75.54241187997066,15.77886589831791],[75.53022135409175,15.783386139269316],[75.5347606394257,15.79788522284134],[75.54474452108974,15.799388555397094],[75.54623290079016,15.823836809789531],[75.55538038993525,15.823897521230329],[75.56375286676354,15.837299775269932],[75.57673418616321,15.824261874449709],[75.58611309257806,15.834676516336438],[75.61864320579838,15.82136139268982],[75.62072628863721,15.835965686094157],[75.63132080906448,15.831803022238562],[75.63676434157233,15.84185672641116]]]}},{"type":"Feature","properties":{"taluk":"Rona","districtId":29,"talukCode":"0802"},"geometry":{"type":"Polygon","coordinates":[[[75.85792124305456,15.693844173644454],[75.86063186603222,15.68255167070605],[75.83780670358244,15.683409786138],[75.83833930310374,15.698817193249715],[75.85792124305456,15.693844173644454]]]}},{"type":"Feature","properties":{"taluk":"Gajendragad","districtId":29,"talukCode":"0806"},"geometry":{"type":"Polygon","coordinates":[[[75.7770561479726,15.849172294236185],[75.82009520967611,15.851253254296866],[75.82547084851171,15.838360091977556],[75.87097367908427,15.829664658502823],[75.9303078763306,15.790948929191398],[75.96137069082768,15.784845210644963],[75.96387537850815,15.795131422016345],[75.98845054867687,15.801552628218325],[75.9934229978046,15.781094524881906],[76.00992891319567,15.784106335861857],[76.040220325639,15.765878907787144],[76.03468383647572,15.755053842135057],[76.04303943264804,15.720071781575003],[76.02248674795993,15.70923965238363],[76.00476111750841,15.715741221086637],[75.98369417124236,15.6935291052281],[75.98239682455502,15.66675059513726],[75.99436890860703,15.67892299923481],[76.01559986700825,15.679758110514802],[76.01087182546446,15.662160041832308],[75.9672462101835,15.664695979604549],[75.96724351283088,15.679321894215192],[75.94363249719113,15.677257532347951],[75.93945765415677,15.693789166179398],[75.91492418060794,15.698055448441322],[75.9206739362206,15.726025444191436],[75.9096701852036,15.73170451023433],[75.90676254600861,15.74710257554715],[75.89740470061865,15.750555765662282],[75.89267344568313,15.739114070373834],[75.88212748735279,15.736947737809608],[75.88954411646009,15.725313965068276],[75.8872696383546,15.717464943183678],[75.87015967621801,15.715003028716138],[75.87056679614015,15.67328189996061],[75.88724429118925,15.668457405683723],[75.88600988081288,15.633859438607487],[75.89834541452494,15.624335058821186],[75.89769336380184,15.605911727898892],[75.88288516670907,15.595725198122029],[75.86642811910937,15.59552814522659],[75.85994730429186,15.513708318192618],[75.83151497791806,15.507077809803514],[75.81837570123055,15.508152023347776],[75.79998938807319,15.541675611123463],[75.77962281794618,15.548561374102725],[75.77698882527315,15.595973067293059],[75.82428677480206,15.601855698596856],[75.834632581201,15.61380377169245],[75.82950821167746,15.657175169099583],[75.79986292527097,15.66883221907144],[75.83468665786556,15.68671366341874],[75.83370994615326,15.716351027461384],[75.84242910324271,15.734977162308205],[75.84233576031659,15.75926913389021],[75.82013868660859,15.759129101530684],[75.8216731099907,15.775117317946238],[75.8078783978545,15.779895007154254],[75.81420021667442,15.794448998647566],[75.8028695376156,15.797408099517856],[75.80177604466999,15.808205933548427],[75.81918788283916,15.820326888324796],[75.81268605813058,15.825652893354453],[75.77937000229933,15.819391514135015],[75.77407007024983,15.827952016821541],[75.7770561479726,15.849172294236185]],[[75.83833930310374,15.698817193249715],[75.84291006116652,15.681962727369694],[75.86063186603222,15.68255167070605],[75.8602178563545,15.693850202816462],[75.83833930310374,15.698817193249715]]]}},{"type":"Feature","properties":{"taluk":"Laxmeshwar","districtId":29,"talukCode":"0807"},"geometry":{"type":"Polygon","coordinates":[[[75.43359418143835,15.209674411904874],[75.55828202645002,15.190803404476226],[75.5569845697243,15.176862717882212],[75.57756239805049,15.172970404712043],[75.57849797498372,15.14870007324104],[75.6038928458119,15.135165876300446],[75.6055320297133,15.097972379006608],[75.59589425904447,15.097638695799015],[75.59518348719878,15.091052374516966],[75.60905999285775,15.078388500682841],[75.6090249377468,15.06260237186864],[75.59495369022343,15.06831072660543],[75.58452912191653,15.056189765830252],[75.59336885138352,15.015558824555379],[75.63206384131436,14.99476276908398],[75.62958205382854,14.9839121247451],[75.60963756199666,14.973509827568765],[75.61124052719668,14.957901775072203],[75.58964674719759,14.958512445168555],[75.58361432819213,14.968590691872723],[75.56410772079684,14.972145443957638],[75.56524088968662,14.97953813904154],[75.5413040675612,14.97832419463948],[75.54238177321419,15.015014867457925],[75.53331700019828,15.03458227974302],[75.52049521544184,15.033018019862853],[75.49471705819359,15.046402317302528],[75.46075377979845,15.043779560351068],[75.4489141578625,15.060363993739943],[75.41683252507345,15.061273664664016],[75.41662894587184,15.084929019780692],[75.43403429981545,15.107960810024478],[75.41191190687992,15.162076106599358],[75.39551770761553,15.165172925287951],[75.39827423836672,15.200834614549342],[75.43265850382114,15.198786622806564],[75.43359418143835,15.209674411904874]]]}},{"type":"Feature","properties":{"taluk":"Laxmeshwar","districtId":29,"talukCode":"0807"},"geometry":{"type":"Polygon","coordinates":[[[75.41225087846577,15.300173077384486],[75.44173918977098,15.301736497892353],[75.44733906574108,15.263568001604789],[75.49307278199423,15.269546750023615],[75.50867261055872,15.221332702749798],[75.44981739662214,15.236343242722459],[75.44789212724751,15.222946890467027],[75.42276707643634,15.22627917040026],[75.41599929270407,15.234243134918179],[75.41648503539058,15.26229796929754],[75.40231354174942,15.260480674299252],[75.4021430058569,15.273248264011238],[75.4162539647091,15.27474688471958],[75.40611277165291,15.284095255983207],[75.41225087846577,15.300173077384486]]]}},{"type":"Feature","properties":{"taluk":"Hubli","districtId":28,"talukCode":"0903"},"geometry":{"type":"Polygon","coordinates":[[[75.18288129412751,15.490500170511453],[75.2523899510385,15.502155370117023],[75.25130225489647,15.480899257944305],[75.32687261611383,15.478921125949574],[75.32150534026569,15.446488391929137],[75.3064098127421,15.444264269734882],[75.3049739218628,15.427420081099553],[75.31833372016239,15.42420035854556],[75.32657289920539,15.411060350187471],[75.33905148445008,15.35074260389088],[75.2797879558702,15.335737181863134],[75.27767164849583,15.323775318631455],[75.23085334168148,15.320853897222557],[75.20099667850647,15.305830571727698],[75.19404889224869,15.296032972852394],[75.20451749611006,15.263578290888738],[75.19723853232917,15.242405423811448],[75.17455489563227,15.236176511345674],[75.17935295145634,15.212148056447514],[75.16784512897264,15.195740016829403],[75.16883297044117,15.174665462015623],[75.14095832566439,15.168457180607495],[75.13734029803199,15.15797835901294],[75.11493517807827,15.181420210424672],[75.11677471751868,15.194091650920937],[75.09481210592685,15.2140701342735],[75.06602168306976,15.212279929720431],[75.06286830332576,15.23038831167086],[75.07607237360311,15.240625389483181],[75.06770555861227,15.280325481575145],[75.05531486536674,15.306337915339029],[75.04575522790095,15.301876509831692],[75.02011582643517,15.336924072802521],[75.04919895887383,15.349524052418378],[75.05836073045457,15.34783672249945],[75.0608366840567,15.332418289841888],[75.07002801256954,15.330080337797726],[75.0904046953697,15.354474433367132],[75.09901813016839,15.350827984521809],[75.10464320366286,15.333884478643013],[75.09938813555257,15.31789090171875],[75.10738481667096,15.313977367617342],[75.13084551855407,15.322631773115104],[75.13716306489809,15.302651722892076],[75.16493031705994,15.310312536350938],[75.16245156196284,15.320334626546101],[75.13937952120045,15.319799220842764],[75.14030197264621,15.33083009967698],[75.1463511075742,15.32453667775293],[75.18185349837087,15.325836828289068],[75.18052308278871,15.331153004155441],[75.20958586255726,15.341408348347304],[75.20802223043928,15.347158895199076],[75.22363036178861,15.347804054135393],[75.21908659314207,15.36419579473449],[75.18640832883662,15.372400376378117],[75.17945106683008,15.417132956056795],[75.16074135421239,15.414055186007106],[75.14166470278649,15.422438383737752],[75.15829355369729,15.453963027669909],[75.17843023946621,15.461746129694612],[75.18288129412751,15.490500170511453]]]}},{"type":"Feature","properties":{"taluk":"Hubli","districtId":28,"talukCode":"0903"},"geometry":{"type":"Polygon","coordinates":[[[75.36458558501292,15.360105577431531],[75.45454770133551,15.360300095851994],[75.44995620946591,15.301438919837874],[75.3897432278959,15.298890056889954],[75.38592301172119,15.324019476369033],[75.35437503353106,15.32305922993615],[75.34619024836225,15.350090861647544],[75.36458558501292,15.360105577431531]]]}},{"type":"Feature","properties":{"taluk":"Karwar","districtId":51,"talukCode":"1001"},"geometry":{"type":"Polygon","coordinates":[[[74.31577655666449,15.021067574470555],[74.30849520087122,15.020649649025964],[74.31312722689006,14.993311696917779],[74.3273211829488,14.9910049191912],[74.33820298028587,14.96716170715345],[74.33477432314179,14.95982114927834],[74.34516128721297,14.948644970603297],[74.36501740046154,14.945390714145182],[74.36932177448212,14.925364815189376],[74.38746311354603,14.92536826507747],[74.39924771913103,14.905083022354333],[74.40605774664337,14.9195550233147],[74.42263704188571,14.90826857440008],[74.42112398864975,14.922126967527502],[74.4408388992424,14.959511482409805],[74.45593867623967,14.936464408363975],[74.46763495903346,14.89262361249309],[74.48155555734117,14.896654105619657],[74.497643643424,14.918220079121086],[74.52746034231602,14.921682603481424],[74.5248905182078,14.896346848595405],[74.50453916039282,14.880944376626998],[74.51159590707604,14.860696363072051],[74.49173743451769,14.849306162999763],[74.48281440276972,14.829445195945707],[74.45268736180896,14.800378423499241],[74.39322941132829,14.83528924870667],[74.34592825640554,14.848648511083235],[74.3272834459576,14.820223743946702],[74.33278657642472,14.808186303873741],[74.3081046348535,14.805045039872923],[74.29241300890753,14.784620462271242],[74.26272589778576,14.777766673229163],[74.2627118486352,14.761261135550978],[74.24795409590628,14.741551909833728],[74.22661515042303,14.746326635100717],[74.22412433522595,14.734514021779086],[74.1934264421833,14.726383378016974],[74.18965836783696,14.740057182214763],[74.17290287593403,14.754544237634779],[74.15078948058655,14.747093465382983],[74.15781934526144,14.760049576401844],[74.14304774908817,14.779994551096486],[74.1215065122277,14.779424903035975],[74.1153877704919,14.789739050429613],[74.10858465767912,14.784416603550099],[74.10854745451884,14.793061504129017],[74.09456828018838,14.801423716007948],[74.09686086416023,14.809220892590021],[74.1199394117536,14.801352909777373],[74.12552158606357,14.805914863181897],[74.1270885646717,14.839807396714829],[74.11194917663107,14.848586127913299],[74.10076271983192,14.891224973878074],[74.08541301755791,14.89986781032114],[74.12483470308462,14.925239589603772],[74.16047009622771,14.913073424152888],[74.16512541051338,14.919704466934892],[74.15374772772891,14.940317129696222],[74.16422127895551,14.958863328968988],[74.18073898057035,14.957601225315335],[74.2015593266257,14.925551052002435],[74.21488428217465,14.949703082850222],[74.23060002681044,14.949812071643187],[74.23789038855612,14.965951407491461],[74.25248673861459,14.959650868953016],[74.26648584737508,14.97806984014367],[74.25581221407522,14.99522378836712],[74.27009293796365,14.998312978291091],[74.28185014674031,15.030612191307247],[74.30280880476364,15.050348652039391],[74.32152110799113,15.040670356873793],[74.31577655666449,15.021067574470555]]]}},{"type":"Feature","properties":{"taluk":"Karwar","districtId":7,"talukCode":"1001"},"geometry":{"type":"Polygon","coordinates":[[[74.14561108281022,14.763094739119175],[74.14324978869998,14.75830764858839],[74.13843975184516,14.76086284767101],[74.14561108281022,14.763094739119175]]]}},{"type":"Feature","properties":{"taluk":"Karwar","districtId":9,"talukCode":"1001"},"geometry":{"type":"Polygon","coordinates":[[[74.10796694249325,14.842540006735417],[74.11165078700793,14.84523304978079],[74.11305044730346,14.8423367692201],[74.10796694249325,14.842540006735417]]]}},{"type":"Feature","properties":{"taluk":"Karwar","districtId":11,"talukCode":"1001"},"geometry":{"type":"Polygon","coordinates":[[[74.15988572511387,14.921472843783556],[74.15637779775975,14.92034462717738],[74.15946333077513,14.921811322545546],[74.15988572511387,14.921472843783556]]]}},{"type":"Feature","properties":{"taluk":"Karwar","districtId":10,"talukCode":"1001"},"geometry":{"type":"Polygon","coordinates":[[[74.10191721248545,14.878254555662117],[74.10172635946488,14.876301895618212],[74.10002298084825,14.876746383947337],[74.10191721248545,14.878254555662117]]]}},{"type":"Feature","properties":{"taluk":"Karwar","districtId":51,"talukCode":"1001"},"geometry":{"type":"Polygon","coordinates":[[[74.2543018093627,14.745754825494705],[74.25615774718096,14.744188048942211],[74.25409308555716,14.74461065033589],[74.2543018093627,14.745754825494705]]]}},{"type":"Feature","properties":{"taluk":"Karwar","districtId":8,"talukCode":"1001"},"geometry":{"type":"Polygon","coordinates":[[[74.11470388800032,14.844978524410168],[74.11433013066276,14.84326289525653],[74.11463919949036,14.845208475685215],[74.11470388800032,14.844978524410168]]]}},{"type":"Feature","properties":{"taluk":"Haliyal","districtId":51,"talukCode":"1003"},"geometry":{"type":"Polygon","coordinates":[[[74.7672511763497,15.417464666295556],[74.76554898285751,15.398333855543534],[74.78159512646278,15.394248893315314],[74.79227154035459,15.378766613954303],[74.82016708609946,15.385225078816651],[74.83058410143174,15.373456125310094],[74.81902333695973,15.370801849304957],[74.83213356043836,15.336462141435064],[74.85481848793802,15.340497598315874],[74.87746031074178,15.317034611797679],[74.87500027425482,15.300164882605742],[74.89710744563001,15.30131061995145],[74.91021314568964,15.251832345604539],[74.87238471929382,15.216161630202988],[74.87752598745078,15.193037199965513],[74.85013974933005,15.17106401556385],[74.83793113292444,15.144046546902064],[74.82480099067965,15.134578179394449],[74.81927212281525,15.153455675911879],[74.79300829728585,15.146342969246124],[74.79329829725047,15.131952731789212],[74.78173628556833,15.131968247144798],[74.78457304291848,15.116883102232945],[74.7744270640123,15.100241648992352],[74.75399288886994,15.102923912817284],[74.74277573768805,15.084625817912743],[74.7270014553305,15.097886101674053],[74.72966910016461,15.112986839217255],[74.71608391808304,15.146910853543648],[74.75650745736067,15.158117985989207],[74.75932623995345,15.173108877876123],[74.73005133447116,15.174350490973305],[74.69795354266029,15.19437342784883],[74.68252948827745,15.18153611402081],[74.66493408817126,15.185929357544188],[74.67183052406484,15.196760425420575],[74.7146952287034,15.21204929450983],[74.68796783969366,15.222447581554349],[74.68372760727804,15.24318380693599],[74.69697110116856,15.25507377485722],[74.69739885436698,15.269664703462269],[74.68860416090044,15.270153857043129],[74.69888763703788,15.279748014743388],[74.69694912801141,15.298826078030878],[74.71314013436375,15.311086893139747],[74.71002403943933,15.320022963006807],[74.66852195405151,15.31592062095171],[74.65401735967764,15.340741748381554],[74.67485930852303,15.345349219953256],[74.67128889366298,15.36472685727807],[74.72498270387676,15.370023996505171],[74.72461036053227,15.381345534205717],[74.7046765069688,15.377443357281168],[74.67872547602892,15.384354152359876],[74.69856375364432,15.409796100005185],[74.73189286877647,15.40797964613335],[74.7672511763497,15.417464666295556]],[[74.76737267618701,15.218781456881251],[74.76718788691555,15.218205293962779],[74.76731378264611,15.218591975443612],[74.76737267618701,15.218781456881251]]]}},{"type":"Feature","properties":{"taluk":"Haliyal","districtId":51,"talukCode":"1003"},"geometry":{"type":"Polygon","coordinates":[[[74.63974065346926,15.111689174147068],[74.62938999436452,15.13914546205647],[74.66760778822521,15.149558695284348],[74.69082914867971,15.139485316840661],[74.63974065346926,15.111689174147068]]]}},{"type":"Feature","properties":{"taluk":"Ankola","districtId":51,"talukCode":"1007"},"geometry":{"type":"Polygon","coordinates":[[[74.5648782629019,14.872228183744562],[74.57428032639572,14.869953388145625],[74.5997792053941,14.830569057877216],[74.60740060343932,14.79994568266241],[74.64046698351878,14.836292300008747],[74.66695032882895,14.829546859589293],[74.69286031308083,14.834141805197813],[74.70806480950006,14.81699415272145],[74.63314207517524,14.808057852050352],[74.6538814961798,14.78040807208123],[74.63210145022607,14.776005408630619],[74.61071211366789,14.74289651560004],[74.6173113097985,14.7261963487345],[74.61152829021819,14.692704660650099],[74.57324081141424,14.68554946918147],[74.57856331788598,14.653261369859298],[74.56807239703805,14.619749986197675],[74.57411692518673,14.60781878476726],[74.54259276358736,14.575561629703099],[74.53575306021067,14.576729447309415],[74.53234743402197,14.56491167080488],[74.5196739199704,14.568940963112567],[74.50415416745362,14.554542894329748],[74.48267954677456,14.51953171655163],[74.48275336522858,14.526995056392412],[74.4612327942451,14.521786290775994],[74.47354915664047,14.532630141934092],[74.46528927231418,14.5433735736094],[74.47231844891361,14.559668017365814],[74.45325848497977,14.57275048086971],[74.47269260085787,14.59226506544686],[74.44129665411552,14.610828419310266],[74.42574950019198,14.59797721809055],[74.43688849468306,14.565849007779146],[74.42371831708448,14.564292921637689],[74.39206809814907,14.565393688708786],[74.39969262839396,14.574660428179726],[74.37472052684197,14.574043852919417],[74.37713211220182,14.585853784867725],[74.34818112124768,14.572635048903683],[74.34739871583014,14.582141894302614],[74.31776120456209,14.582264061522558],[74.31755944368699,14.59886477293622],[74.29433128368358,14.594007913822871],[74.29643509645008,14.601061334564761],[74.270770943719,14.627679836587934],[74.27936476164273,14.625747710670748],[74.28532323056874,14.634092970404863],[74.27564985367475,14.666251097630083],[74.28271555144941,14.676170496678509],[74.26882694722909,14.703211384287034],[74.25703725151553,14.706493568145675],[74.26382038207835,14.717358538984794],[74.24795409590628,14.741551909833728],[74.2627118486352,14.761261135550978],[74.26272589778576,14.777766673229163],[74.29241300890753,14.784620462271242],[74.3081046348535,14.805045039872923],[74.33278657642472,14.808186303873741],[74.3272834459576,14.820223743946702],[74.34592825640554,14.848648511083235],[74.39322941132829,14.83528924870667],[74.4587084310623,14.797350037200026],[74.43712283298777,14.77984346238761],[74.41982203445217,14.776554470472629],[74.42967645163905,14.756675402027419],[74.47010071235087,14.753877964178818],[74.4781716063514,14.77366339108882],[74.49670594851678,14.790236521966335],[74.51287994490264,14.768514195800686],[74.52223756989925,14.769117108985657],[74.52961315676392,14.778492259163587],[74.54107416995794,14.778460497888647],[74.54165117965924,14.792951280132282],[74.55231576582818,14.798508310456315],[74.56891746335506,14.794154118686482],[74.576653462967,14.805893814480568],[74.57613231998134,14.824446664914205],[74.5550793779628,14.860949077687312],[74.5648782629019,14.872228183744562]],[[74.2543018093627,14.745754825494705],[74.25615774718096,14.744188048942211],[74.25620987553097,14.74541984224436],[74.2543018093627,14.745754825494705]]]}},{"type":"Feature","properties":{"taluk":"Ankola","districtId":6,"talukCode":"1007"},"geometry":{"type":"Polygon","coordinates":[[[74.25709287337509,14.72236870584669],[74.25415924837318,14.721681437200122],[74.25469269716324,14.724700339441238],[74.25709287337509,14.72236870584669]]]}},{"type":"Feature","properties":{"taluk":"Ankola","districtId":5,"talukCode":"1007"},"geometry":{"type":"Polygon","coordinates":[[[74.28073051875691,14.656393741517169],[74.28047014709628,14.65597674231291],[74.28036430961825,14.65632749002563],[74.28073051875691,14.656393741517169]]]}},{"type":"Feature","properties":{"taluk":"Kumta","districtId":51,"talukCode":"1008"},"geometry":{"type":"Polygon","coordinates":[[[74.4420728677913,14.610225649015515],[74.47269260085787,14.59226506544686],[74.45325848497977,14.57275048086971],[74.47231844891361,14.559668017365814],[74.46528927231418,14.5433735736094],[74.47354915664047,14.532630141934092],[74.4612327942451,14.521786290775994],[74.48275336522858,14.526995056392412],[74.48267954677456,14.51953171655163],[74.5196739199704,14.568940963112567],[74.53234743402197,14.56491167080488],[74.53575306021067,14.576729447309415],[74.54259276358736,14.575561629703099],[74.57304948960127,14.607539641445756],[74.582879644745,14.602104250446832],[74.58280446521815,14.558896653709413],[74.56873086289028,14.52680896972747],[74.57298476268592,14.491264937357156],[74.61392942503508,14.466048936390418],[74.63209647878365,14.471253484833491],[74.62954413742916,14.459044089218299],[74.6522062565861,14.480761515593505],[74.6683475394286,14.475214185190449],[74.69154573272814,14.483122618989492],[74.6962347659853,14.473303182200388],[74.67041442839121,14.448994048393242],[74.67874453696945,14.444320409318136],[74.67564546718907,14.431480993584863],[74.65368329732256,14.432018708693361],[74.67290009417981,14.41333715936819],[74.66498347108619,14.388918651781031],[74.62780255168732,14.374149793806392],[74.58518418294662,14.376237058844385],[74.56300503277218,14.36236311997882],[74.54838104167284,14.363978603675168],[74.56325624978332,14.397238677589913],[74.53483470436986,14.408882541496633],[74.53272257774047,14.426476193499504],[74.51505903210314,14.428223977874458],[74.5010904069351,14.41601424751754],[74.4882871625643,14.432670904028274],[74.477112420484,14.422645002699896],[74.47888890389113,14.410770692347755],[74.46132654250296,14.38309817135771],[74.4394594036714,14.383123350273157],[74.40905024861252,14.345003499004823],[74.39753984181687,14.409646315218726],[74.37915679070727,14.421869648239623],[74.38194106644747,14.438794939842994],[74.36094962788954,14.499575873129318],[74.33774203201006,14.518747905669102],[74.3101085229425,14.520900271156167],[74.31508538958292,14.54226939398002],[74.2943204895737,14.593986022910057],[74.31755944368699,14.59886477293622],[74.31776120456209,14.582264061522558],[74.34739871583014,14.582141894302614],[74.34818112124768,14.572635048903683],[74.37713211220182,14.585853784867725],[74.37472052684197,14.574043852919417],[74.39969262839396,14.574660428179726],[74.39206809814907,14.565393688708786],[74.42371831708448,14.564292921637689],[74.43688849468306,14.565849007779146],[74.42574950019198,14.59797721809055],[74.4420728677913,14.610225649015515]],[[74.3612273486891,14.56820415563005],[74.36128009161375,14.568426342089888],[74.36127180768851,14.568391501391876],[74.3612273486891,14.56820415563005]]]}},{"type":"Feature","properties":{"taluk":"Shiggaon","districtId":31,"talukCode":"1101"},"geometry":{"type":"Polygon","coordinates":[[[75.3357449971471,15.161277289786629],[75.33694494806478,15.111616870023452],[75.35011241205659,15.102245717681571],[75.34971940835577,15.094285852328557],[75.33444611398943,15.081556707530401],[75.27701535619417,15.06845177496853],[75.2795661605455,15.062818022497815],[75.27032985772873,15.05829289024758],[75.27285868975532,15.026945989464998],[75.28308662947511,15.016458641285565],[75.27214439043121,14.982252449550723],[75.27808030053318,14.966103718347608],[75.26487820647249,14.952603970918451],[75.26887864133033,14.944051953309888],[75.29155310717928,14.94521050671712],[75.29385913436928,14.932858704540065],[75.28187640312157,14.929991543346693],[75.28681918303411,14.871149885838461],[75.272496308447,14.869435590270893],[75.26430453316118,14.885180921586223],[75.23293204046352,14.883079042126296],[75.2315373242648,14.89525738831561],[75.2248241597281,14.895930152251145],[75.21086260876021,14.893704514912107],[75.20506851817439,14.866223279741964],[75.18077564568894,14.874046260946338],[75.17785219712779,14.894694637819665],[75.16629595210146,14.894153235682753],[75.16854742805174,14.88281143236734],[75.15386299259542,14.879140023684887],[75.15067236885997,14.890833087152577],[75.13613051316206,14.89928312510447],[75.12405844745771,14.894140125086853],[75.10553138423481,14.905048818975978],[75.068598508766,14.908636326098215],[75.0670676685734,14.919097551769326],[75.10228795443801,14.92763087717863],[75.09495301404525,14.950787419455425],[75.10022956526326,14.955342598975049],[75.08451447990298,14.956646709256686],[75.0681305120715,15.014719383066073],[75.08253868539876,15.074595454467685],[75.07795722602532,15.110432144550028],[75.11348742057528,15.11726878207806],[75.10484513220193,15.140691418797418],[75.12186470729839,15.140320376772797],[75.14156030926267,15.159260058287991],[75.15292708535536,15.145642362786287],[75.13716917554181,15.12940459181366],[75.13920498166377,15.102366099407565],[75.15840913163954,15.110510120522767],[75.15787785541147,15.101953682052775],[75.22505890057808,15.100186971999348],[75.22560779535819,15.107149412909402],[75.23872872049338,15.109379192474542],[75.25060747855862,15.107320138393707],[75.2523752003509,15.098022569804792],[75.25874345508511,15.117598293645178],[75.28828801097532,15.129306716670392],[75.28666195538534,15.136769627420946],[75.30589761867881,15.138339515678927],[75.30561674144067,15.154055202446326],[75.3357449971471,15.161277289786629]],[[75.29095473078559,14.937770026765905],[75.2917833658107,14.937377245434813],[75.29172550181515,14.937753450272348],[75.29095473078559,14.937770026765905]]]}},{"type":"Feature","properties":{"taluk":"Savanur","districtId":31,"talukCode":"1102"},"geometry":{"type":"Polygon","coordinates":[[[75.3344491325798,15.08094716135405],[75.3669655935457,15.050411126391257],[75.40153625072999,15.060144535635702],[75.4489141578625,15.060363993739943],[75.46075377979845,15.043779560351068],[75.49471705819359,15.046402317302528],[75.52049521544184,15.033018019862853],[75.53331700019828,15.03458227974302],[75.54238177321419,15.015014867457925],[75.5413040675612,14.97832419463948],[75.56524088968662,14.97953813904154],[75.5670456298732,14.945567293112342],[75.52664456589156,14.943098401183693],[75.53143536487387,14.949884939344319],[75.52199679449741,14.963470631563762],[75.49938239918308,14.966550635480814],[75.50969948630575,14.921445835362501],[75.48477878228408,14.920450130417429],[75.46770667998172,14.908214955740918],[75.48729232756084,14.9049751141127],[75.49178548756242,14.8942462313569],[75.48304801204681,14.874913488359303],[75.45596317369635,14.866218280988102],[75.44335322886644,14.891465722484028],[75.43571316639806,14.87893371688739],[75.42065907174955,14.88296955234281],[75.40181930736358,14.870490244081658],[75.38795870318964,14.890424172140744],[75.36497361376301,14.882202277917811],[75.35502197755302,14.862824385040316],[75.32238299612611,14.862571265577934],[75.30263519431402,14.849251068533656],[75.29819670580747,14.867881503677381],[75.28681918303411,14.871149885838461],[75.28299841038748,14.895877517866552],[75.2880281934446,14.91149431681158],[75.28188343503226,14.930061704247914],[75.29385913436928,14.932858704540065],[75.29155310717928,14.94521050671712],[75.26887864133033,14.944051953309888],[75.26487820647249,14.952603970918451],[75.27808030053318,14.966103718347608],[75.27214439043121,14.982252449550723],[75.28308662947511,15.016458641285565],[75.27285868975532,15.026945989464998],[75.27032985772873,15.05829289024758],[75.2795661605455,15.062818022497815],[75.27701535619417,15.06845177496853],[75.3344491325798,15.08094716135405]]]}},{"type":"Feature","properties":{"taluk":"Savanur","districtId":31,"talukCode":"1102"},"geometry":{"type":"Polygon","coordinates":[[[75.29172550181515,14.937753450272348],[75.29112658652443,14.93728554811583],[75.29095473078559,14.937770026765905],[75.29172550181515,14.937753450272348]]]}},{"type":"Feature","properties":{"taluk":"Hospet","districtId":15,"talukCode":"1203"},"geometry":{"type":"Polygon","coordinates":[[[76.54060391810626,15.381297275242385],[76.55803024423994,15.366751877147168],[76.5521582622071,15.349354160476373],[76.57571301545856,15.347805043544767],[76.59357726292787,15.324330901358913],[76.58075786262809,15.311081252176121],[76.61734469072415,15.315344749387151],[76.61792639495464,15.302890634929643],[76.60586719944251,15.306416239918429],[76.60723850101802,15.301059109964008],[76.58775845947149,15.301077475509732],[76.58257623143477,15.293904094534906],[76.60096087681144,15.279409298949005],[76.58278049316648,15.256882819976331],[76.61578352954672,15.284895179101202],[76.62691421463862,15.284094364083186],[76.63498202818346,15.273289290528519],[76.65474779817772,15.274082065136259],[76.65660605722711,15.262837006345752],[76.63162442726615,15.260350341361042],[76.64195920073455,15.239123094888932],[76.62852292275066,15.229951952358721],[76.61507901596926,15.200186261584825],[76.5734629244007,15.192866602939672],[76.56335906270976,15.205559247815648],[76.57761452441633,15.20738776007065],[76.56174081987302,15.214372842675806],[76.56306643911039,15.221302275454823],[76.54561137797339,15.223852541258374],[76.55471966655377,15.215038118557716],[76.53898961657049,15.186700997173338],[76.5330420300369,15.195874038566735],[76.5011077402985,15.192704517274633],[76.48979332528656,15.183023572328244],[76.48117669243432,15.191843675483714],[76.49279291653609,15.212817095532818],[76.46371152398986,15.224850477868184],[76.44906626486065,15.219361259898024],[76.4326797053705,15.232236314065453],[76.43358737026128,15.243801125433333],[76.42374267195936,15.245381333274294],[76.4288407218373,15.27585513970137],[76.4029206956658,15.267237144950371],[76.41591435359621,15.245592109061693],[76.40731187448839,15.236105936725725],[76.3818583112274,15.246486726724472],[76.37859754467996,15.256584756939757],[76.36989694426593,15.255309722457426],[76.37923839094451,15.244070492891861],[76.40765229898373,15.234426789707573],[76.40070880770912,15.228546512251256],[76.42044102494191,15.21819179318648],[76.42432164441622,15.209902509203998],[76.41859071822236,15.205285812187785],[76.40013816263031,15.223818551006868],[76.39538100470786,15.219154044796039],[76.37675933762753,15.227836364621396],[76.37648851390885,15.237925931552795],[76.3488325228173,15.260151140257102],[76.33750519064505,15.263757840793492],[76.33682062373592,15.253575593387621],[76.32753708409427,15.257741086213231],[76.31556618673358,15.249774771021652],[76.34376516067896,15.27311415414285],[76.35075927548733,15.309135847502843],[76.36116141338796,15.324121748238547],[76.3795299988421,15.331703404998418],[76.40262802690893,15.326265296286193],[76.44205124426327,15.338940770274244],[76.46743523463988,15.336960683443829],[76.47709362164504,15.348448225268381],[76.49323362585687,15.345200757013544],[76.54060391810626,15.381297275242385]],[[76.56824436297711,15.332927611601903],[76.56809569944731,15.329904797352022],[76.56939374730511,15.332122062474577],[76.56824436297711,15.332927611601903]],[[76.5631573677014,15.333504596748746],[76.56417681349954,15.33044131064772],[76.5643324668795,15.333120997296392],[76.5631573677014,15.333504596748746]],[[76.57109037851619,15.33587936664541],[76.56948884635696,15.334541946785246],[76.57214880448791,15.335304434539756],[76.57109037851619,15.33587936664541]]]}},{"type":"Feature","properties":{"taluk":"Hospet","districtId":15,"talukCode":"1203"},"geometry":{"type":"Polygon","coordinates":[[[76.35381058627945,15.243363557158558],[76.41618189751101,15.169986835752006],[76.40497606794118,15.159917839729681],[76.41206525843222,15.142429624587798],[76.42327649902423,15.137839720339754],[76.39754747109262,15.125963565182632],[76.42010753332691,15.118215047221499],[76.44103777065894,15.122325083206201],[76.43523871836281,15.10771420584184],[76.44688051926946,15.10668458814535],[76.44928069813358,15.086749900904579],[76.47283893754455,15.057491137363593],[76.47468542423567,15.042038460071709],[76.46439244356279,15.048026046903054],[76.45207423980233,15.038729770317111],[76.43167961546735,15.042166264868934],[76.41104931305608,15.060788755591116],[76.3935946451516,15.063519041664405],[76.4060022680757,15.029724284145033],[76.37722847390432,15.021599460766721],[76.37764409991077,15.005917387266274],[76.36308729535867,14.994984388193302],[76.3345495877184,15.02797004871072],[76.31794707259786,15.03158131505256],[76.31017264579181,15.046263626676073],[76.31627559255234,15.05033262069497],[76.31701387656703,15.07587141558122],[76.33592385760025,15.074943437786073],[76.3516585573448,15.093720845350573],[76.34434547886842,15.119042940410854],[76.31636752527334,15.104984106042227],[76.31999384959339,15.123681592986806],[76.30992182364628,15.150217169607384],[76.32421437619756,15.152446153305657],[76.32719686097815,15.167436159219116],[76.33256995281648,15.164763251132014],[76.33620261169021,15.20681646793343],[76.36195500224702,15.211655915055006],[76.35582890681414,15.240798691245043],[76.34571274880997,15.246976633315732],[76.35381058627945,15.243363557158558]]]}},{"type":"Feature","properties":{"taluk":"Kampli","districtId":15,"talukCode":"1210"},"geometry":{"type":"Polygon","coordinates":[[[76.69490366672125,15.476740093596028],[76.71299258844107,15.442205846177583],[76.75655491157472,15.44235658091513],[76.7472712065121,15.365773336812929],[76.7079379513805,15.361531508714021],[76.69625163541944,15.342354677065213],[76.70129683572853,15.32444594231625],[76.72132994975124,15.325062505456414],[76.71899249230808,15.309869852318547],[76.75575438272338,15.31083016189305],[76.75682307113398,15.289952657286298],[76.71645819083612,15.290489224055163],[76.70917366272162,15.245311436450976],[76.70264436505272,15.261909973844972],[76.68904825888647,15.26143545425642],[76.68952618347299,15.275966239533693],[76.63498202818346,15.273289290528519],[76.62691421463862,15.284094364083186],[76.61343066780167,15.283568107702678],[76.58355328621396,15.256370818143495],[76.60096087681144,15.279409298949005],[76.58257623143477,15.293904094534906],[76.58775845947149,15.301077475509732],[76.60723850101802,15.301059109964008],[76.60586719944251,15.306416239918429],[76.61792639495464,15.302890634929643],[76.61734469072415,15.315344749387151],[76.58075786262809,15.311081252176121],[76.59357726292787,15.324330901358913],[76.57571301545856,15.347805043544767],[76.5521582622071,15.349354160476373],[76.55794264792448,15.367034119674067],[76.54060391810626,15.381297275242385],[76.55742694513124,15.398760746813272],[76.59103617655367,15.4121912751477],[76.61217656890035,15.443657453487425],[76.66287740060086,15.447292506741713],[76.69490366672125,15.476740093596028]]]}},{"type":"Feature","properties":{"taluk":"Kampli","districtId":15,"talukCode":"1210"},"geometry":{"type":"Polygon","coordinates":[[[76.56613852869555,15.33071328802494],[76.56809569944731,15.329904797352022],[76.56618573893219,15.330136795390429],[76.56613852869555,15.33071328802494]]]}},{"type":"Feature","properties":{"taluk":"Kampli","districtId":15,"talukCode":"1210"},"geometry":{"type":"Polygon","coordinates":[[[76.5643324668795,15.333120997296392],[76.56282396027446,15.331002126986384],[76.5631573677014,15.333504596748746],[76.5643324668795,15.333120997296392]]]}},{"type":"Feature","properties":{"taluk":"Kampli","districtId":15,"talukCode":"1210"},"geometry":{"type":"Polygon","coordinates":[[[76.57109037851619,15.33587936664541],[76.56948884635696,15.334541946785246],[76.56937584117011,15.334779764472879],[76.57109037851619,15.33587936664541]]]}},{"type":"Feature","properties":{"taluk":"Sagara","districtId":46,"talukCode":"1501"},"geometry":{"type":"Polygon","coordinates":[[[74.97852416993406,14.343383141362098],[75.0020936422397,14.32469644766173],[75.01473559685023,14.292564689546664],[75.04181619978803,14.27396483076365],[75.04473058181395,14.259515148645068],[75.06334453388531,14.2385296369059],[75.08176203175132,14.233447493702286],[75.07902751758651,14.220928806364297],[75.09249015184481,14.240695899434716],[75.15892648388893,14.24069568437481],[75.15343044035868,14.261924658462972],[75.19519684912322,14.286318899364414],[75.26006540316993,14.249613355046327],[75.23005630889436,14.22163737959268],[75.24399398201956,14.202532333667827],[75.25268046672377,14.199444144789494],[75.2588730613663,14.210226351166419],[75.26938066258447,14.197974774486632],[75.2796125493852,14.19861881496661],[75.269362292517,14.19012349209579],[75.27114138591246,14.161778996510359],[75.29499220698135,14.132099766516992],[75.27811202090771,14.101134052135972],[75.26712411771214,14.097126535539907],[75.2664204939133,14.086181108553186],[75.29582241101075,14.075710293191381],[75.27997045552844,14.04618159668447],[75.25922878812237,14.049192414601851],[75.25649263160692,14.04373606966972],[75.24700639271927,14.057511124168284],[75.19416827886405,14.019645783232061],[75.1901086835846,14.04609464932997],[75.1695182720077,14.042137893295079],[75.15836796142173,14.023491052856075],[75.14575010167516,14.025975188420121],[75.13971748232396,14.039917981778068],[75.15578106220957,14.046597410873588],[75.16513482773433,14.064478941194444],[75.13980604918622,14.063154379381622],[75.12884891892566,14.093027131563675],[75.10525600360569,14.09019120185562],[75.10362503204053,14.099208884942264],[75.0912443944306,14.098135510588781],[75.09495422777603,14.069141929373732],[75.10464441654594,14.073601505696422],[75.10218225087824,14.059428565542476],[75.0741878170916,14.03166780022868],[75.04556682849687,14.023180198960327],[75.0257955278371,14.007155273878853],[75.01357285825284,14.009485323059097],[75.01260853369138,13.978188519430272],[74.9687514544225,13.996265100437853],[74.96105435685911,13.992294531035622],[74.9468431881389,14.003162816381073],[74.94640024626302,14.02074344765734],[74.93436387746974,14.02121863203964],[74.93716505634157,14.033502363953575],[74.92892912821304,14.034678598120841],[74.91718105357668,14.018911123243498],[74.91651329653057,14.000182712419875],[74.90475115591191,13.99043301625333],[74.91550394540086,13.982025922934064],[74.91462857910231,13.973303642834807],[74.87796117410488,13.949860672891637],[74.88444213748899,13.925081157408929],[74.85375158656457,13.922822979291482],[74.8401730980806,13.91116855079532],[74.85417142947868,13.894633136782096],[74.86269629041631,13.906453908729693],[74.87042946714993,13.897302656046419],[74.88556383526283,13.867583081688247],[74.87626043198337,13.856138416281217],[74.83779308852554,13.898579771315648],[74.81899092595948,13.907949280233488],[74.79201313007152,13.903428739820798],[74.77107452643682,13.91390910505067],[74.75713585665562,13.906476242632179],[74.71140917234085,13.903890284956669],[74.70817796573915,13.920690976971764],[74.68238875807673,13.934388330232048],[74.69417611488767,13.948185211921059],[74.67756571258313,13.959481905237464],[74.66138102074675,13.98925379859846],[74.67621125067511,14.023401567901484],[74.67638073844735,14.061792290921531],[74.64589723673697,14.102373510458106],[74.65554987115276,14.115428958279006],[74.64596694455321,14.114695861283773],[74.64407650531719,14.140413987059285],[74.62919799426444,14.144095582161945],[74.62975436423946,14.163926756664823],[74.65273071194133,14.167333331634298],[74.66476914702977,14.18300526178376],[74.70904355482274,14.167283733192631],[74.74907142620576,14.142097027717007],[74.7475706823634,14.156866221530379],[74.7261341986407,14.173795974141498],[74.71260853157241,14.232948036736298],[74.73303314753905,14.267414978780755],[74.79273437626112,14.22802425474853],[74.83889563177618,14.227485469998532],[74.85373974861935,14.209247489103083],[74.86726459424926,14.218336226884901],[74.87341048990764,14.240307179579439],[74.88086988534758,14.232927346936906],[74.87851450758869,14.214094627900565],[74.8946773712434,14.216988073353582],[74.89855367307047,14.228133229776716],[74.92100577096382,14.2273077808568],[74.93932069220295,14.255374439429485],[74.92621640425709,14.27730838711522],[74.90993832195133,14.277697273962124],[74.90560509838515,14.293447265131896],[74.92626953117873,14.319721893836922],[74.9760567269356,14.318960003698253],[74.96960311298226,14.326076363475973],[74.97852416993406,14.343383141362098]],[[75.12525454434956,14.094949781158103],[75.12537377321948,14.094565316956306],[75.125501653058,14.09492309292932],[75.12525454434956,14.094949781158103]]]}},{"type":"Feature","properties":{"taluk":"Hosanagar","districtId":46,"talukCode":"1504"},"geometry":{"type":"Polygon","coordinates":[[[75.08575826400262,13.61676948880965],[75.07982625042803,13.60851677977283],[75.07572363940878,13.609798215477172],[75.05877970312082,13.628755158653885],[75.05062487665845,13.616009242552728],[75.03830823182582,13.615933948473105],[75.01120474762105,13.634698672112483],[75.00813182675958,13.66056660536634],[75.01241558841497,13.666463107172147],[75.02163529715455,13.661815879423505],[75.02673902119498,13.67053393775751],[75.00858616127985,13.679101967037823],[75.00781021679397,13.690873380858143],[75.019392145292,13.699163940786173],[74.98769368838238,13.713475787963455],[74.99628069499632,13.744746587514175],[74.95226190080575,13.758865850731837],[74.93814783552943,13.777137698847186],[74.93103577433709,13.775836105728075],[74.93256211655628,13.796049423403305],[74.92428840524974,13.80132227983201],[74.91961342537654,13.82464848503662],[74.91284514742676,13.821693004825821],[74.91113642152595,13.858772026010888],[74.88488298678388,13.868095553060895],[74.86314970673192,13.9065145931929],[74.85417142947868,13.894633136782096],[74.8401730980806,13.91116855079532],[74.85375158656457,13.922822979291482],[74.88444213748899,13.925081157408929],[74.87796117410488,13.949860672891637],[74.91462857910231,13.973303642834807],[74.91550394540086,13.982025922934064],[74.90475115591191,13.99043301625333],[74.91651329653057,14.000182712419875],[74.91718105357668,14.018911123243498],[74.92892912821304,14.034678598120841],[74.93716505634157,14.033502363953575],[74.93436387746974,14.02121863203964],[74.94640024626302,14.02074344765734],[74.9468431881389,14.003162816381073],[74.96105435685911,13.992294531035622],[74.9687514544225,13.996265100437853],[75.01320880927037,13.978551864331395],[75.01357285825284,14.009485323059097],[75.0257955278371,14.007155273878853],[75.04556682849687,14.023180198960327],[75.0741878170916,14.03166780022868],[75.10218225087824,14.059428565542476],[75.10464441654594,14.073601505696422],[75.09495422777603,14.069141929373732],[75.0912443944306,14.098135510588781],[75.10362503204053,14.099208884942264],[75.10525600360569,14.09019120185562],[75.12884891892566,14.093027131563675],[75.13980604918622,14.063154379381622],[75.16513482773433,14.064478941194444],[75.15578106220957,14.046597410873588],[75.13971748232396,14.039917981778068],[75.1442497586004,14.026722582311955],[75.15836796142173,14.023491052856075],[75.1695182720077,14.042137893295079],[75.1901086835846,14.04609464932997],[75.19363815308871,14.019581511625129],[75.24700639271927,14.057511124168284],[75.25649263160692,14.04373606966972],[75.25922878812237,14.049192414601851],[75.27995523127534,14.046162020585069],[75.29582241101075,14.075710293191381],[75.3156230187839,14.051175660753884],[75.31269783267606,14.03552430482377],[75.34214835789983,14.017833582936008],[75.35704968392044,14.019791252094574],[75.34832084143214,14.002207122850184],[75.36192883445672,13.972233360964472],[75.35085844756011,13.956594405526623],[75.37150546211991,13.946947041928192],[75.37469705800727,13.853725466919848],[75.34160125894651,13.85563518188651],[75.3206146313287,13.88938543738368],[75.26373980139041,13.89192646523663],[75.26370092755529,13.877528180780574],[75.25562618208095,13.877146680049844],[75.23526874480238,13.880535598780257],[75.23884047759329,13.893110326836384],[75.22211175117516,13.902234842372394],[75.21512775474018,13.897350273963303],[75.22787171066395,13.857383288125597],[75.22265058245958,13.84380904403349],[75.2155988511664,13.848909401173644],[75.17783303263653,13.820346088040816],[75.18751657157254,13.837864404026051],[75.1544566961824,13.854186876856145],[75.13729587692704,13.815795769816514],[75.15004823951031,13.802901171431428],[75.13616066583194,13.792240159451346],[75.12600945273968,13.794848511646242],[75.11800400857611,13.779751615965356],[75.10693833888116,13.781892156326808],[75.08984511312528,13.76609855442037],[75.09241194574456,13.753088397320033],[75.11684881187897,13.725194884591259],[75.11352846358614,13.718626565715205],[75.15810610079593,13.696106655743336],[75.1591217472879,13.682484084757233],[75.14964342064945,13.673825359690582],[75.13807687151393,13.678302717081845],[75.13540364104682,13.64720441733929],[75.11439466323692,13.643049741003102],[75.10842356507453,13.632935947605848],[75.10045264836114,13.636452398566389],[75.0975580756063,13.625989687064486],[75.0794161303022,13.624966123912499],[75.08575826400262,13.61676948880965]]]}},{"type":"Feature","properties":{"taluk":"Hosanagar","districtId":46,"talukCode":"1504"},"geometry":{"type":"Polygon","coordinates":[[[75.12553502557107,14.094864580742266],[75.12500621863039,14.094570328085332],[75.12537224892851,14.094976927065193],[75.12553502557107,14.094864580742266]]]}},{"type":"Feature","properties":{"taluk":"Thirthahalli","districtId":46,"talukCode":"1505"},"geometry":{"type":"Polygon","coordinates":[[[75.08600382564642,13.616006303384484],[75.0794161303022,13.624966123912499],[75.0975580756063,13.625989687064486],[75.10045264836114,13.636452398566389],[75.10842356507453,13.632935947605848],[75.11439466323692,13.643049741003102],[75.13540364104682,13.64720441733929],[75.13807687151393,13.678302717081845],[75.14964342064945,13.673825359690582],[75.16127321980876,13.690340469460386],[75.11352846358614,13.718626565715205],[75.11684881187897,13.725194884591259],[75.09241194574456,13.753088397320033],[75.08984511312528,13.76609855442037],[75.10693833888116,13.781892156326808],[75.11800400857611,13.779751615965356],[75.12600945273968,13.794848511646242],[75.13616066583194,13.792240159451346],[75.15004823951031,13.802901171431428],[75.13729587692704,13.815795769816514],[75.1544566961824,13.854186876856145],[75.18751657157254,13.837864404026051],[75.17783303263653,13.820346088040816],[75.2155988511664,13.848909401173644],[75.22265058245958,13.84380904403349],[75.22787171066395,13.857383288125597],[75.21642454815941,13.900299539297166],[75.23884047759329,13.893110326836384],[75.23526874480238,13.880535598780257],[75.25562618208095,13.877146680049844],[75.26370092755529,13.877528180780574],[75.26373980139041,13.89192646523663],[75.3206146313287,13.88938543738368],[75.34160125894651,13.85563518188651],[75.37469705800727,13.853725466919848],[75.37030216588332,13.925860893570992],[75.3883026945697,13.9196574633816],[75.38932461240907,13.906205839949944],[75.39939913032201,13.9028830126109],[75.39685952614596,13.863374718623838],[75.40492095237298,13.866982986557929],[75.40527779444149,13.851366316737998],[75.42309907768424,13.853438502501724],[75.44750866304481,13.826578076024665],[75.45413982503698,13.836131695138182],[75.47740449919775,13.841971096327004],[75.49133648920433,13.796820719555036],[75.50944990673483,13.790646489602835],[75.50750592818694,13.782186220701846],[75.49694990427672,13.779802334146867],[75.4966025046118,13.768080399159976],[75.48614700875466,13.767095484249083],[75.48962623280958,13.760529352171282],[75.46070039231802,13.740090715553793],[75.45565799926166,13.723426133059514],[75.41602527482077,13.705402436672836],[75.38086773760398,13.708497544748047],[75.39384436568079,13.700628933460322],[75.40571049118915,13.658862535183838],[75.41399125479263,13.653120377394352],[75.4065679618516,13.625759052299031],[75.3931337936329,13.629515383114812],[75.38513478888082,13.61260294600322],[75.37684196855244,13.613749570956367],[75.37437345328047,13.626180135422299],[75.36528269439243,13.619261448982318],[75.3701276306533,13.596152699522396],[75.3536150770809,13.593199917807175],[75.34386986264981,13.581986290824785],[75.32762480190604,13.591235593539984],[75.29490490246839,13.585184865494268],[75.27835387688397,13.564067739493025],[75.26439353075229,13.585371717052753],[75.25579049463329,13.583472468985613],[75.244715353448,13.605397453424457],[75.23593143540984,13.599213332501352],[75.22094299850238,13.603795459656077],[75.21201146189708,13.580801599375897],[75.22597327491647,13.568257792484712],[75.21553371024235,13.556359408883429],[75.22357211001682,13.548294590413041],[75.22488439187082,13.528963407501841],[75.20697303578109,13.524797940911373],[75.20344851081106,13.51751401147116],[75.21050840553617,13.516299141091926],[75.20275529455927,13.508991947173117],[75.18840527713449,13.509113524530605],[75.17670241611255,13.498721025901553],[75.17087382625631,13.506633788334033],[75.14791049375818,13.47881875717215],[75.1364452057248,13.477932819950201],[75.14019731179023,13.463060270747116],[75.1155212195445,13.459025222725922],[75.10165329954194,13.48694162820118],[75.07862732946039,13.49470377600075],[75.07846712574212,13.521552264189864],[75.07071062268103,13.531158996691797],[75.06480690303115,13.519381225820037],[75.06113766998693,13.520208758716793],[75.0677741105488,13.534211076884066],[75.05376502542025,13.536236326060683],[75.05415013279449,13.550568644348646],[75.03852667266511,13.564849152971194],[75.04511700030727,13.584850047416966],[75.05662478906665,13.585136688925617],[75.06267993622436,13.595304835364226],[75.05062487665845,13.616009242552728],[75.05877970312082,13.628755158653885],[75.07572363940878,13.609798215477172],[75.08600382564642,13.616006303384484]]]}},{"type":"Feature","properties":{"taluk":"Thirthahalli","districtId":46,"talukCode":"1505"},"geometry":{"type":"Polygon","coordinates":[[[75.08449191037234,13.616310375787407],[75.08611288729378,13.617617721085795],[75.08517584121627,13.616085308374672],[75.08449191037234,13.616310375787407]]]}},{"type":"Feature","properties":{"taluk":"shimoga","districtId":46,"talukCode":"1506"},"geometry":{"type":"Polygon","coordinates":[[[75.38212240644319,14.138857878222737],[75.38405050316263,14.129396311366053],[75.40081908552658,14.127198878244736],[75.39672813155661,14.118059827243702],[75.43551743081107,14.10557795150581],[75.43849288425773,14.098498610347985],[75.46622074528821,14.104771737595302],[75.53137752184574,14.097775737708549],[75.54055197127106,14.079656847432425],[75.5539872419475,14.078915807198022],[75.5854736974774,14.058349545043159],[75.6107593139248,14.05978743487677],[75.61805020830158,14.07712707891714],[75.63055491345112,14.07449364673514],[75.63536221555601,14.081566466979396],[75.67392405929287,14.065672494336576],[75.72730746244943,14.076708786616138],[75.7360421187015,14.065121558938747],[75.73193816544695,14.055966229193945],[75.70212121609256,14.053438674112407],[75.68324577081529,14.033585121723139],[75.6742758504442,14.00894380374269],[75.6839741154155,13.978240879859548],[75.70983432105322,13.943384417301207],[75.69295762296142,13.937184012311496],[75.69562365326323,13.922544276308043],[75.71166099988912,13.925952155282207],[75.71220693886016,13.917166693026047],[75.69907573084696,13.910818765079004],[75.6771268368111,13.917375204225733],[75.67101630786371,13.896937839702842],[75.65591566628034,13.899561038839913],[75.66110030125066,13.885601241465091],[75.65113711605,13.867973640799569],[75.61016819945776,13.843086917264552],[75.60415473666883,13.795586319749132],[75.59069639405324,13.795606482635476],[75.60436816076148,13.78751754508541],[75.60485714230805,13.760703844689322],[75.57098429356151,13.755913530651188],[75.570036989834,13.734635911781028],[75.56065626509013,13.729066605681131],[75.54185615363268,13.724569528494753],[75.52830895471374,13.731183197198648],[75.5217180900149,13.751905464163961],[75.51047262884542,13.755339803405876],[75.50786432837947,13.764711161670078],[75.4986159884484,13.756838505876368],[75.48995038226722,13.76739564223297],[75.51003067503774,13.788960306812601],[75.49133648920433,13.796820719555036],[75.47740449919775,13.841971096327004],[75.45413982503698,13.836131695138182],[75.44750866304481,13.826578076024665],[75.42309907768424,13.853438502501724],[75.40527779444149,13.851366316737998],[75.40492095237298,13.866982986557929],[75.39691979930514,13.862897055476918],[75.39939913032201,13.9028830126109],[75.38932461240907,13.906205839949944],[75.39253549809906,13.917696873649948],[75.37030216588332,13.925860893570992],[75.37150546211991,13.946947041928192],[75.35085844756011,13.956594405526623],[75.36192883445672,13.972233360964472],[75.34832084143214,14.002207122850184],[75.35704968392044,14.019791252094574],[75.34214835789983,14.017833582936008],[75.31269783267606,14.03552430482377],[75.3156230187839,14.051175660753884],[75.30379134365556,14.068367841024088],[75.28611883497028,14.08416485825177],[75.28005455192947,14.079299030015147],[75.2664204939133,14.086181108553186],[75.26712411771214,14.097126535539907],[75.27811202090771,14.101134052135972],[75.29322673640287,14.127506651378937],[75.30739754902888,14.126662860601465],[75.31553650483538,14.104144783133856],[75.32857480512797,14.111611416692362],[75.36561367989503,14.110971378491957],[75.38212240644319,14.138857878222737]],[[75.60526913079809,13.861000006360195],[75.60880464913247,13.85608330115952],[75.60958278674967,13.862761958319673],[75.60526913079809,13.861000006360195]],[[75.6870166410715,13.933153383564916],[75.67574940841153,13.93632065633372],[75.67326335030296,13.919040936653303],[75.68297284254822,13.919830626623515],[75.6870166410715,13.933153383564916]]]}},{"type":"Feature","properties":{"taluk":"shimoga","districtId":46,"talukCode":"1506"},"geometry":{"type":"Polygon","coordinates":[[[75.65786983194901,13.898204123033505],[75.65940354858151,13.896519506271227],[75.65706817438291,13.897107905895876],[75.65786983194901,13.898204123033505]]]}},{"type":"Feature","properties":{"taluk":"shimoga","districtId":46,"talukCode":"1506"},"geometry":{"type":"Polygon","coordinates":[[[75.65609640557314,13.895966063471851],[75.65719575541783,13.895377260516316],[75.65611856237258,13.895557891140003],[75.65609640557314,13.895966063471851]]]}},{"type":"Feature","properties":{"taluk":"shimoga","districtId":46,"talukCode":"1506"},"geometry":{"type":"Polygon","coordinates":[[[75.65942065753177,13.890653067560768],[75.65967103134872,13.888818554669811],[75.65918065182497,13.89061365401911],[75.65942065753177,13.890653067560768]]]}},{"type":"Feature","properties":{"taluk":"Bhadravathi","districtId":46,"talukCode":"1507"},"geometry":{"type":"Polygon","coordinates":[[[75.75803960014194,14.110626016668704],[75.77184237605195,14.100937197540981],[75.81283845497803,14.103761936701568],[75.82097994418923,14.06361541954803],[75.79898623113864,14.033448671443335],[75.80302657839808,14.023098830797919],[75.82464504584985,14.017943834169],[75.8327312288893,13.966767277613727],[75.86968818869917,13.903661503537698],[75.8656797060313,13.855884236355717],[75.87675564087056,13.809133944460841],[75.8246663885757,13.817088604208926],[75.80439649909972,13.794683494087996],[75.76381460710185,13.796375810194652],[75.76480667968386,13.782256943185399],[75.73211101143919,13.768855604711067],[75.68653555067047,13.7672869349249],[75.68467400354753,13.749159465193047],[75.67551921661573,13.75188318980791],[75.67024745679429,13.765515826241193],[75.65591243870932,13.746198774029047],[75.67403362717934,13.722033345188683],[75.65310793847482,13.718907201756634],[75.64365501936004,13.70518774954686],[75.62609827779458,13.701448897428147],[75.61716978851128,13.722403603939727],[75.62675857061065,13.734134326667371],[75.6094367342842,13.746048664060309],[75.60436816076148,13.78751754508541],[75.59069639405324,13.795606482635476],[75.60415473666883,13.795586319749132],[75.61016819945776,13.843086917264552],[75.63234540016875,13.851732825404905],[75.6546705006,13.873477691238982],[75.66110030125066,13.885601241465091],[75.65498503146512,13.895721546206833],[75.65591566628034,13.899561038839913],[75.67101630786371,13.896937839702842],[75.6771268368111,13.917375204225733],[75.69907573084696,13.910818765079004],[75.71220693886016,13.917166693026047],[75.71166099988912,13.925952155282207],[75.69562365326323,13.922544276308043],[75.69295762296142,13.937184012311496],[75.70983432105322,13.943384417301207],[75.6839741154155,13.978240879859548],[75.6742758504442,14.00894380374269],[75.68324577081529,14.033585121723139],[75.70212121609256,14.053438674112407],[75.73550629305845,14.057575807386677],[75.72095953669087,14.083444138102193],[75.73831858465759,14.087275117890101],[75.73938276326827,14.101535694227904],[75.75287484184946,14.101995280691424],[75.75803960014194,14.110626016668704]],[[75.65918065182497,13.89061365401911],[75.66017666736263,13.889104922517777],[75.65942065753177,13.890653067560768],[75.65918065182497,13.89061365401911]],[[75.65719575541783,13.895377260516316],[75.65609640557314,13.895966063471851],[75.65611856237258,13.895557891140003],[75.65719575541783,13.895377260516316]],[[75.65940354858151,13.896519506271227],[75.65778733377178,13.897488469435856],[75.6571328212894,13.897543681714536],[75.65706817438291,13.897107905895876],[75.65940354858151,13.896519506271227]]]}},{"type":"Feature","properties":{"taluk":"Bhadravathi","districtId":46,"talukCode":"1507"},"geometry":{"type":"Polygon","coordinates":[[[75.68702118681371,13.933005805844543],[75.68297284254822,13.919830626623515],[75.67326335030296,13.919040936653303],[75.67574940841153,13.93632065633372],[75.68702118681371,13.933005805844543]]]}},{"type":"Feature","properties":{"taluk":"Bhadravathi","districtId":46,"talukCode":"1507"},"geometry":{"type":"Polygon","coordinates":[[[75.60958278674967,13.862761958319673],[75.60702542570527,13.856709252536284],[75.60526913079809,13.861000006360195],[75.60958278674967,13.862761958319673]]]}},{"type":"Feature","properties":{"taluk":"Bhadravathi","districtId":46,"talukCode":"1507"},"geometry":{"type":"Polygon","coordinates":[[[75.68889622262873,13.932431480587931],[75.68697097838532,13.93564657402281],[75.68854121645855,13.936752353172187],[75.68889622262873,13.932431480587931]]]}},{"type":"Feature","properties":{"taluk":"Udupi","districtId":50,"talukCode":"1602"},"geometry":{"type":"Polygon","coordinates":[[[74.70008176487215,13.434969028429004],[74.70536689666037,13.415579530113408],[74.74011559338138,13.40598884776818],[74.74949948009156,13.380964498325499],[74.77503584689008,13.382382588395027],[74.78823823218475,13.373882202006545],[74.80245493620852,13.384328455323574],[74.81739878370784,13.37983291992687],[74.81567767324621,13.403651034205641],[74.83038745027358,13.41000667854079],[74.83765723046677,13.40343392490262],[74.8435530592937,13.411362557687307],[74.84402118326689,13.405437383455649],[74.88226838956014,13.405082741966089],[74.92805593568211,13.43495008673686],[74.95569604345856,13.400102324938178],[74.95603034099389,13.381280358202375],[74.94397942851,13.383018601708592],[74.94048001797591,13.37613641009722],[74.95153149241281,13.362122794414116],[74.93890842839552,13.348048958526002],[74.94948911469429,13.320685263929064],[74.91564049044837,13.329977070812545],[74.91700530662713,13.320429793519377],[74.89524844656317,13.308440080970154],[74.87780644908906,13.32150887714598],[74.86664726754807,13.30970541886714],[74.87414880598884,13.294140936296252],[74.86003708798678,13.272373557890036],[74.84789543238156,13.273798934803967],[74.84362093853963,13.286683260282848],[74.82774735961918,13.284295435888197],[74.7998914734512,13.296538220253781],[74.78596536576671,13.281296735817351],[74.77482573631217,13.284399008135576],[74.77535616609741,13.292069636196935],[74.76013643243424,13.288771887692242],[74.74220681486865,13.29656871146556],[74.7238971229808,13.276429068538288],[74.71378642324375,13.324645699289729],[74.69835804847601,13.343742333515767],[74.69378593552321,13.434976497484346],[74.70008176487215,13.434969028429004]],[[74.80442035978362,13.342638357722313],[74.80441442580602,13.342618818786775],[74.80445577974885,13.342627200462317],[74.80442035978362,13.342638357722313]]]}},{"type":"Feature","properties":{"taluk":"Udupi","districtId":3,"talukCode":"1602"},"geometry":{"type":"Polygon","coordinates":[[[74.68354217034494,13.343693823555798],[74.6873778781924,13.344589254220649],[74.68808809669164,13.341860469081029],[74.68354217034494,13.343693823555798]]]}},{"type":"Feature","properties":{"taluk":"Udupi","districtId":2,"talukCode":"1602"},"geometry":{"type":"Polygon","coordinates":[[[74.68775297623455,13.336986225124079],[74.69086991899819,13.33913421284969],[74.6899314261373,13.335795305874592],[74.68775297623455,13.336986225124079]]]}},{"type":"Feature","properties":{"taluk":"Udupi","districtId":4,"talukCode":"1602"},"geometry":{"type":"Polygon","coordinates":[[[74.68495166036958,13.382621571165904],[74.68326360049383,13.380456917167542],[74.681960321432,13.384219007022367],[74.68495166036958,13.382621571165904]]]}},{"type":"Feature","properties":{"taluk":"Udupi","districtId":1,"talukCode":"1602"},"geometry":{"type":"Polygon","coordinates":[[[74.6930760070189,13.33136498018876],[74.69149380354307,13.331395840017425],[74.6919429301736,13.33266118659182],[74.6930760070189,13.33136498018876]]]}},{"type":"Feature","properties":{"taluk":"Sringeri","districtId":24,"talukCode":"1701"},"geometry":{"type":"Polygon","coordinates":[[[75.20023886047684,13.509473372400356],[75.20775547721722,13.501344866015371],[75.2152761314486,13.505082996117034],[75.21305881305351,13.493294168552524],[75.21984949039059,13.502055432308172],[75.23106722447201,13.498297456865147],[75.23699549928612,13.474760285067397],[75.25983766347153,13.468483176246762],[75.27406615273881,13.486150136864614],[75.28408448738935,13.482939705868858],[75.29650831711828,13.462066491638648],[75.3089775752875,13.462038974970799],[75.30896986914578,13.46325975897565],[75.30823114188357,13.463580700575873],[75.3058335267545,13.466168053674584],[75.30607713864971,13.466752922359714],[75.30850518413948,13.467610408480612],[75.31177561390321,13.466276038909449],[75.32064403129621,13.442259937583014],[75.30169072345075,13.429876920540263],[75.30941080600122,13.413873753283246],[75.32309469241676,13.422827890473597],[75.32675104128683,13.415388358117047],[75.31118365260436,13.40929549923348],[75.31529114557567,13.384771430849511],[75.28546188411948,13.363487676366573],[75.28761968710208,13.345429182230081],[75.2743966440722,13.33824513595442],[75.26962992987642,13.316838551592792],[75.25644436564683,13.308843212339186],[75.26230327706,13.288612162969839],[75.24905146864616,13.272416747828894],[75.21276857234648,13.272790647349009],[75.15739007874589,13.243008176280998],[75.1416582231046,13.284981454373728],[75.11740237743635,13.277816002896726],[75.07410902157275,13.342420472436268],[75.08508900613234,13.34829693341744],[75.08674123262529,13.361369219150886],[75.11383350527905,13.355859287124803],[75.12767036159772,13.37118340081276],[75.12741626777832,13.38428466905626],[75.13492292044398,13.38129487349198],[75.14178478296257,13.389567527141534],[75.13905611731688,13.408796759344916],[75.15590561443437,13.452780758780987],[75.14162390607605,13.458605122870535],[75.1364452057248,13.477932819950201],[75.14791049375818,13.47881875717215],[75.17087382625631,13.506633788334033],[75.17670241611255,13.498721025901553],[75.20023886047684,13.509473372400356]],[[75.32071376443386,13.418579251305044],[75.31955513323685,13.419773819290082],[75.31920384245434,13.419545551977915],[75.32071376443386,13.418579251305044]],[[75.30870116187336,13.464300830040866],[75.30795866607407,13.464113021147623],[75.30885146722348,13.463804426409352],[75.30870116187336,13.464300830040866]],[[75.30739984539336,13.465320504661962],[75.30806288729653,13.46492460731942],[75.3078687951331,13.465463560972127],[75.30739984539336,13.465320504661962]],[[75.30952221453154,13.466187782317139],[75.30981212502505,13.46680450668331],[75.3091230867768,13.46636330281979],[75.30952221453154,13.466187782317139]]]}},{"type":"Feature","properties":{"taluk":"Koppa","districtId":24,"talukCode":"1702"},"geometry":{"type":"Polygon","coordinates":[[[75.40477659861534,13.626382700138025],[75.4060849935953,13.598585166656301],[75.39417289481187,13.560140551188248],[75.40893425265767,13.552862705011025],[75.41982284628713,13.55882077548384],[75.41597598386318,13.567402972205613],[75.43437466473526,13.549502682757504],[75.42514896315727,13.54214423717956],[75.412727772685,13.499412421217615],[75.4004112466066,13.430897762544815],[75.41405811787094,13.43530552221001],[75.42303164369171,13.421507095768783],[75.43674769562328,13.422952926174831],[75.4382178098992,13.408706072438559],[75.45684864639195,13.414810154451715],[75.46562997741036,13.41004394940394],[75.46546696968149,13.397793355817507],[75.4500990419878,13.383827296575916],[75.43807934640506,13.383754463955999],[75.43122968328466,13.371167947182673],[75.44342898470161,13.34617686521085],[75.437514968508,13.337819101307028],[75.44289371887456,13.315535810547727],[75.42846625956052,13.318922805842131],[75.42476050011739,13.312211550106564],[75.41285708754215,13.324625125557928],[75.39264060002462,13.32213769103835],[75.39740529569212,13.302705818460023],[75.37850746287558,13.299158584964916],[75.37135045595774,13.289642596433888],[75.36178237848668,13.288012050689758],[75.35123999419311,13.297612570726507],[75.33242142278431,13.287314473359622],[75.30854827394984,13.299236633884245],[75.31719326505905,13.30698086736715],[75.3138799877378,13.328400288356649],[75.28406792721508,13.293955652800008],[75.26230327706,13.288612162969839],[75.25644436564683,13.308843212339186],[75.26962992987642,13.316838551592792],[75.2743966440722,13.33824513595442],[75.28761968710208,13.345429182230081],[75.28546188411948,13.363487676366573],[75.31529114557567,13.384771430849511],[75.31118365260436,13.40929549923348],[75.32675104128683,13.415388358117047],[75.32309469241676,13.422827890473597],[75.30941080600122,13.413873753283246],[75.30169072345075,13.429876920540263],[75.32064403129621,13.442259937583014],[75.31177561390321,13.466276038909449],[75.29650831711828,13.462066491638648],[75.28408448738935,13.482939705868858],[75.27406615273881,13.486150136864614],[75.25536504912122,13.469340997378545],[75.23382582359076,13.476880043276227],[75.23106722447201,13.498297456865147],[75.21984949039059,13.502055432308172],[75.21228948748586,13.494299451297913],[75.2152761314486,13.505082996117034],[75.20775547721722,13.501344866015371],[75.20284120475817,13.509112441441966],[75.21081665847211,13.518261265347373],[75.20335719251028,13.51871162057589],[75.22488439187082,13.528963407501841],[75.22357211001682,13.548294590413041],[75.21553371024235,13.556359408883429],[75.22597327491647,13.568257792484712],[75.21191172449919,13.585026753138765],[75.22094299850238,13.603795459656077],[75.23593143540984,13.599213332501352],[75.244715353448,13.605397453424457],[75.25579049463329,13.583472468985613],[75.26439353075229,13.585371717052753],[75.27835387688397,13.564067739493025],[75.29490490246839,13.585184865494268],[75.32762480190604,13.591235593539984],[75.34386986264981,13.581986290824785],[75.3536150770809,13.593199917807175],[75.3701276306533,13.596152699522396],[75.36528269439243,13.619261448982318],[75.37437345328047,13.626180135422299],[75.37684196855244,13.613749570956367],[75.38513478888082,13.61260294600322],[75.3931337936329,13.629515383114812],[75.40477659861534,13.626382700138025]]]}},{"type":"Feature","properties":{"taluk":"Koppa","districtId":24,"talukCode":"1702"},"geometry":{"type":"Polygon","coordinates":[[[75.31920384245434,13.419545551977915],[75.32099448800605,13.419589410298222],[75.32085196525422,13.418717589916364],[75.31920384245434,13.419545551977915]]]}},{"type":"Feature","properties":{"taluk":"Koppa","districtId":24,"talukCode":"1702"},"geometry":{"type":"Polygon","coordinates":[[[75.30809422745787,13.464430466664405],[75.30885146722348,13.463804426409352],[75.30795866607407,13.464113021147623],[75.30809422745787,13.464430466664405]]]}},{"type":"Feature","properties":{"taluk":"Koppa","districtId":24,"talukCode":"1702"},"geometry":{"type":"Polygon","coordinates":[[[75.30739984539336,13.465320504661962],[75.30806288729653,13.46492460731942],[75.30748359193018,13.464884097283688],[75.30739984539336,13.465320504661962]]]}},{"type":"Feature","properties":{"taluk":"Koppa","districtId":24,"talukCode":"1702"},"geometry":{"type":"Polygon","coordinates":[[[75.30998203876395,13.466527293655574],[75.3091721018174,13.466546268920519],[75.30981212502505,13.46680450668331],[75.30998203876395,13.466527293655574]]]}},{"type":"Feature","properties":{"taluk":"Kadur","districtId":24,"talukCode":"1705"},"geometry":{"type":"Polygon","coordinates":[[[76.0236532548103,13.70227746109652],[76.03116731941977,13.701034601312582],[76.03131803575712,13.688496245981948],[76.05371125464185,13.675716868602773],[76.06030662316559,13.675792295661363],[76.06116339827685,13.685311957750473],[76.09166465287537,13.685820144657798],[76.09000465128776,13.676021232096144],[76.10304062841206,13.674407102077447],[76.10905155058299,13.648835192321133],[76.1388551409647,13.65091357037079],[76.14245695966538,13.659084203270735],[76.16085232283038,13.662782053892535],[76.1745201064762,13.625960949811533],[76.18430046056966,13.633451818631666],[76.18363369543574,13.65048390096838],[76.21741169836457,13.668363639972956],[76.22101163804932,13.683174930598481],[76.2312962219374,13.681276940680792],[76.26316009631995,13.649033875291728],[76.28698654356434,13.647385556463151],[76.27379383014478,13.604651860100354],[76.2825810042469,13.60605278082585],[76.29766534755841,13.589092418110274],[76.3332022585397,13.59573815739373],[76.34203630838726,13.576246706069226],[76.35284824978824,13.579695319844012],[76.36653272849414,13.548507517528225],[76.36249183893219,13.530352729796325],[76.34910241768694,13.525365530959167],[76.34507410531863,13.513740226330768],[76.31758446242566,13.539210077877955],[76.31204959344652,13.525445093483182],[76.29372453202363,13.527184436533817],[76.29253252785823,13.504682282547245],[76.26232053949477,13.505320246236431],[76.26096838974028,13.511558797874978],[76.23355400196647,13.507017536600975],[76.2381487029016,13.49542738302329],[76.22953219836529,13.484704599094702],[76.23208339160543,13.468882894018826],[76.19810686826287,13.469327305379732],[76.1995495987341,13.450804195993722],[76.18708904948303,13.452386107383983],[76.19403236973298,13.468757787211981],[76.1620269776018,13.46958981143415],[76.13624693445904,13.444106595439923],[76.13940392492921,13.406569315333513],[76.08909926900853,13.392443993150641],[76.08908551633095,13.37166579613365],[76.05611180094894,13.381611257936209],[76.04171413023305,13.374272382075592],[76.0290039245897,13.345451229606871],[76.03447168299428,13.337413462267346],[76.01625085709512,13.315211650576268],[75.99722810193725,13.319647340997175],[75.98626121258305,13.3491426535905],[75.96591984384821,13.342660770597298],[75.95610737723543,13.347922467514692],[75.94776513965151,13.377008356744208],[75.92487597539046,13.371276038585178],[75.91927252881042,13.397666637426909],[75.90770185238829,13.403089254140541],[75.91092101968265,13.427455731501453],[75.89809312560202,13.434114087680678],[75.9089010023188,13.420290568812765],[75.90388040317778,13.41733198088614],[75.90485839380077,13.423823118593234],[75.88467508333314,13.436908799859111],[75.88756338330808,13.449617503660434],[75.87630109108018,13.448098263055916],[75.8902646698399,13.464294100328466],[75.8893324997861,13.473601069725953],[75.8603283503211,13.468439624717952],[75.84310844608535,13.477063162340288],[75.82983640103309,13.510323783697746],[75.83832027222455,13.522883855529068],[75.85815961146126,13.530472028349028],[75.85839753355661,13.549141569339122],[75.8671688764446,13.549449283460023],[75.86150254130807,13.57854808840197],[75.87611321389802,13.604809618363824],[75.86799843030313,13.616790282762135],[75.8853066784558,13.624213032486836],[75.91782593254801,13.609833716711062],[75.92069342777171,13.641220842204428],[75.95513810024242,13.63815038097181],[75.97004527164196,13.649291272486026],[75.99616280600577,13.647265761036888],[75.99519476210459,13.667482973160544],[76.00616546034442,13.671318388093612],[76.00979064116267,13.685321054575939],[76.02254871318338,13.684960077717738],[76.0236532548103,13.70227746109652]]]}},{"type":"Feature","properties":{"taluk":"Kadur","districtId":24,"talukCode":"1705"},"geometry":{"type":"Polygon","coordinates":[[[75.90639111342105,13.417648206357875],[75.9081304893551,13.417439799093438],[75.906229845288,13.416607465369427],[75.90639111342105,13.417648206357875]]]}},{"type":"Feature","properties":{"taluk":"Chikmagalur","districtId":24,"talukCode":"1706"},"geometry":{"type":"Polygon","coordinates":[[[75.66077329263233,13.563652594531618],[75.72739684353522,13.564913554090962],[75.77193767742799,13.516940874618365],[75.81348148707784,13.505320182352028],[75.82983640103309,13.510323783697746],[75.84310844608535,13.477063162340288],[75.8603283503211,13.468439624717952],[75.8893324997861,13.473601069725953],[75.8902646698399,13.464294100328466],[75.87630109108018,13.448098263055916],[75.88756338330808,13.449617503660434],[75.88467508333314,13.436908799859111],[75.90485839380077,13.423823118593234],[75.90388040317778,13.41733198088614],[75.9089010023188,13.420290568812765],[75.89809312560202,13.434114087680678],[75.91092101968265,13.427455731501453],[75.90770185238829,13.403089254140541],[75.91927252881042,13.397666637426909],[75.92487597539046,13.371276038585178],[75.94776513965151,13.377008356744208],[75.95610737723543,13.347922467514692],[75.96591984384821,13.342660770597298],[75.98626121258305,13.3491426535905],[75.99722810193725,13.319647340997175],[76.02008328166414,13.315631374675638],[76.03131113428286,13.33804106737635],[76.03447168299428,13.337413462267346],[76.03323364909711,13.301683758221133],[76.04315999563185,13.275094703559878],[76.03668768433415,13.249518413995439],[76.01787018085645,13.250030788742318],[76.01478000125923,13.26155828794436],[75.99013748911626,13.259908856745264],[75.98448337197834,13.266643424340176],[75.93741884337858,13.256212504222251],[75.90482120517602,13.257877580100113],[75.90016789289172,13.266116606254526],[75.87743849832853,13.260650530519259],[75.86161795929745,13.240196249452529],[75.8569454362984,13.25836843696554],[75.84027419620676,13.251348899777108],[75.81341216696225,13.260860378575321],[75.80735316440244,13.258853206743503],[75.81298657449236,13.230736787383234],[75.80558734537932,13.215627101903586],[75.7791998754021,13.20995105328696],[75.75848916394048,13.218172990191338],[75.72814432689773,13.18246312245007],[75.70112679868546,13.196433828929827],[75.6903486463886,13.190217514828936],[75.69374215021332,13.179758734296012],[75.66923292460342,13.168356351654596],[75.65539531406576,13.173684661253377],[75.64128429247938,13.164274163563705],[75.6245883037141,13.179976498182427],[75.62373243647684,13.201951772224497],[75.60642130379291,13.202228593614441],[75.60030936638282,13.2128633974147],[75.60426714633454,13.226177120867437],[75.57293122726269,13.261764590176615],[75.57506801525246,13.248221326561294],[75.54479390671621,13.233400926390066],[75.53871662107436,13.217390316062396],[75.51792136189106,13.223109697716946],[75.52509214480247,13.25178996314627],[75.48921281944102,13.27857527728349],[75.4914032485792,13.317058359774544],[75.50265645862908,13.330269196357788],[75.49909612965251,13.349152141946567],[75.48731713748096,13.350910649130537],[75.48300551833485,13.344118092903118],[75.47055562796133,13.351025878713404],[75.49625059775568,13.35385262519613],[75.4876035095642,13.362338238209503],[75.49378610843831,13.380880582896879],[75.51874334009615,13.378619667191062],[75.51818753173136,13.401681755770838],[75.49766059226549,13.42146469203891],[75.5038529346027,13.426383207809273],[75.49934838481347,13.433387193530848],[75.51085800086055,13.436894187573273],[75.5112770638752,13.449107606178808],[75.52326965043441,13.453244310295945],[75.53118823499975,13.46976335727981],[75.5287948679707,13.489895277023946],[75.54940151448463,13.518449356969635],[75.55911564077248,13.50576870609062],[75.56897727276285,13.51064081833084],[75.58731209911983,13.502078911771598],[75.59033619131576,13.511987478085263],[75.57942147713,13.515216617098758],[75.60975468245715,13.5477938150287],[75.66077329263233,13.563652594531618]],[[75.90639111342105,13.417648206357875],[75.90723943327828,13.41678611076173],[75.9081304893551,13.417439799093438],[75.90639111342105,13.417648206357875]]]}},{"type":"Feature","properties":{"taluk":"Gubbi","districtId":48,"talukCode":"1807"},"geometry":{"type":"Polygon","coordinates":[[[76.83195947213537,13.587111143395092],[76.85415726255344,13.58691210991177],[76.85544999485965,13.566721768545241],[76.91204021775607,13.564940881882588],[76.92727718622945,13.542807893161575],[76.92141536057818,13.493824237789354],[76.96500690962117,13.488548589271627],[76.97630840917199,13.469359066025078],[76.97730026852985,13.445321233922312],[76.99182220193445,13.42819275635118],[76.98853180168985,13.408733120768694],[76.99709164959907,13.405847488151402],[76.99056158881497,13.402038257395786],[76.9972909107762,13.395945445018912],[76.99090290182967,13.35814144604731],[77.00501833501521,13.337882093569094],[76.99732429625243,13.302680035241446],[76.98768952785966,13.300501651155644],[76.97853322907153,13.274005874361778],[76.97770207155425,13.261815284322306],[76.9899951020757,13.26877479175275],[76.9964427205488,13.261070254346805],[76.98932416891742,13.2498778883568],[76.99363514046931,13.238116309497926],[76.98290658340746,13.23306603950404],[76.98614143894395,13.208432131444328],[76.97786519082294,13.205524493884655],[76.9746282116862,13.18592851797525],[76.96459906424207,13.182609932524946],[76.98184778284777,13.176992971378228],[76.97682296632756,13.146162065479942],[76.98417178144813,13.12858595228578],[76.96723338946568,13.11531050416927],[76.9824252451003,13.094864580481014],[76.97236670977748,13.09073790601889],[76.9157622250017,13.092538028446592],[76.89795072655082,13.11403877796823],[76.87490317581964,13.10984040541501],[76.85818272145744,13.131167572368174],[76.85541470918427,13.124969140795784],[76.84651414221517,13.129795933981292],[76.84929863599555,13.135134247346352],[76.82860022740277,13.140543769857016],[76.82446275600292,13.159775369782883],[76.80399131051958,13.161545871178824],[76.79724404674286,13.207668423828517],[76.83271715589122,13.218793704632596],[76.83005372552395,13.256222237886167],[76.8200202605726,13.246300265837904],[76.8047885490741,13.247232311655944],[76.80103800918201,13.269179053145882],[76.78139428861459,13.267747156038293],[76.76188264317206,13.295829074540972],[76.74264758449974,13.293254729253547],[76.7382169386539,13.30844520069441],[76.72027269749319,13.307683780129693],[76.70989033088955,13.316582213427496],[76.71021616806408,13.332491203515723],[76.7166911734756,13.331541967639723],[76.72019032040735,13.34148697129772],[76.70651627611328,13.350494589869434],[76.7134776033781,13.372885881955042],[76.70308571067693,13.40261164502453],[76.7281497424893,13.39933289741401],[76.72803560475526,13.40750940189936],[76.7596190327725,13.419162596069782],[76.74887131925881,13.43939636417314],[76.7590318867453,13.442051323719229],[76.75743847115284,13.451088610362891],[76.73380009099114,13.457226355407066],[76.72627589333047,13.509409433171438],[76.71301934336432,13.512840648012574],[76.6972226734358,13.536274339784157],[76.71209008226721,13.54999093279276],[76.7045453929141,13.581955339093644],[76.72450171077031,13.575727827978763],[76.76078933791794,13.587181023250567],[76.80175720547396,13.581937620112848],[76.83208268487759,13.592995085826175],[76.83195947213537,13.587111143395092]]]}},{"type":"Feature","properties":{"taluk":"Gubbi","districtId":48,"talukCode":"1807"},"geometry":{"type":"Polygon","coordinates":[[[76.76363441216172,13.27602801417203],[76.77101483654134,13.28093311840353],[76.7730346843974,13.270250345079953],[76.76363441216172,13.27602801417203]]]}},{"type":"Feature","properties":{"taluk":"Tiptur","districtId":48,"talukCode":"1808"},"geometry":{"type":"Polygon","coordinates":[[[76.42965310200002,13.417825142550566],[76.45009319528224,13.418849813425291],[76.46163367498416,13.411422758631444],[76.48330146715114,13.416451148630673],[76.51550285114186,13.394216216952358],[76.51789082763196,13.379730196451899],[76.54139933799466,13.374948370350312],[76.53981375204897,13.330916004942221],[76.54534458179796,13.335694250316527],[76.56672237583484,13.329039779983178],[76.59767866219025,13.340879280658617],[76.59701868418963,13.323958273864143],[76.61249118359582,13.324533038917743],[76.6133755210214,13.314835774998684],[76.62369148233324,13.313667874938176],[76.65098620078827,13.33285146807356],[76.6790472088253,13.335993371383129],[76.69227081488015,13.346397576820745],[76.7007015639805,13.342356110938013],[76.70124687093603,13.35057147276571],[76.72019032040735,13.34148697129772],[76.7166911734756,13.331541967639723],[76.71021616806408,13.332491203515723],[76.70989033088955,13.316582213427496],[76.72321915018063,13.30597415768928],[76.69115130452711,13.302403384929063],[76.69013015591713,13.274089260953465],[76.66569211126354,13.282298861383849],[76.6635134500968,13.276082874434236],[76.63541415536,13.272789417224708],[76.64916796111002,13.285181395032117],[76.61800802189002,13.284105394050158],[76.62066837832141,13.26481248535881],[76.63214346354187,13.254948499899847],[76.6197985830967,13.239062298615115],[76.60543383409723,13.242976895487587],[76.58987239850711,13.222209149660074],[76.59079295889032,13.21037580940958],[76.61188541154104,13.207282570879908],[76.61134970410153,13.196325509111253],[76.59501449780942,13.173260424734702],[76.58973162257523,13.14497763723981],[76.56622795909303,13.151416065249311],[76.55341671647743,13.076754059873544],[76.52259538242767,13.078242507825587],[76.51559889622733,13.068968292088705],[76.49512240228454,13.094430874128877],[76.4713872813029,13.09328953320464],[76.47337346848718,13.149780447439454],[76.45519689612684,13.150794993119845],[76.44513989280233,13.169310261640105],[76.42877345275438,13.17212957554212],[76.41334242653116,13.191248816121073],[76.39374818212752,13.188896135769504],[76.39392174952206,13.197412721644328],[76.37000395687205,13.200088136956225],[76.37995147475293,13.232312930488163],[76.364278586017,13.2347554557067],[76.35664492685517,13.250465751571792],[76.34594586660735,13.359929609237234],[76.38286867664735,13.363972852984123],[76.40924454471268,13.4365550980889],[76.42965310200002,13.417825142550566]],[[76.52623422083632,13.123466145435831],[76.51692310417566,13.102479679646624],[76.54144719429972,13.10612891105885],[76.54029008382649,13.117502953868069],[76.52623422083632,13.123466145435831]]]}},{"type":"Feature","properties":{"taluk":"Turuvekere","districtId":48,"talukCode":"1809"},"geometry":{"type":"Polygon","coordinates":[[[76.73986119941375,13.306828571353499],[76.74264758449974,13.293254729253547],[76.76188264317206,13.295829074540972],[76.78139428861459,13.267747156038293],[76.80103800918201,13.269179053145882],[76.8047885490741,13.247232311655944],[76.8200202605726,13.246300265837904],[76.83005372552395,13.256222237886167],[76.83455304498318,13.24780819833283],[76.83271715589122,13.218793704632596],[76.79724404674286,13.207668423828517],[76.80399131051958,13.161545871178824],[76.82446275600292,13.159775369782883],[76.82860022740277,13.140543769857016],[76.84929863599555,13.135134247346352],[76.84651414221517,13.129795933981292],[76.85541470918427,13.124969140795784],[76.85818272145744,13.131167572368174],[76.87490317581964,13.10984040541501],[76.89795072655082,13.11403877796823],[76.91596971759506,13.09692020737593],[76.9154165881837,13.088648716478477],[76.90650330307432,13.08753590072909],[76.90128635512882,13.065832473658325],[76.88166428280884,13.062008206672372],[76.86638784884786,13.040172733311673],[76.85423843936681,13.035964026551396],[76.84942330216616,13.051157193958188],[76.83388578850509,13.051452334125406],[76.83699973846178,13.034477058518496],[76.82924452865998,13.019019633096754],[76.83905881628579,13.013225917581224],[76.83250132196747,13.00234343130587],[76.81549293592728,13.013420884390452],[76.78581407039682,13.014489322736617],[76.78242302892636,13.030465106003719],[76.77147064416764,13.034460584431645],[76.7017724604166,13.04203345282749],[76.69363986191512,13.037092174076282],[76.67055878944373,13.055115158108272],[76.65311972555766,13.007640004475808],[76.6115891280501,13.007993413253308],[76.60450768671743,13.014647628076856],[76.60913516747266,13.03150999820481],[76.6033352574752,13.041754983328449],[76.6069174506435,13.056687910796285],[76.61923426879797,13.053811535398932],[76.61828234108955,13.063930256455437],[76.60784917892808,13.073834311163981],[76.55341671647743,13.076754059873544],[76.55173806631916,13.091517089351735],[76.56692837680205,13.129699488632914],[76.56622795909303,13.151416065249311],[76.58973162257523,13.14497763723981],[76.59501449780942,13.173260424734702],[76.60974942861765,13.190302320218564],[76.61188541154104,13.207282570879908],[76.59079295889032,13.21037580940958],[76.58987239850711,13.222209149660074],[76.60543383409723,13.242976895487587],[76.6197985830967,13.239062298615115],[76.63214346354187,13.254948499899847],[76.62066837832141,13.26481248535881],[76.61800802189002,13.284105394050158],[76.64916796111002,13.285181395032117],[76.63541415536,13.272789417224708],[76.6635134500968,13.276082874434236],[76.66569211126354,13.282298861383849],[76.69013015591713,13.274089260953465],[76.69115130452711,13.302403384929063],[76.73986119941375,13.306828571353499]],[[76.76450331244902,13.280817457781895],[76.7738031534915,13.271013811697575],[76.77101483654134,13.28093311840353],[76.76450331244902,13.280817457781895]]]}},{"type":"Feature","properties":{"taluk":"Turuvekere","districtId":48,"talukCode":"1809"},"geometry":{"type":"Polygon","coordinates":[[[76.51782379963656,13.116040703978902],[76.54029008382649,13.117502953868069],[76.54144719429972,13.10612891105885],[76.51692310417566,13.102479679646624],[76.51782379963656,13.116040703978902]]]}},{"type":"Feature","properties":{"taluk":"Kunigal","districtId":48,"talukCode":"1810"},"geometry":{"type":"Polygon","coordinates":[[[77.07931564894541,13.133320443797055],[77.07121428752443,13.131365827345865],[77.06991135419585,13.12083325997942],[77.08171792093613,13.086416876030803],[77.07015609319022,13.066530702122032],[77.08069894363243,13.062548650115632],[77.06967198152121,13.03970930569994],[77.08209024042955,13.039860197565082],[77.11813139132097,13.014484430395093],[77.10289441652745,13.007215993989158],[77.09756965771993,12.998180657753933],[77.10321682727081,12.992831688946636],[77.1288815263417,12.995371012923744],[77.12362455394694,13.00665392816973],[77.1365942018416,13.00169017857985],[77.14469493421453,12.986161793122525],[77.13279166585468,12.986152845712496],[77.1311029104034,12.975748556867865],[77.15690209730629,12.958165326348213],[77.16519248404293,12.92887135135525],[77.15769372621898,12.913583402692476],[77.14097213138712,12.916059626547286],[77.132353732939,12.89793443227969],[77.12443409137545,12.901628414571887],[77.10566241906015,12.89259136676602],[77.11897509337943,12.884211205645602],[77.13319076815439,12.888254771420929],[77.13297212963043,12.858791294775497],[77.14935160949395,12.848183315215673],[77.15005296808974,12.83035481275686],[77.15720985660394,12.827317591113738],[77.13804028796521,12.812739336398007],[77.14989025946383,12.786780494162699],[77.12284208552698,12.773932188379451],[77.10655946206944,12.780164526425002],[77.09474914713591,12.770799914915514],[77.09201895032419,12.751104554931874],[77.07986270669079,12.75969296781001],[77.07616341743993,12.745843096696209],[77.06782685845103,12.759248269932794],[77.0490245565325,12.747589179840837],[77.04405036675007,12.777714412082084],[77.02602335479294,12.762532351859498],[77.00856148265102,12.763877277756738],[77.00956892408917,12.780905584245682],[76.99872093043383,12.777075686524697],[76.97359365588974,12.801313700539104],[76.92313122379274,12.804591039554959],[76.89128828237313,12.850135172905297],[76.8885683307188,12.897402249468294],[76.86555185059999,12.905069765744624],[76.86791052180607,12.918578290667291],[76.89711030842706,12.921020567048107],[76.89254387344981,12.931738879154587],[76.86204754765892,12.928269283640816],[76.848685845857,12.94398830347307],[76.83561950748958,12.94342710574627],[76.8393836523699,12.973105463144265],[76.85135197871438,12.979112511484397],[76.82633215171651,12.998984037699634],[76.83896166819301,13.012236459075677],[76.82924452865998,13.019019633096754],[76.83699973846178,13.034477058518496],[76.83423620099327,13.051664506817449],[76.84942330216616,13.051157193958188],[76.8556971484826,13.035724562561878],[76.88166428280884,13.062008206672372],[76.90128635512882,13.065832473658325],[76.90650330307432,13.08753590072909],[76.91570558033706,13.092550979557682],[76.9824252451003,13.094864580481014],[76.96723338946568,13.11531050416927],[76.98420177659632,13.128765453421577],[77.00186203990475,13.12795022443439],[77.00501456370048,13.11494888825631],[77.01764445502029,13.110945145095538],[77.02421444318898,13.130000457408896],[77.04366265169703,13.119963969328708],[77.06324422566102,13.133063550909034],[77.07931564894541,13.133320443797055]]]}},{"type":"Feature","properties":{"taluk":"Kunigal","districtId":47,"talukCode":"1810"},"geometry":{"type":"Polygon","coordinates":[[[77.08115658170486,13.072560921450515],[77.08176905179404,13.069472365774553],[77.0795193700781,13.068836056480173],[77.08115658170486,13.072560921450515]]]}},{"type":"Feature","properties":{"taluk":"BANGARPET","districtId":35,"talukCode":"1910"},"geometry":{"type":"Polygon","coordinates":[[[78.17642488228509,13.083335462318978],[78.17723442813785,13.074815180031475],[78.18762506952152,13.077008720876918],[78.18733284310424,13.067050109937698],[78.20666870717136,13.065632436068228],[78.2130650032762,13.055430346769114],[78.23395742932745,13.07220300798041],[78.24279696806985,13.068116512479152],[78.2437770378,13.05492770431496],[78.25449012102229,13.051795568029066],[78.2533288088193,13.04276875769453],[78.26816236930782,13.027960671462353],[78.25312601822435,12.995121278256125],[78.26705163158839,12.993799836385339],[78.26738280533348,12.973136600970324],[78.25886418166077,12.964706447025891],[78.2648882734168,12.964080214244445],[78.27295304113426,12.938224326544502],[78.25641034617256,12.934843128197679],[78.26083435486218,12.922714285734305],[78.27365654587571,12.923102230189732],[78.27501451926068,12.898377998594986],[78.2834735341866,12.897858362233714],[78.28377090529811,12.8850060382693],[78.2715575008982,12.887734386875552],[78.2722780858891,12.876744602333604],[78.26432121700249,12.875059477542203],[78.25293050387609,12.881486686782164],[78.25055249598718,12.815256960071295],[78.23061698506889,12.760638567557939],[78.19536705811777,12.773996670604538],[78.16775271394292,12.770564773557155],[78.13369939769215,12.782070194903314],[78.12483879256169,12.797640012984989],[78.08827944454461,12.817407753239635],[78.0855692007697,12.8254812107439],[78.10273479954553,12.866499602719694],[78.1194646018166,12.87937935939882],[78.10844243844805,12.880831582830897],[78.09287810586629,12.91523939322201],[78.11956054140421,12.929958302772148],[78.11980662132791,12.94096907505164],[78.13312821700575,12.939752464350851],[78.1362289486912,12.946709153211144],[78.13173950832598,12.952121836230091],[78.12295040730554,12.943932691675792],[78.1161566006875,12.947328881931476],[78.12297944283254,12.967059444831335],[78.13550709961049,12.970752911279344],[78.12542254006014,12.995304859473281],[78.10950125676717,12.99723487362496],[78.13378503593974,13.023704361301817],[78.10327641350766,13.024180628414513],[78.09600880632371,13.033484250833919],[78.10055762912147,13.054233145902323],[78.11508104360948,13.056742651779638],[78.11860783150375,13.068943833009884],[78.14080861247491,13.07089727695797],[78.14932660661306,13.082956407328378],[78.16425741673419,13.075235484793613],[78.17642488228509,13.083335462318978]],[[78.26238884137523,12.961277939989118],[78.26513883008533,12.955627888821034],[78.26434089583692,12.96176036307995],[78.26238884137523,12.961277939989118]],[[78.26340660332198,12.954052636782208],[78.26381151419774,12.951356489875867],[78.26532428988448,12.952122780153516],[78.26340660332198,12.954052636782208]]]}},{"type":"Feature","properties":{"taluk":"BANGARPET","districtId":35,"talukCode":"1910"},"geometry":{"type":"Polygon","coordinates":[[[78.25977651012003,13.054141078005589],[78.27101226226188,13.057520354136448],[78.2794298944517,13.053247972121696],[78.25977651012003,13.054141078005589]]]}},{"type":"Feature","properties":{"taluk":"K.G.F","districtId":35,"talukCode":"1912"},"geometry":{"type":"Polygon","coordinates":[[[78.28930871173334,13.082223893171967],[78.29615830923301,13.063793583140871],[78.36256599571084,13.055094254042682],[78.36825723581912,13.03170925153843],[78.36182691128302,13.019466258437252],[78.39891569400064,13.028312312551204],[78.4119231763779,13.023207345716326],[78.41752489400491,13.030957741239135],[78.46209841021849,13.025857403904073],[78.4631002464202,13.005524755832854],[78.4750295441067,12.99113165429917],[78.46771706394634,12.975142870922777],[78.4351283388512,12.981942421360538],[78.43248226068151,12.968451900350738],[78.43873761134702,12.963283026130709],[78.41985355331583,12.95884855163653],[78.42059223295794,12.947800656614573],[78.4113482035007,12.944804781699249],[78.41804320085797,12.922601470028011],[78.42751750520058,12.931328015775987],[78.43746070872069,12.92881363033022],[78.46640020824634,12.906160465244497],[78.46453795851978,12.866232007648499],[78.4641922212876,12.878298263687954],[78.44732705072516,12.89173003171749],[78.44554124983195,12.912039009821108],[78.41399950623084,12.903004607422082],[78.39893930047243,12.916655332404348],[78.39694114367268,12.906606412701832],[78.38963625308467,12.906123112256646],[78.35591317767297,12.940136465900084],[78.3405945056207,12.90415558701394],[78.32379818416402,12.901716322635664],[78.32014511946448,12.88686682213357],[78.33759371151969,12.884030858200559],[78.33159020094962,12.874844888177785],[78.31368150328332,12.87651138650768],[78.31314855289135,12.858712167420725],[78.28086511895688,12.859836938539353],[78.268780469053,12.868371713474303],[78.2635702478596,12.861152915447583],[78.24945905195547,12.86259881490984],[78.25293050387609,12.881486686782164],[78.26432121700249,12.875059477542203],[78.2722780858891,12.876744602333604],[78.2715575008982,12.887734386875552],[78.28377090529811,12.8850060382693],[78.2834735341866,12.897858362233714],[78.27501451926068,12.898377998594986],[78.27365654587571,12.923102230189732],[78.25745476775685,12.927032692452478],[78.25641034617256,12.934843128197679],[78.27295304113426,12.938224326544502],[78.2648882734168,12.964080214244445],[78.25886418166077,12.964706447025891],[78.26738280533348,12.973136600970324],[78.26705163158839,12.993799836385339],[78.25312601822435,12.995121278256125],[78.26816236930782,13.027960671462353],[78.25255743670566,13.047970863389752],[78.25977651012003,13.054141078005589],[78.27802240970618,13.050848072631297],[78.26401758254778,13.059029649036523],[78.26186884894175,13.069782093487124],[78.27625793635983,13.067987296544876],[78.27812279025902,13.08116196680732],[78.28930871173334,13.082223893171967]]]}},{"type":"Feature","properties":{"taluk":"K.G.F","districtId":35,"talukCode":"1912"},"geometry":{"type":"Polygon","coordinates":[[[78.26513883008533,12.955627888821034],[78.26185469690374,12.956679538679156],[78.26434089583692,12.96176036307995],[78.26513883008533,12.955627888821034]]]}},{"type":"Feature","properties":{"taluk":"K.G.F","districtId":35,"talukCode":"1912"},"geometry":{"type":"Polygon","coordinates":[[[78.26444278059925,12.954568163397283],[78.26381151419774,12.951356489875867],[78.26340660332198,12.954052636782208],[78.26444278059925,12.954568163397283]]]}},{"type":"Feature","properties":{"taluk":"Bangalore (North)","districtId":20,"talukCode":"2001"},"geometry":{"type":"Polygon","coordinates":[[[77.43246624032737,13.164860379222246],[77.46098960803567,13.160389711321015],[77.45277249254447,13.145078358798338],[77.45476853606826,13.135964078286984],[77.46584150511173,13.134341109941262],[77.46380841824048,13.127022395180092],[77.45594452011657,13.129203734986751],[77.47622136552428,13.119125838792801],[77.4695952114787,13.086654208078402],[77.49101746955479,13.084208617554768],[77.50490264189493,13.099045611114553],[77.54080100536989,13.089930419027578],[77.53000791245964,13.08225632165418],[77.53502726202322,13.063042595493197],[77.52251664453438,13.046415666524995],[77.53620171195841,13.040799594359928],[77.53437274162404,13.034403283498134],[77.53925450496979,13.03306740085828],[77.53565298111965,13.051575702553293],[77.56009814088337,13.047559271583118],[77.5613047906654,13.053960767280952],[77.58412776090734,13.045266007096997],[77.59221709260994,13.057556582288],[77.5988616315368,13.055237167275374],[77.5963307203428,13.047027202254949],[77.61579142062013,13.049108809261883],[77.64128048290885,13.042646805227895],[77.6319326958662,12.989925423828845],[77.64469811880396,12.988447000668984],[77.6367423225311,12.974436265780316],[77.64280968565735,12.967139689199373],[77.63955385419926,12.951537313656683],[77.65909471378512,12.937256397744871],[77.6405366162879,12.930239715175503],[77.62639379945924,12.949978354533187],[77.5944547060682,12.957247663939215],[77.59766765549129,12.939183714327253],[77.56761219149038,12.938278918635254],[77.56469416703693,12.932475485642476],[77.5479850133576,12.933789662116197],[77.55008768620961,12.951410096848873],[77.54011338543602,12.945317232828856],[77.53132460007357,12.954746273931082],[77.48512351547254,12.944024994548293],[77.43920870220235,12.959981649250304],[77.44191832742597,12.981003400018027],[77.403251458403,12.99630156372888],[77.37201746472951,12.992171730070144],[77.37692769067023,13.029935479686953],[77.39080753836902,13.025827970406532],[77.39382934821019,13.053225487700917],[77.3822156177468,13.055830971517468],[77.38410095546062,13.06677564907607],[77.41219639036873,13.072532409411147],[77.4247814842413,13.06768807698728],[77.43018549545177,13.083391355527382],[77.41695315665378,13.091149807372721],[77.41791624496686,13.102798443514203],[77.40127829397096,13.10944101437797],[77.39914079939477,13.12645617103916],[77.40909800160117,13.122609218248572],[77.43246624032737,13.164860379222246]],[[77.53430332926656,13.031992194239365],[77.52851645203361,13.015476527288762],[77.54064384049995,13.004544838291686],[77.54495438361683,13.024280868086347],[77.53430332926656,13.031992194239365]],[[77.59923280113674,13.046191437038418],[77.59967059150684,13.047230337382002],[77.59893661339468,13.047117312684534],[77.59923280113674,13.046191437038418]]]}},{"type":"Feature","properties":{"taluk":"Bangalore (North)","districtId":20,"talukCode":"2001"},"geometry":{"type":"Polygon","coordinates":[[[77.47617612821747,13.109723169978235],[77.4770908607802,13.10598977958494],[77.47510591433327,13.105836046296941],[77.47617612821747,13.109723169978235]]]}},{"type":"Feature","properties":{"taluk":"Anekal","districtId":20,"talukCode":"2003"},"geometry":{"type":"Polygon","coordinates":[[[77.76528225969865,12.942299493813938],[77.7983813282271,12.925624758075445],[77.79768595109292,12.918642875330251],[77.80970264475789,12.934287255398882],[77.81632144994668,12.925693948701804],[77.83184264771614,12.925622069161795],[77.829656209647,12.919653156263973],[77.81680450158768,12.92170139090264],[77.81655381896819,12.914874830351366],[77.83696367341715,12.870355601755023],[77.8330786020978,12.862016503889615],[77.8078987922971,12.847679966522406],[77.79900369524727,12.851945625490139],[77.7925885976827,12.84340699144034],[77.79558920482947,12.834800768490574],[77.81005535603151,12.831022716286371],[77.80977868813297,12.815822694468494],[77.8022409367984,12.817144082681342],[77.79997817316007,12.805432565607978],[77.80903351175314,12.796833944323804],[77.79471185390572,12.791703470130756],[77.77890326944954,12.767958525373539],[77.79511238419792,12.758928966874354],[77.79242646864851,12.747887560503106],[77.76299693984545,12.736400636893459],[77.76105948476837,12.727258495325108],[77.77440800748157,12.724513165506236],[77.76257066417381,12.696958744306928],[77.74073610431564,12.700965181206847],[77.73567819128895,12.69320596714013],[77.74100161253924,12.673733495481004],[77.72478118629044,12.670804270463783],[77.72321111491047,12.679384930829785],[77.71196049792053,12.683394107988915],[77.7108629852243,12.666393550731822],[77.70240569171546,12.660727881643076],[77.67869971668779,12.66024044358588],[77.67706577461468,12.679327058509859],[77.6632532992813,12.683272424756774],[77.59793172689962,12.668091741058896],[77.59553727276239,12.657821725001636],[77.59406653537268,12.667154142455436],[77.6145151038432,12.711288327004267],[77.59421738411801,12.72051696057549],[77.5680703230875,12.701203118854664],[77.55909758819757,12.713260845169195],[77.55758530173482,12.730945209624293],[77.5709811649287,12.730196460999277],[77.5760334109128,12.750811217298555],[77.59412625927949,12.750494675369069],[77.59843087839651,12.758239072824235],[77.59212999238738,12.779829651477016],[77.5797185322495,12.787785483505406],[77.57074359002063,12.762257455546216],[77.56314417848058,12.760787918014005],[77.55617873632653,12.77730846687275],[77.56333445912178,12.7885299682809],[77.55290546037794,12.789686293275368],[77.55599662716754,12.79960509915538],[77.5392535967995,12.798726107703947],[77.55143664035538,12.847960724088885],[77.58702226462219,12.833490459101574],[77.63908118121263,12.84002318427818],[77.6611836998272,12.834445389099306],[77.68181918108357,12.845406755772371],[77.6878580753231,12.868114004514489],[77.67532488951132,12.872578665969131],[77.67401588817732,12.884279528345605],[77.65489135892042,12.880586487529984],[77.64390181455293,12.8913755469606],[77.6773538042018,12.89426032115376],[77.68985392274078,12.879303091069502],[77.73406241764303,12.87359825135559],[77.74578562024391,12.91977358218247],[77.7648350550062,12.928783391589281],[77.76528225969865,12.942299493813938]]]}},{"type":"Feature","properties":{"taluk":"Anekal","districtId":19,"talukCode":"2003"},"geometry":{"type":"Polygon","coordinates":[[[77.55093105201121,12.797911585757953],[77.5514813433205,12.79390428727309],[77.54930639086442,12.794194862486028],[77.55093105201121,12.797911585757953]]]}},{"type":"Feature","properties":{"taluk":"Bangalore North(Additional)","districtId":20,"talukCode":"2005"},"geometry":{"type":"Polygon","coordinates":[[[77.5530166008752,13.233572417576607],[77.5750463867644,13.198326302367573],[77.59958953660218,13.194091698874978],[77.6139419148794,13.205592734712125],[77.63782174413565,13.204845227586016],[77.65722090667106,13.199296468233259],[77.65050771720507,13.190229005730405],[77.66138937369224,13.184472553961204],[77.68689934275963,13.193760291689554],[77.68700759483214,13.203063027006808],[77.69998449614445,13.190269873228688],[77.72726768331016,13.192511251320436],[77.7337744052706,13.142879442119861],[77.7241028948013,13.125409185637642],[77.73358435394042,13.12329572454998],[77.73210834931085,13.114322749331986],[77.7225640526105,13.111918351877017],[77.72194573175256,13.092996183970683],[77.64046234937605,13.114278125232895],[77.63702095489346,13.106268650397672],[77.65031985981038,13.104655877570698],[77.64153306769248,13.07731507707762],[77.59154097367212,13.057496000775842],[77.58412776090734,13.045266007096997],[77.5613047906654,13.053960767280952],[77.56009814088337,13.047559271583118],[77.53503981132226,13.051328026286479],[77.53925450496979,13.03306740085828],[77.52251664453438,13.046415666524995],[77.53502726202322,13.063042595493197],[77.53000791245964,13.08225632165418],[77.54080100536989,13.089930419027578],[77.50490264189493,13.099045611114553],[77.49101746955479,13.084208617554768],[77.4695952114787,13.086654208078402],[77.47622136552428,13.119125838792801],[77.45605556785306,13.128981354655533],[77.46380841824048,13.127022395180092],[77.46584150511173,13.134341109941262],[77.45476853606826,13.135964078286984],[77.45277249254447,13.145078358798338],[77.46899213581194,13.162298187172402],[77.47788163578508,13.222160850524869],[77.51204032793122,13.22605081953441],[77.52133337467814,13.206862932000455],[77.52646845508328,13.221656066159834],[77.53724746527247,13.21906922671257],[77.54331785925152,13.233084935980536],[77.5530166008752,13.233572417576607]],[[77.4770908607802,13.10598977958494],[77.47617612821747,13.109723169978235],[77.47510591433327,13.105836046296941],[77.4770908607802,13.10598977958494]]]}},{"type":"Feature","properties":{"taluk":"Bangalore North(Additional)","districtId":20,"talukCode":"2005"},"geometry":{"type":"Polygon","coordinates":[[[77.54026066131978,13.004437964711558],[77.52699757137468,13.021523303510877],[77.53430332926656,13.031992194239365],[77.54741589620821,13.016569501758362],[77.54026066131978,13.004437964711558]]]}},{"type":"Feature","properties":{"taluk":"Bangalore North(Additional)","districtId":20,"talukCode":"2005"},"geometry":{"type":"Polygon","coordinates":[[[77.59878251575209,13.055126227578121],[77.60686046607185,13.046293803234134],[77.5963307203428,13.047027202254949],[77.59631365228468,13.048927362734599],[77.59678838855508,13.049100601401472],[77.59790434511682,13.053645645956177],[77.59869458955498,13.055079086086414],[77.59878251575209,13.055126227578121]]]}},{"type":"Feature","properties":{"taluk":"Bangalore North(Additional)","districtId":20,"talukCode":"2005"},"geometry":{"type":"Polygon","coordinates":[[[77.59967059150684,13.047230337382002],[77.59923280113674,13.046191437038418],[77.59893661339468,13.047117312684534],[77.59967059150684,13.047230337382002]]]}},{"type":"Feature","properties":{"taluk":"Malavalli","districtId":39,"talukCode":"2207"},"geometry":{"type":"Polygon","coordinates":[[[77.22432230580411,12.502211743683587],[77.2387497013863,12.499701186970348],[77.23867813496938,12.488502824630663],[77.22606638005674,12.48941034815773],[77.2254350717449,12.474658150692859],[77.230019060659,12.484235108427956],[77.23344978300098,12.484050837391433],[77.2362941724625,12.470927053987163],[77.26942733328877,12.464760467657259],[77.27511264468882,12.43720561485442],[77.26965870346959,12.43419454044152],[77.28522617893097,12.428795393253354],[77.28498319144751,12.393945857639773],[77.31220355943817,12.392284254450306],[77.33242316128761,12.353740756271554],[77.32503617657026,12.305974337299995],[77.30604129497951,12.29670832283317],[77.26973648388956,12.31253206165309],[77.2245489552147,12.302091628736202],[77.16678830980332,12.310205155509088],[77.16699703930139,12.255544499100843],[77.10711723965787,12.240899823638026],[77.10533522205895,12.219676306350554],[77.08835885628531,12.217577176201967],[77.07707709048813,12.219480927015038],[77.0778562445455,12.236185010950896],[77.03521665908735,12.231915436659849],[76.99623614579266,12.239769227844533],[76.98948374437435,12.287646479368348],[76.97126318799255,12.29066489050602],[76.97732284993937,12.30763993893404],[76.99289077255911,12.301784944840222],[76.99747746489686,12.313569095276344],[76.98731047692698,12.319846731835392],[76.9869786127224,12.333321669766281],[76.97648968620646,12.3279875164396],[76.97658010976653,12.354591729013718],[76.95649339895907,12.352657548472909],[76.95921169518299,12.32803167044529],[76.92233275997495,12.322405098789387],[76.93162036840444,12.338024073878643],[76.92371510175278,12.35318645225853],[76.93924919799778,12.354209374533376],[76.93761524025868,12.400998636787923],[76.92207027333987,12.441682057462305],[76.92800640543754,12.45035102539403],[76.97404077295147,12.442149354904227],[76.96717118117463,12.42057547812923],[76.98135793638251,12.416442790056525],[76.98430892124846,12.43806423315125],[77.00474488121358,12.443907020796077],[77.07244254525155,12.451278662906958],[77.07571301719544,12.441123806031566],[77.11606276008237,12.437318722816078],[77.12443001129573,12.439083555493493],[77.1325205181691,12.469514699466842],[77.14674213045785,12.46208606276194],[77.16952644500654,12.48387621306611],[77.1925649178281,12.48205045529663],[77.2007438810813,12.491548989812577],[77.21348245659046,12.484933611801681],[77.22432230580411,12.502211743683587]],[[77.28752317866795,12.353967740629185],[77.2946417750577,12.355541367860987],[77.29030872754325,12.361637825544006],[77.28819816500311,12.36161999884124],[77.28752317866795,12.353967740629185]],[[77.30437007438694,12.316538592327289],[77.30031852756171,12.315594313855511],[77.30300700908501,12.315016660670175],[77.30437007438694,12.316538592327289]],[[77.29001507908322,12.371239625736774],[77.29251942214744,12.368627351380404],[77.29231673042436,12.371016030956241],[77.29001507908322,12.371239625736774]]]}},{"type":"Feature","properties":{"taluk":"Malavalli","districtId":38,"talukCode":"2207"},"geometry":{"type":"Polygon","coordinates":[[[76.91100239486238,12.383950356151129],[76.92287061272481,12.382494005149407],[76.9199187707341,12.359894351476687],[76.89819215597483,12.356784977696806],[76.89893375479714,12.37435203760343],[76.91100239486238,12.383950356151129]]]}},{"type":"Feature","properties":{"taluk":"Malavalli","districtId":37,"talukCode":"2207"},"geometry":{"type":"Polygon","coordinates":[[[76.98047438467385,12.273272994397429],[76.98423196581005,12.2594121584513],[76.97218030860344,12.253510580424322],[76.96891096318743,12.277499200351958],[76.98047438467385,12.273272994397429]]]}},{"type":"Feature","properties":{"taluk":"Belur","districtId":30,"talukCode":"2302"},"geometry":{"type":"Polygon","coordinates":[[[76.0863167335915,13.288314884124075],[76.09084027614358,13.273543496368745],[76.10983775925787,13.27103555707609],[76.12062248155333,13.209829563604616],[76.12622847764385,13.208487886117208],[76.08884954454759,13.178793430399866],[76.09781898324214,13.161305864640097],[76.09079197916569,13.155359342805111],[76.0632541448512,13.146612260401646],[76.04471667481789,13.12174801698783],[76.01962689934467,13.122330713527434],[76.02656204591426,13.099354335096274],[75.99378535094581,13.108161036870735],[75.9800592793016,13.095927854663941],[75.99074590552473,13.086691678545256],[75.98888814984142,13.085125303638431],[75.97487263774336,13.077085259318899],[75.97159479984126,13.085356912064432],[75.96256797807138,13.08543370378662],[75.96648644128477,13.05661964511595],[75.95109361578847,13.044074479383495],[75.94030158372112,13.06079368535733],[75.91603177239871,13.069153183800793],[75.9169903379313,13.047152749480402],[75.90725319636756,13.042959650965923],[75.90518992293869,13.02983764266295],[75.88981976016196,13.025678338826832],[75.90251445009281,13.014900297926369],[75.89739192234522,13.002595662915509],[75.88288748947559,13.014449543535969],[75.8718686693696,13.010990151247077],[75.8650081848579,13.020881338561642],[75.85009996570923,13.012689238435627],[75.84193930131532,13.037384305522588],[75.81603352397364,13.034100770430172],[75.80613058957351,13.040574870608419],[75.79419822230551,13.027010939253275],[75.79665383487828,13.004141976594068],[75.78257024889363,12.996994613300364],[75.77009092077422,12.972805601355432],[75.74075965862261,12.994207689165988],[75.73671040160416,13.010300819564609],[75.72537102040798,13.018831780349409],[75.74051975004043,13.02984559669807],[75.74202730668844,13.041495566516579],[75.74258111270096,13.071097536532884],[75.72761428025625,13.105122130763448],[75.73903014401175,13.110482254064456],[75.73610992299956,13.122322017399531],[75.75379652030323,13.137214526102763],[75.73003495596433,13.165604399514125],[75.72783310292641,13.183281167930328],[75.74319868583655,13.207408479400833],[75.75020993841964,13.206213491736738],[75.75848916394048,13.218172990191338],[75.7791998754021,13.20995105328696],[75.80558734537932,13.215627101903586],[75.81298657449236,13.230736787383234],[75.80735316440244,13.258853206743503],[75.81322184833677,13.260818684894753],[75.84027419620676,13.251348899777108],[75.8569454362984,13.25836843696554],[75.86161795929745,13.240196249452529],[75.87743849832853,13.260650530519259],[75.90016789289172,13.266116606254526],[75.90482120517602,13.257877580100113],[75.93741884337858,13.256212504222251],[75.98448337197834,13.266643424340176],[75.99013748911626,13.259908856745264],[76.01478000125923,13.26155828794436],[76.01787018085645,13.250030788742318],[76.03668768433415,13.249518413995439],[76.03668395403365,13.252091493502123],[76.03809793792482,13.254103881282347],[76.03877436273704,13.258847783786154],[76.03903114268313,13.259975261472505],[76.03908370913639,13.260007272794248],[76.05774416162183,13.250277153207376],[76.05504256621303,13.274673215418797],[76.0863167335915,13.288314884124075]]]}},{"type":"Feature","properties":{"taluk":"Belur","districtId":30,"talukCode":"2302"},"geometry":{"type":"Polygon","coordinates":[[[76.02472537709312,13.124728709564316],[76.02346043062973,13.12382541037061],[76.02313398275734,13.12427732418399],[76.02472537709312,13.124728709564316]]]}},{"type":"Feature","properties":{"taluk":"Hassan","districtId":30,"talukCode":"2304"},"geometry":{"type":"Polygon","coordinates":[[[76.14505168374745,13.215755470472043],[76.15171668527509,13.196450376871317],[76.1346710515539,13.192039063161486],[76.1458872230885,13.169849072524558],[76.15432466763849,13.1791667105228],[76.15699653033214,13.163979667127862],[76.17270524464416,13.154727025595623],[76.16813408299086,13.132956927892653],[76.1904630306565,13.134889818831821],[76.18958273740353,13.150718414214186],[76.19819442203337,13.154641063466654],[76.20913900945722,13.15161644870397],[76.21663370406947,13.134778527738368],[76.26742222098756,13.124387760121127],[76.26886584643118,13.108499611394134],[76.28301201572836,13.104168568633863],[76.29672416545579,13.072893993293908],[76.27574232778099,13.019418677147227],[76.28697142261058,12.988474175002555],[76.27261681369033,12.990354675807891],[76.27213695244511,12.971586591870848],[76.27409751183717,12.954500172790867],[76.29500678098208,12.949007496525615],[76.29534572449569,12.921171690433681],[76.28396789740667,12.908680699744943],[76.26728018018305,12.909802192588922],[76.26300322004775,12.91777226581825],[76.27961453169043,12.913335063102151],[76.28116704620254,12.918774787780462],[76.26121413899578,12.927675324988734],[76.26006048875597,12.938472640194943],[76.25867473078762,12.930460081322567],[76.24512815581434,12.925082588988815],[76.23745030531812,12.941644396295874],[76.22512609360471,12.94288771993444],[76.21219385778315,12.915638560562897],[76.21331059117604,12.854320172859891],[76.20567581766106,12.866385151159326],[76.1890306632705,12.866830838531195],[76.18349954970019,12.87654707650553],[76.16639201345309,12.874762667107646],[76.14582712817227,12.864576493334205],[76.14734711305026,12.840639202492719],[76.15464380921875,12.834174065872112],[76.15018345930507,12.81794493840115],[76.11783550224064,12.816961561301822],[76.10782254754173,12.82584381912059],[76.10133905216114,12.815799998859669],[76.06179196411604,12.81736873465186],[76.0467120461382,12.82656769046266],[76.04914266564478,12.851337868922705],[76.0246904797742,12.850625914503146],[76.02642643085491,12.86463880370113],[76.00914470299703,12.869248773724033],[75.99653070074129,12.890203814451734],[76.00369131411952,12.890813387042835],[75.99801465355307,12.897208231487983],[76.0112740956989,12.907349033084191],[76.01853677875947,12.898109481367174],[76.02250156789094,12.930656236397537],[76.0324323862212,12.92572437632652],[76.03964610134135,12.931681308416477],[76.04502535441432,12.96102044099243],[76.0553157536624,12.95879137085283],[76.0584781501392,12.9658329581997],[76.02636593285447,12.970625956175732],[76.03895263552387,12.994409909596293],[76.03777343036825,13.015104793800116],[76.0241508838823,13.013952758985823],[76.01640245864576,13.037015815160276],[76.00761091381452,13.029651007548843],[75.99787647639458,13.038694932272918],[75.9823528212561,13.031910874398958],[75.96496083426142,13.054876497768621],[75.96894999355544,13.071847574228437],[75.96256797807138,13.08543370378662],[75.97159479984126,13.085356912064432],[75.97487263774336,13.077085259318899],[75.98888814984142,13.085125303638431],[75.9800592793016,13.095927854663941],[75.99378535094581,13.108161036870735],[76.02656204591426,13.099354335096274],[76.01902416254634,13.121642507791028],[76.02546157777648,13.126699172848724],[76.04471667481789,13.12174801698783],[76.0632541448512,13.146612260401646],[76.09781898324214,13.161305864640097],[76.08884954454759,13.178793430399866],[76.11964362209895,13.207411385833156],[76.14505168374745,13.215755470472043]],[[76.0245956634282,13.123676277742296],[76.02313398275734,13.12427732418399],[76.02305229875182,13.124062882004838],[76.0245956634282,13.123676277742296]]]}},{"type":"Feature","properties":{"taluk":"Sulya","districtId":26,"talukCode":"2405"},"geometry":{"type":"Polygon","coordinates":[[[75.34895675161206,12.716278217643541],[75.34653254020554,12.709391747007926],[75.35688053917693,12.70454110222542],[75.37072450944675,12.712233758374804],[75.38688633286745,12.692598344924434],[75.40303841637486,12.701941939784795],[75.4030126550681,12.714352329999686],[75.41120995968699,12.71424444815748],[75.42272920417005,12.67849187237165],[75.43954659128596,12.671281583255011],[75.44317065611057,12.680937978190874],[75.45401746856324,12.679618119757771],[75.4578152115476,12.696058239958317],[75.46036283575837,12.688900404370708],[75.4636586561107,12.697508172801527],[75.47115123779521,12.693017642244945],[75.48204599489665,12.704129835435484],[75.49503623883916,12.671811859567661],[75.50275200008818,12.674373855191089],[75.50888693286217,12.66888133397677],[75.51132051150616,12.67621572782343],[75.53053137477376,12.666684817790808],[75.53288663648286,12.652052471151247],[75.54640713249985,12.642297936323587],[75.55936666032827,12.652352841161433],[75.56517792725359,12.671792227616004],[75.57452526259186,12.653324658178224],[75.56960699617348,12.647373133573051],[75.58137430192212,12.650401654328055],[75.60461010273423,12.620202448349911],[75.61961745895512,12.616815901837683],[75.62667339892735,12.633120491074154],[75.63635694148702,12.633832494675081],[75.65248610141471,12.622002544584527],[75.67057540830065,12.550256559864641],[75.64145539027139,12.537498819185192],[75.61551087791888,12.509347272628023],[75.6058231720487,12.51058971576803],[75.59191252341708,12.536319910777333],[75.55309444196536,12.497568321477571],[75.56563432975979,12.49213972865309],[75.56595903066754,12.483968373115072],[75.53029591066176,12.498822542490712],[75.52509417200355,12.489760837734766],[75.49453373183066,12.483981534928576],[75.49160940393402,12.460356991104176],[75.48007835625867,12.46830342851264],[75.47410349488177,12.46120054586681],[75.45964732909376,12.473898229686432],[75.47260822233413,12.500549722441392],[75.4365266003594,12.528907905177103],[75.43050409089584,12.514035327015947],[75.41812972962829,12.514547082341954],[75.41553380887049,12.501954945848246],[75.3827033830218,12.502845019768491],[75.37007841983278,12.49255101994495],[75.37441185892204,12.481016793350756],[75.36126214395802,12.46540305086545],[75.33577788462276,12.464051205429296],[75.34202903438673,12.470537273117769],[75.33741461296991,12.494515206579015],[75.30403119050102,12.504116519298703],[75.30350421935458,12.523279017612213],[75.28010141302971,12.525670812897177],[75.2689453775501,12.563460748758748],[75.27134013353854,12.571187101403412],[75.28379368090734,12.571020815975967],[75.2888480324155,12.583432948285521],[75.31433071437023,12.573480026557911],[75.32780154871125,12.58453224398049],[75.32705427628065,12.592388015999378],[75.31208176197973,12.589842244456586],[75.30189228521692,12.605487937893251],[75.29147920083021,12.602088068369127],[75.28061185262638,12.616150838214523],[75.29907073858875,12.626038771875306],[75.35309843383773,12.613044465356182],[75.34133534487115,12.63715348290145],[75.35122653702638,12.65242577097547],[75.34123053919407,12.6630910882457],[75.34924547082593,12.667264033537236],[75.33394337217925,12.681389560881017],[75.33898430354407,12.68991036089008],[75.33260582283965,12.690010113153749],[75.33171252442074,12.701906937272998],[75.33690564318442,12.716661072628602],[75.34895675161206,12.716278217643541]],[[75.50276372437328,12.672168504200677],[75.50356426701391,12.669066739319835],[75.50363329220652,12.671751471730179],[75.50276372437328,12.672168504200677]]]}},{"type":"Feature","properties":{"taluk":"Kadaba","districtId":26,"talukCode":"2407"},"geometry":{"type":"Polygon","coordinates":[[[75.418613158592,12.884246999900496],[75.44046666074503,12.869393394876548],[75.44764498686189,12.844286364674371],[75.44104611425814,12.832484746416966],[75.46426206619095,12.818238757730848],[75.47123729966044,12.82670688211204],[75.49557519198834,12.829906233626401],[75.50121990175147,12.866180609335109],[75.55237223061316,12.865300262978005],[75.59865619628941,12.875205447524074],[75.62239865829012,12.85661312140766],[75.61494374343002,12.832711296366877],[75.6195631860951,12.803326823924923],[75.61292762987992,12.793738405005453],[75.63846169437087,12.760406341353955],[75.66072410996358,12.74639989033315],[75.65520530533182,12.720155294541717],[75.6291865725764,12.699823360747878],[75.63654611447866,12.691648970492698],[75.66683803091142,12.698215413921279],[75.64806872156187,12.666408882045452],[75.64144330233694,12.6316299519449],[75.62667339892735,12.633120491074154],[75.61961745895512,12.616815901837683],[75.60461010273423,12.620202448349911],[75.58137430192212,12.650401654328055],[75.56960699617348,12.647373133573051],[75.57452526259186,12.653324658178224],[75.56444856407036,12.67192452338524],[75.55936666032827,12.652352841161433],[75.54640713249985,12.642297936323587],[75.53288663648286,12.652052471151247],[75.53053137477376,12.666684817790808],[75.51132051150616,12.67621572782343],[75.50888693286217,12.66888133397677],[75.49503623883916,12.671811859567661],[75.48204599489665,12.704129835435484],[75.47115123779521,12.693017642244945],[75.4636586561107,12.697508172801527],[75.46036283575837,12.688900404370708],[75.4578152115476,12.696058239958317],[75.45337882962563,12.678760051122138],[75.44317065611057,12.680937978190874],[75.4385328445409,12.671640808458736],[75.42272920417005,12.67849187237165],[75.41503733962506,12.690614346097037],[75.41741550402259,12.707327797954575],[75.40858043681973,12.715377718693576],[75.40303841637486,12.701941939784795],[75.38688633286745,12.692598344924434],[75.37072450944675,12.712233758374804],[75.35688053917693,12.70454110222542],[75.34653254020554,12.709391747007926],[75.34761082147607,12.719404933745572],[75.33690564318442,12.716661072628602],[75.33260582283965,12.690010113153749],[75.33898430354407,12.68991036089008],[75.33394337217925,12.681389560881017],[75.32529365467636,12.685675261490124],[75.32328540780978,12.665024539101374],[75.30748694778319,12.665588256415784],[75.3048386849661,12.681131677788558],[75.32416159215641,12.689766005146886],[75.30052565706957,12.707979764433224],[75.29344164837615,12.750506762982283],[75.29877231991154,12.763188234147743],[75.2908870858881,12.783309018057007],[75.27701856781694,12.777673509078571],[75.26979194612642,12.785577666130445],[75.30156859721066,12.811312354302778],[75.29929989145016,12.817859341479672],[75.3221904310141,12.821107628486642],[75.33074067332747,12.809705560801486],[75.34330796426364,12.813665232108757],[75.32665145351693,12.860723956099234],[75.33338529834214,12.878436045291423],[75.38880160644496,12.84279373999651],[75.40374015590967,12.841988925467172],[75.41059369762473,12.844542875616737],[75.4120131101118,12.86139374099659],[75.40064661474993,12.877326860275152],[75.418613158592,12.884246999900496]]]}},{"type":"Feature","properties":{"taluk":"Kadaba","districtId":26,"talukCode":"2407"},"geometry":{"type":"Polygon","coordinates":[[[75.50432504541335,12.670144463219888],[75.50164274586177,12.669404809153768],[75.50276372437328,12.672168504200677],[75.50432504541335,12.670144463219888]]]}},{"type":"Feature","properties":{"taluk":"Heggadadevanakote","districtId":40,"talukCode":"2605"},"geometry":{"type":"Polygon","coordinates":[[[76.48422176086285,12.268888820278201],[76.50629702443129,12.26829942297461],[76.507152101489,12.249157665822633],[76.51749151719315,12.244356734626882],[76.51450737261511,12.194525207965446],[76.49766709627893,12.181121370215772],[76.49737734309329,12.197631418047678],[76.48319981544635,12.197761025978131],[76.44302939362633,12.17620065004831],[76.46818426509181,12.171810167897613],[76.46919716156016,12.165590545323228],[76.45386557632501,12.162692895626082],[76.47002562824449,12.153449534519607],[76.4655939276333,12.135648757021407],[76.4806006359875,12.1362888630407],[76.48740031444876,12.169041282316847],[76.49491931853944,12.168491350022919],[76.50969451155818,12.140425336111722],[76.53491070703221,12.146782229400312],[76.5314140795073,12.125110935687115],[76.53830508301694,12.11032372628874],[76.52782156892133,12.09981674697478],[76.4970656126981,12.104871794739925],[76.47349773634241,12.095794370622647],[76.46587959341053,12.112606353659267],[76.44115550815431,12.119455501755708],[76.41668882808371,12.110986847696246],[76.41600858192777,12.097699367536373],[76.39530263707317,12.098117032481086],[76.40082166096064,12.085374684626128],[76.38571624287265,12.084812396293716],[76.38188941192179,12.077779420303306],[76.39168578679192,12.073981234096596],[76.40765674948358,12.044903995425306],[76.39502001775574,12.016089062690252],[76.38325233459508,12.020290759907997],[76.37212597280627,12.00954196053245],[76.3931258988496,11.995904522721666],[76.36271862374439,11.990679782449828],[76.35800613699705,11.97197781707528],[76.32016330644,11.98826131945129],[76.31447672638073,11.93173067493744],[76.33572847808507,11.922509155544446],[76.3267441747449,11.91750125476433],[76.32540224799902,11.903359485438997],[76.30912919394227,11.902116188881676],[76.29922775727123,11.889377628642531],[76.31921492187875,11.85996840945875],[76.29838193496812,11.826058775778533],[76.28298832458557,11.820440319815182],[76.28712918252322,11.80025558465189],[76.27516380234742,11.812094911281136],[76.24547774540534,11.803213307616552],[76.2261521776973,11.806263757505718],[76.2098730010259,11.82908262562792],[76.20788306420503,11.861696535174177],[76.18710048895208,11.872020990685131],[76.1474095745122,11.866203386316831],[76.12096326095417,11.848914825368796],[76.11311449210386,11.860017414339174],[76.10993955954068,11.976906954651145],[76.12223538691394,11.979368064420388],[76.14810459369514,12.015230500585465],[76.17727915490856,12.029420496531595],[76.1889590472515,12.050384569426074],[76.16655287648842,12.122951929534235],[76.24466564702819,12.162986677920253],[76.23085952841876,12.181537386564802],[76.24762604758618,12.202664567869347],[76.26673207923726,12.210836929002618],[76.29539835773932,12.190053194575999],[76.31026702020327,12.193710025907734],[76.3106756297545,12.200496229449614],[76.32044662742067,12.180158092700514],[76.33804812226207,12.184422296782559],[76.3662445997313,12.159059192338933],[76.40371729952818,12.16584292486771],[76.40077202916197,12.175940197966892],[76.4452555200102,12.191238537944818],[76.43833373001954,12.209068960592248],[76.42085110200685,12.209437423356869],[76.41722774577214,12.231135535941423],[76.43809929764463,12.266276276950656],[76.44485868241682,12.272507042542037],[76.44627715524464,12.265326006885665],[76.44754793164437,12.272380487450036],[76.45751302845451,12.263319764880857],[76.4674511017084,12.290203000562009],[76.4865827819724,12.283080051055274],[76.48422176086285,12.268888820278201]]]}},{"type":"Feature","properties":{"taluk":"Heggadadevanakote","districtId":40,"talukCode":"2605"},"geometry":{"type":"Polygon","coordinates":[[[76.32581024716225,11.952556606535735],[76.32807032804122,11.958982798798614],[76.33148677609418,11.959438723758293],[76.33240316294966,11.954670358391063],[76.32581024716225,11.952556606535735]]]}},{"type":"Feature","properties":{"taluk":"T.Narasipura","districtId":40,"talukCode":"2607"},"geometry":{"type":"Polygon","coordinates":[[[76.92364793837439,12.43917769883067],[76.93761524025868,12.400998636787923],[76.93924919799778,12.354209374533376],[76.92371510175278,12.35318645225853],[76.93162036840444,12.338024073878643],[76.92233275997495,12.322405098789387],[76.95921169518299,12.32803167044529],[76.95649339895907,12.352657548472909],[76.97658010976653,12.354591729013718],[76.97648968620646,12.3279875164396],[76.9869786127224,12.333321669766281],[76.98731047692698,12.319846731835392],[76.99747746489686,12.313569095276344],[76.99289077255911,12.301784944840222],[76.97732284993937,12.30763993893404],[76.97126318799255,12.29066489050602],[76.98948374437435,12.287646479368348],[76.99623614579266,12.239769227844533],[77.03521665908735,12.231915436659849],[77.0778562445455,12.236185010950896],[77.07707709048813,12.219480927015038],[77.08835885628531,12.217577176201967],[77.10533522205895,12.219676306350554],[77.10711723965787,12.240899823638026],[77.1262563823264,12.243047265289919],[77.13455180132642,12.22987228811228],[77.1228928703964,12.194402861480917],[77.10613384490166,12.187234402005204],[77.08417561750595,12.189780942420713],[77.06361471544047,12.17130021423411],[77.04419379901267,12.166865537793882],[77.04076902532731,12.128472340173502],[77.03692678507907,12.13869922586666],[77.01579509144042,12.133270308671365],[77.01398045555867,12.162521233421689],[77.00291283601314,12.160539788879014],[76.99861424668687,12.177148815101155],[76.99222336580725,12.176194422374854],[76.98888138363817,12.140671636685093],[76.9763668815891,12.134314741430687],[76.97079341854273,12.112828317904137],[76.9486375333238,12.097847639192834],[76.9238014377956,12.11467853465367],[76.90677162030418,12.113494012736474],[76.9029988122289,12.123222617423405],[76.89042957377863,12.121687510669313],[76.89059677773082,12.131136392525155],[76.88182137402175,12.129732341915304],[76.87125061809263,12.140878231953705],[76.87129955231161,12.173992178156299],[76.85604082701667,12.180962818282122],[76.86868767446309,12.207865046327644],[76.84463865838357,12.215092742597946],[76.84214297376131,12.227595965807362],[76.83380042645203,12.226021200232909],[76.83584189972109,12.244878296105105],[76.8250742362574,12.269957005633245],[76.80530437384928,12.277335970735702],[76.78743139987048,12.299649002934352],[76.79095230312772,12.307756451955647],[76.81645439918199,12.317072971372749],[76.80517150703534,12.329835626711613],[76.81695192307669,12.349527155288019],[76.79980398025128,12.356385460745962],[76.79679725298944,12.36546683427738],[76.80341737832164,12.370495978511144],[76.81044543704506,12.362213776242967],[76.81450729589626,12.386781183533044],[76.83400192420066,12.38450737540591],[76.83220476458867,12.402642043129507],[76.84773196131104,12.402039578170866],[76.85393037565073,12.409623928342041],[76.87268407582164,12.399506338895204],[76.90005639973498,12.409408457408759],[76.90506082441574,12.436074143269856],[76.92364793837439,12.43917769883067]],[[76.91067353395593,12.38398128883954],[76.89893375479714,12.37435203760343],[76.89819215597483,12.356784977696806],[76.9199187707341,12.359894351476687],[76.92287061272481,12.382494005149407],[76.91067353395593,12.38398128883954]],[[76.96889049431488,12.277372813773171],[76.9719915910964,12.253633321411284],[76.98234406441759,12.256296104189344],[76.98156651692885,12.271744735822415],[76.96889049431488,12.277372813773171]]]}},{"type":"Feature","properties":{"taluk":"Saraguru","districtId":40,"talukCode":"2608"},"geometry":{"type":"Polygon","coordinates":[[[76.43452596460814,12.116646324845396],[76.44129858524894,12.09156204615772],[76.45175287122953,12.095884554003845],[76.45084997605282,12.078133281361444],[76.43424666757616,12.078388447538298],[76.43416595858965,12.05877673430113],[76.44902840321461,12.051072909516936],[76.45341844296027,12.059871664518344],[76.47387732097799,12.05889112401893],[76.46151053667636,12.039813637300481],[76.47880600784431,12.043517868679908],[76.46371621656006,12.033145856141182],[76.47666220891813,12.026633878400167],[76.50786156222465,12.032613108017168],[76.49880039427796,12.019528237185305],[76.50648723783027,12.015802073993015],[76.50421815452944,12.001361943531311],[76.48320013120643,11.995572527902263],[76.49579301002521,11.992209921242146],[76.50111301120036,11.971599453080742],[76.49281976676451,11.969649817546525],[76.49029536907602,11.949482048803441],[76.4744396664303,11.947407617246487],[76.47113993236552,11.934295190227243],[76.47207657995857,11.924770271966237],[76.48903812499884,11.940095779578485],[76.48976620202285,11.911523106627984],[76.50161472349514,11.899756095119281],[76.48827567109085,11.889703001681191],[76.46570400704084,11.88957404842595],[76.46468309690079,11.879540009074562],[76.47991860784586,11.882634343219042],[76.48271129777551,11.873114573264468],[76.46643142157063,11.874882428630334],[76.47728862078317,11.86732256713445],[76.45589948724827,11.86862409035826],[76.45759928219245,11.86080186973963],[76.48676105078063,11.859203807714605],[76.48586693679009,11.822631226731447],[76.45983063439947,11.820128037085965],[76.45547096695638,11.79658564131807],[76.40938071216574,11.815362727044699],[76.42822263142611,11.795534188621364],[76.41110436717004,11.788256744990568],[76.42300862161348,11.776298153525799],[76.41252375231936,11.75849792712251],[76.34039273119906,11.737804537581738],[76.3176727346263,11.751631943379822],[76.31116053190506,11.77449946501773],[76.28907353111265,11.796023049073275],[76.28187236367766,11.817441586875779],[76.30294327035267,11.831045146359273],[76.31897419254761,11.858540051869888],[76.29922775727123,11.889377628642531],[76.30912919394227,11.902116188881676],[76.32540224799902,11.903359485438997],[76.3267441747449,11.91750125476433],[76.33572847808507,11.922509155544446],[76.31447672638073,11.93173067493744],[76.31291952040338,11.95931457339753],[76.32181943331268,11.968729444295578],[76.32079806769937,11.98886694642411],[76.35800613699705,11.97197781707528],[76.36271862374439,11.990679782449828],[76.3931258988496,11.995904522721666],[76.37243881974098,12.011038668313711],[76.38325233459508,12.020290759907997],[76.39502001775574,12.016089062690252],[76.40763504523605,12.045837045588062],[76.38239264681845,12.080957823133636],[76.40082166096064,12.085374684626128],[76.39530263707317,12.098117032481086],[76.41600858192777,12.097699367536373],[76.41668882808371,12.110986847696246],[76.43452596460814,12.116646324845396]],[[76.32450613643395,11.952498177895935],[76.33240316294966,11.954670358391063],[76.33148677609418,11.959438723758293],[76.32807032804122,11.958982798798614],[76.32450613643395,11.952498177895935]]]}},{"type":"Feature","properties":{"taluk":"Saraguru","districtId":40,"talukCode":"2608"},"geometry":{"type":"Polygon","coordinates":[[[76.4531841205569,12.11630070866289],[76.46333738564775,12.109102141530046],[76.45308369810823,12.09928608548877],[76.4531841205569,12.11630070866289]]]}},{"type":"Feature","properties":{"taluk":"Gundlupet","districtId":22,"talukCode":"2701"},"geometry":{"type":"Polygon","coordinates":[[[76.65061878851348,12.007355219997393],[76.69479639912679,12.000605126190278],[76.70308854721144,11.98524776173166],[76.71601779231493,11.984018748072044],[76.73674865459365,12.00317503277849],[76.74477039460899,11.971720582356216],[76.74045563586141,11.958303505796888],[76.72404762149141,11.960272257314992],[76.72333847329759,11.95421377094079],[76.74815680086387,11.93724928833546],[76.74320871574479,11.901984715106893],[76.75929685069119,11.892243832603908],[76.75858498099183,11.877951713015113],[76.78861541257017,11.865738349573974],[76.80756652285604,11.868564325356223],[76.81326273843052,11.8637590866694],[76.80439264812648,11.854787405127546],[76.83416225407765,11.836066806885738],[76.81600616230475,11.826206687716635],[76.80961561533093,11.791987332983316],[76.81615080225966,11.786056476137036],[76.8274451006362,11.791544704343641],[76.82797380457482,11.783911212198236],[76.83927292207498,11.780466219529453],[76.83045440925741,11.768628470062932],[76.81280078654969,11.781444517264646],[76.80743288999587,11.769118648695523],[76.81780977862267,11.765351161618034],[76.81696676431277,11.757421394520902],[76.79222021557673,11.752449745254294],[76.8064249741904,11.74035138106623],[76.82610577797143,11.743313963556359],[76.85073859097504,11.733607591786928],[76.84142499236347,11.710180546999077],[76.8433401558472,11.667868649298775],[76.8337823032089,11.649148357794019],[76.84279906199197,11.627161435198198],[76.85772040804018,11.614702257043735],[76.85307508010882,11.5968027514969],[76.75768100543634,11.618114764735319],[76.61610459756263,11.607915273575422],[76.59771866509048,11.609657182945401],[76.59040928439413,11.618589583287147],[76.57696099700432,11.614809163524754],[76.55996305210242,11.623591753541229],[76.54998670138717,11.675202671856747],[76.50649097746947,11.701234447936928],[76.4954572837454,11.689985656293809],[76.48024098323472,11.688495631733685],[76.45567502319979,11.658453195418074],[76.41513785103466,11.672507421773462],[76.4026708891627,11.710850764748331],[76.4145689359416,11.712689160655943],[76.42567941849606,11.726582051774525],[76.41778924670312,11.742207978137397],[76.4096901409823,11.740734249981164],[76.41236115614831,11.762186590117338],[76.42300862161348,11.776298153525799],[76.41110436717004,11.788256744990568],[76.42822263142611,11.795534188621364],[76.40938071216574,11.815362727044699],[76.45547096695638,11.79658564131807],[76.45983063439947,11.820128037085965],[76.48586693679009,11.822631226731447],[76.48209697606949,11.842862693361884],[76.4890447622983,11.86339865059582],[76.5317041987345,11.874848866168731],[76.55432381079405,11.858314607883802],[76.55727717936702,11.893393204078608],[76.57140134461594,11.899888365645722],[76.57698848890095,11.922688288109812],[76.57148815463128,11.939405962959482],[76.5577445475631,11.947705556280997],[76.57273814564755,11.964741835988193],[76.5785287782299,11.988344931160752],[76.59708082194793,11.984368661416829],[76.60847903866542,11.992779949576382],[76.64205173866958,11.981702171892833],[76.65061878851348,12.007355219997393]]]}},{"type":"Feature","properties":{"taluk":"Gundlupet","districtId":22,"talukCode":"2701"},"geometry":{"type":"Polygon","coordinates":[[[76.74485510740865,11.947207133234228],[76.7431464651591,11.943843494046988],[76.74348902161768,11.947924700485567],[76.74485510740865,11.947207133234228]]]}},{"type":"Feature","properties":{"taluk":"Gundlupet","districtId":22,"talukCode":"2701"},"geometry":{"type":"Polygon","coordinates":[[[76.7486114411763,11.933506768648279],[76.7473915007681,11.93244503001343],[76.74694175691167,11.93279503260564],[76.7486114411763,11.933506768648279]]]}},{"type":"Feature","properties":{"taluk":"Chamarajanagara","districtId":22,"talukCode":"2702"},"geometry":{"type":"Polygon","coordinates":[[[76.85604082701667,12.180962818282122],[76.87129955231161,12.173992178156299],[76.87125061809263,12.140878231953705],[76.88182137402175,12.129732341915304],[76.89059677773082,12.131136392525155],[76.89042957377863,12.121687510669313],[76.9029988122289,12.123222617423405],[76.90677162030418,12.113494012736474],[76.9238014377956,12.11467853465367],[76.9486375333238,12.097847639192834],[76.97677610623455,12.11675138945573],[76.98493015755768,12.109798692482883],[76.98500471276239,12.063575197573787],[77.00583800386352,12.030704709435346],[77.0081830595095,12.006947357029718],[77.02299820516654,12.002501093328954],[77.03573111758487,12.018033085867105],[77.03603603559542,12.032799394593418],[77.04251473147596,12.032199384303205],[77.0458620926511,12.015565754211778],[77.05581672818047,12.016356957993539],[77.055956794356,12.001974108146623],[77.06349023153922,12.005791075502266],[77.09837301130138,11.991844877390703],[77.10869984500951,11.983130609218458],[77.10335833527161,11.954930156519428],[77.13746007028546,11.929384176466087],[77.1327999741435,11.900274071701485],[77.14225603824987,11.887792280194624],[77.17395450221173,11.875912842411427],[77.17237141476768,11.859158488477687],[77.19276896412138,11.817241041805996],[77.18930935045341,11.79897238135237],[77.11876295852593,11.782231328899268],[77.119921227202,11.772801588215955],[77.11050794144742,11.773529373327177],[77.11220069970395,11.72375804273243],[77.10522922838,11.732915704117698],[77.0802813012715,11.735846585159273],[77.05626652128329,11.769653535675632],[77.07021966267624,11.781706903899318],[77.06541747086045,11.789843445271863],[77.0452368260618,11.786798871014897],[77.03534967401121,11.76958967913866],[77.02803618775411,11.775263709597102],[77.03889622427528,11.794030774634852],[77.02923360122816,11.805300020679171],[77.0134094499588,11.807834467672045],[77.01243069543128,11.815164362640424],[76.98347592956364,11.81153105050425],[76.96943852693238,11.77765216388777],[76.9537268075248,11.791611586987868],[76.90728726455794,11.795873829969958],[76.89618298660417,11.777938074651377],[76.88814491106257,11.735854624375154],[76.84325365353321,11.675328800729654],[76.84142499236347,11.710180546999077],[76.85055446442391,11.72093907667073],[76.84986517671233,11.735799763633077],[76.79422045122917,11.745900195517835],[76.79231589205166,11.752692930489236],[76.81696676431277,11.757421394520902],[76.81780977862267,11.765351161618034],[76.80743288999587,11.769118648695523],[76.81280078654969,11.781444517264646],[76.83045440925741,11.768628470062932],[76.83927292207498,11.780466219529453],[76.82797380457482,11.783911212198236],[76.8274451006362,11.791544704343641],[76.81615080225966,11.786056476137036],[76.80961561533093,11.791987332983316],[76.81600616230475,11.826206687716635],[76.83416225407765,11.836066806885738],[76.80439264812648,11.854787405127546],[76.81326273843052,11.8637590866694],[76.80756652285604,11.868564325356223],[76.78861541257017,11.865738349573974],[76.75858498099183,11.877951713015113],[76.75929685069119,11.892243832603908],[76.74320871574479,11.901984715106893],[76.74013021051177,11.915305488622463],[76.74796169094385,11.915759429374761],[76.74254039430905,11.929086649484296],[76.74815680086387,11.93724928833546],[76.72333847329759,11.95421377094079],[76.72404762149141,11.960272257314992],[76.74045563586141,11.958303505796888],[76.74477039460899,11.971720582356216],[76.7361301759879,12.00537095543475],[76.7426065835722,12.009879181511323],[76.74935825927595,11.999548930583],[76.78741444930071,11.985498118549362],[76.79630574139578,11.989255769962352],[76.79356450641089,12.012667629571256],[76.81140944419643,12.0273123334346],[76.8204830582954,12.028112101108173],[76.82155490069384,12.0100627589524],[76.84583148311988,11.998613406325505],[76.88315317016718,12.015600453494972],[76.88653001317365,11.999521306456328],[76.90564666857819,11.998789724126999],[76.92355774062767,12.013198203618254],[76.93586489322983,12.01297667396687],[76.9390568675765,12.023052232432384],[76.91529527466137,12.02583612789692],[76.910327135183,12.041699908956323],[76.89003707805992,12.049740157729357],[76.89073918918677,12.058791898931712],[76.85318023463833,12.06027626883962],[76.87056855026957,12.063767126033108],[76.88384547384483,12.083288313898748],[76.87670877033356,12.115370152289088],[76.84522880207656,12.113255942250577],[76.83137532465395,12.132744393906213],[76.84087529406172,12.156794746044149],[76.85212857909796,12.15897236609504],[76.84551750797148,12.169154988408511],[76.85604082701667,12.180962818282122]],[[76.74655958168158,11.945318635732697],[76.7431464651591,11.943843494046988],[76.7462858658743,11.94350668971403],[76.74655958168158,11.945318635732697]],[[76.74715677275188,11.933090330469277],[76.74870782045157,11.932278599216087],[76.7486114411763,11.933506768648279],[76.74715677275188,11.933090330469277]]]}},{"type":"Feature","properties":{"taluk":"Kollegala","districtId":22,"talukCode":"2704"},"geometry":{"type":"Polygon","coordinates":[[[77.16619177929395,12.309331012012567],[77.2245489552147,12.302091628736202],[77.24421393671456,12.307329236403488],[77.25079059694228,12.284127301841325],[77.23934039527272,12.25750744812372],[77.25348810485306,12.229482417633795],[77.26026708992774,12.247995012115851],[77.2856074035164,12.259959662497366],[77.31901142746786,12.218298596144336],[77.30063713135686,12.199349116134686],[77.26458771597447,12.193677319268154],[77.23619951040574,12.176877081336324],[77.24053310142173,12.166672413585697],[77.23253926049824,12.14688757215645],[77.24158307157317,12.146073935484923],[77.24006958979336,12.132243980313236],[77.22513786198388,12.116153375435935],[77.21431439828686,12.11592791943494],[77.21728261334616,12.127928782894914],[77.20611207254203,12.13684327827792],[77.19706994157065,12.13425194589267],[77.19659275726545,12.113292132646741],[77.18176112408342,12.115324220210125],[77.16980248392338,12.146477002461662],[77.16451972917048,12.127955146817069],[77.16117654779167,12.138561651235884],[77.15173236601295,12.13683803340484],[77.15038403230031,12.119241288922757],[77.14203607433241,12.111596820178304],[77.15619808506987,12.097713271875692],[77.13734298095717,12.099077094861967],[77.13289400123774,12.08597544600084],[77.14612507569319,12.075638611076377],[77.16335407964546,12.07871990896839],[77.16799989960042,12.067351053430993],[77.15702670536474,12.03998813310645],[77.14751520203862,12.048669928334059],[77.14831226994198,12.063069113593913],[77.1034164910816,12.073614199443492],[77.0992825710272,12.095840095512646],[77.07660305200396,12.11775080591801],[77.08282633847301,12.136174420182236],[77.04316829481269,12.11472378877054],[76.99429374337029,12.108266978618458],[76.99474690173595,12.081489350093221],[76.98512553823862,12.080574563298832],[76.9874030799489,12.104074774261555],[76.96876147302666,12.120379901485766],[76.98888138363817,12.140671636685093],[76.9903831608549,12.174183249459428],[76.99861424668687,12.177148815101155],[77.00291283601314,12.160539788879014],[77.01398045555867,12.162521233421689],[77.01579509144042,12.133270308671365],[77.03692678507907,12.13869922586666],[77.0420101790492,12.129154284505537],[77.04419379901267,12.166865537793882],[77.06361471544047,12.17130021423411],[77.08417561750595,12.189780942420713],[77.10803668478829,12.187588755937766],[77.13148209524829,12.20570140559368],[77.13455180132642,12.22987228811228],[77.12612822538294,12.243037597003562],[77.16699703930139,12.255544499100843],[77.16619177929395,12.309331012012567]],[[77.23162813493884,12.246668752377568],[77.21661532826107,12.238508723660626],[77.20442203759293,12.215896336319265],[77.20572651363533,12.188964544009833],[77.22783091312749,12.212515456289987],[77.23162813493884,12.246668752377568]]]}},{"type":"Feature","properties":{"taluk":"Kollegala(Hanur)","districtId":22,"talukCode":"2705"},"geometry":{"type":"Polygon","coordinates":[[[77.26398621397028,12.312766944341519],[77.30604129497951,12.29670832283317],[77.32614315891928,12.302726851495477],[77.34454847389601,12.277579944238756],[77.35501502602003,12.275703309297286],[77.40596659091045,12.275838891661799],[77.42990728036979,12.286656120526384],[77.45240414041866,12.247476094854058],[77.47881101086018,12.239577158653777],[77.4824133505204,12.22858347708082],[77.47180775666897,12.208101769548378],[77.49292046509491,12.197617787201878],[77.51878228500462,12.194587269922533],[77.54651921673168,12.204862707561302],[77.56527108108698,12.196387774448057],[77.61139267117713,12.206381582683598],[77.73085087017743,12.180627845207868],[77.75127741685195,12.13618671283934],[77.77641821117078,12.11693016186159],[77.75608296110688,12.079863385411342],[77.72785731659127,12.062744725131076],[77.70871447790059,12.0383338289258],[77.67591353873615,11.969121598284437],[77.67507350310126,11.951932740825704],[77.65120792230681,11.954847998116737],[77.60331647325664,11.937967412820804],[77.56047240048703,11.942160201720691],[77.53796854474155,11.932670640974749],[77.4940488411321,11.943648707948892],[77.48565985136044,11.88787509603208],[77.47330024648734,11.899881429078949],[77.46154200000541,11.900205699365358],[77.46595051022298,11.874469742161468],[77.46007210791942,11.86371818633626],[77.4670702479018,11.846671391966531],[77.44827698929603,11.790095728786605],[77.42777071945012,11.76111239740762],[77.42217627562563,11.772526238046284],[77.38886290245878,11.788647030468523],[77.36469415604822,11.790402088455526],[77.35987126410159,11.779915810476766],[77.33468601245576,11.77159517408517],[77.29333527311965,11.80943054620821],[77.28747656931628,11.800583258103517],[77.25030387052239,11.812925353902695],[77.23823394208473,11.794292269198987],[77.18949349004673,11.792682414702723],[77.19276896412138,11.817241041805996],[77.17237141476768,11.859158488477687],[77.18512140817947,11.989481570182702],[77.17721271071267,12.014725373485598],[77.15552511166479,12.027091264865868],[77.16799989960042,12.067351053430993],[77.16335407964546,12.07871990896839],[77.14612507569319,12.075638611076377],[77.13288265739845,12.087967573034733],[77.13734298095717,12.099077094861967],[77.15619808506987,12.097713271875692],[77.14203607433241,12.111596820178304],[77.15038403230031,12.119241288922757],[77.15173236601295,12.13683803340484],[77.16988108883582,12.131093484310725],[77.16980248392338,12.146477002461662],[77.18176112408342,12.115324220210125],[77.19848730664341,12.113752486254485],[77.19706994157065,12.13425194589267],[77.20480438861576,12.137117292346257],[77.21728261334616,12.127928782894914],[77.21431439828686,12.11592791943494],[77.22513786198388,12.116153375435935],[77.24006958979336,12.132243980313236],[77.24158307157317,12.146073935484923],[77.23253926049824,12.14688757215645],[77.24053310142173,12.166672413585697],[77.23619951040574,12.176877081336324],[77.26458771597447,12.193677319268154],[77.30063713135686,12.199349116134686],[77.31901142746786,12.218298596144336],[77.2856074035164,12.259959662497366],[77.26026708992774,12.247995012115851],[77.25348810485306,12.229482417633795],[77.23934039527272,12.25750744812372],[77.25079059694228,12.284127301841325],[77.24421393671456,12.307329236403488],[77.26398621397028,12.312766944341519]]]}},{"type":"Feature","properties":{"taluk":"Kollegala(Hanur)","districtId":22,"talukCode":"2705"},"geometry":{"type":"Polygon","coordinates":[[[77.22137593610601,12.203719190049215],[77.20572651363533,12.188964544009833],[77.20442203759293,12.215896336319265],[77.21661532826107,12.238508723660626],[77.23162813493884,12.246668752377568],[77.22137593610601,12.203719190049215]]]}},{"type":"Feature","properties":{"taluk":"Magadi","districtId":45,"talukCode":"2901"},"geometry":{"type":"Polygon","coordinates":[[[77.16487865486025,13.193391213637877],[77.16831360983123,13.183963396098676],[77.20585971072373,13.180986527007176],[77.22153265016279,13.146261368704696],[77.27418495425863,13.153511907916531],[77.26679144673527,13.119805577686702],[77.2768933950146,13.120471328696167],[77.28076342804692,13.135005118514586],[77.2919903463229,13.110566753911293],[77.31377372999599,13.106814232383028],[77.30862922019381,13.056888962053634],[77.31066828401855,13.04625576785711],[77.33058550255863,13.0479179959988],[77.32813469431117,13.009308433912018],[77.32113348233878,13.004446292126154],[77.34023686071137,12.933218475918418],[77.34358521842576,12.887561701747284],[77.3321089875588,12.887135391264364],[77.34388997847331,12.87519677594929],[77.34534573862535,12.85797066881188],[77.325297003734,12.861045657878948],[77.3140951584166,12.850650079845511],[77.31763151163719,12.865946905085975],[77.28983011332103,12.87616173536162],[77.28879496639388,12.856141635905416],[77.27230706480303,12.856300082153101],[77.24905684693222,12.83818034926735],[77.23571707686779,12.83404701331897],[77.2324670055572,12.84445517845784],[77.21412947640037,12.837216554759706],[77.21584286621166,12.83211570111811],[77.19105191580582,12.83310711743506],[77.17155772916594,12.823748729927495],[77.15005296808974,12.83035481275686],[77.14935160949395,12.848183315215673],[77.13297212963043,12.858791294775497],[77.13319076815439,12.888254771420929],[77.1072462826918,12.88908472762744],[77.12304023933902,12.901166222539779],[77.132353732939,12.89793443227969],[77.14147868596342,12.916322203290889],[77.1579334829517,12.913721231353282],[77.16519248404293,12.92887135135525],[77.15690209730629,12.958165326348213],[77.1311029104034,12.975748556867865],[77.13279166585468,12.986152845712496],[77.14469493421453,12.986161793122525],[77.1365942018416,13.00169017857985],[77.12362455394694,13.00665392816973],[77.1288815263417,12.995371012923744],[77.10321682727081,12.992831688946636],[77.09756965771993,12.998180657753933],[77.10289441652745,13.007215993989158],[77.11813139132097,13.014484430395093],[77.08209024042955,13.039860197565082],[77.06967198152121,13.03970930569994],[77.08069894363243,13.062548650115632],[77.07015609319022,13.066530702122032],[77.08172914759342,13.087711574182602],[77.07015528880221,13.128549846570767],[77.09139725818679,13.135862082485449],[77.0957628529661,13.146226012975362],[77.10781760904113,13.144323191739804],[77.10695377307349,13.13525617173191],[77.11593318677116,13.131223230556005],[77.11879650332224,13.163482262420949],[77.12884618157912,13.164265703501039],[77.13840474161994,13.17763059174223],[77.14836963830322,13.173596235299652],[77.15621600019767,13.193794342980375],[77.16487865486025,13.193391213637877]],[[77.08115658170486,13.072560921450515],[77.08176905179404,13.069472365774553],[77.08350187432008,13.071473217742845],[77.08115658170486,13.072560921450515]]]}},{"type":"Feature","properties":{"taluk":"Ramanagar","districtId":45,"talukCode":"2902"},"geometry":{"type":"Polygon","coordinates":[[[77.40819231901268,12.875567094553455],[77.43130104667613,12.874911311076014],[77.41876949766758,12.869349334971233],[77.4274864432593,12.85100860038979],[77.43770113960349,12.849741782152103],[77.41990570964575,12.8262366491606],[77.43350093175316,12.823415676350903],[77.44392764984946,12.806681602149762],[77.451693305462,12.818510275034235],[77.46111020070902,12.807330921634644],[77.47878257452248,12.811452131466325],[77.48312250439845,12.802300470872954],[77.47000499700157,12.793941760531938],[77.47852407400867,12.78053396984768],[77.4750376126276,12.755201221030438],[77.46666956448313,12.75065491324867],[77.47550646299807,12.719766130073854],[77.45924916806106,12.718868020160759],[77.45518688887884,12.706877954463208],[77.44458175259219,12.70484452359377],[77.42337763789033,12.7083171818913],[77.42446710047943,12.719292296704076],[77.40899037186594,12.721740586944813],[77.3896563919919,12.70832786073839],[77.39629108695085,12.693212963756155],[77.37101911402439,12.696100111852667],[77.38089459231087,12.682913189643967],[77.38641469997734,12.644361942625443],[77.37660794593394,12.64093671961199],[77.3621466284119,12.661732408569934],[77.35993295529333,12.644133687529328],[77.35434096029203,12.645400425149393],[77.32985244197282,12.596947240828554],[77.33547442509565,12.589702080711636],[77.32536190047283,12.589119056071352],[77.32587693276861,12.581924900026383],[77.31143850143337,12.576506842228486],[77.30660361104066,12.586725989360152],[77.29370420569164,12.59034254440628],[77.2930451984825,12.59959432945164],[77.27799328172144,12.597739902693764],[77.27745858369506,12.60507389708785],[77.26929950574961,12.593222920830181],[77.26267405318667,12.590819271782939],[77.25501770285553,12.601006851730073],[77.24910594490724,12.590894168666166],[77.23798001047668,12.59916436153846],[77.2474001613127,12.619965022594934],[77.26069931266038,12.629307250297575],[77.2665756290124,12.617856702465412],[77.28601274694026,12.613024158396849],[77.2880885891786,12.61950869366198],[77.28689687867858,12.63145167922333],[77.26683914505494,12.637183777594013],[77.2663399792624,12.650350875250863],[77.25226645959522,12.656413298704296],[77.26248543983435,12.674057890764455],[77.25642109016593,12.680571938115436],[77.26769956167826,12.694096317858564],[77.25820226278954,12.700069807532849],[77.24610844225654,12.68574072031822],[77.23995173983862,12.695451308301765],[77.2345329229798,12.688880855467431],[77.22762315137649,12.725858219357505],[77.21531386134122,12.744464373036756],[77.18620925306145,12.723776615290161],[77.1766189277393,12.743484189493579],[77.20604682734124,12.769897556420254],[77.17549793637635,12.801983097425692],[77.15105249465384,12.793740678720615],[77.13825873857574,12.811216827327426],[77.14244515039317,12.820442412105601],[77.21584286621166,12.83211570111811],[77.21412947640037,12.837216554759706],[77.2324670055572,12.84445517845784],[77.23571707686779,12.83404701331897],[77.24905684693222,12.83818034926735],[77.27230706480303,12.856300082153101],[77.28879496639388,12.856141635905416],[77.28983011332103,12.87616173536162],[77.31666095336284,12.866914436479007],[77.31739277140018,12.850079160113422],[77.325297003734,12.861045657878948],[77.34534573862535,12.85797066881188],[77.34522352401314,12.87023626801055],[77.36614565936829,12.870246129714896],[77.36983622083652,12.856851188783544],[77.37943441575256,12.855245924314813],[77.40819231901268,12.875567094553455]],[[77.32274120183469,12.594210814716224],[77.3074925181988,12.593307295601113],[77.30992019039371,12.58549737897429],[77.32317902765419,12.585267821180066],[77.32274120183469,12.594210814716224]],[[77.45482065893412,12.748243305529927],[77.45812950125148,12.743491483020842],[77.46046626380264,12.747120224090851],[77.45482065893412,12.748243305529927]],[[77.28341038871095,12.611797338709344],[77.28387072557507,12.609387353693764],[77.28464040898317,12.611131519285983],[77.28341038871095,12.611797338709344]]]}},{"type":"Feature","properties":{"taluk":"Channapatna","districtId":45,"talukCode":"2903"},"geometry":{"type":"Polygon","coordinates":[[[77.17549793637635,12.801983097425692],[77.20604682734124,12.769897556420254],[77.1766189277393,12.743484189493579],[77.18620925306145,12.723776615290161],[77.21531386134122,12.744464373036756],[77.22762315137649,12.725858219357505],[77.2345329229798,12.688880855467431],[77.23995173983862,12.695451308301765],[77.24610844225654,12.68574072031822],[77.25820226278954,12.700069807532849],[77.26769956167826,12.694096317858564],[77.25642109016593,12.680571938115436],[77.26248543983435,12.674057890764455],[77.25226645959522,12.656413298704296],[77.2663399792624,12.650350875250863],[77.26683914505494,12.637183777594013],[77.28689687867858,12.63145167922333],[77.2880885891786,12.61950869366198],[77.28601274694026,12.613024158396849],[77.2665756290124,12.617856702465412],[77.26069931266038,12.629307250297575],[77.24544070526885,12.61743710370004],[77.23798001047668,12.59916436153846],[77.25164912904114,12.58999397472905],[77.25501770285553,12.601006851730073],[77.26267405318667,12.590819271782939],[77.27745858369506,12.60507389708785],[77.27799328172144,12.597739902693764],[77.2930451984825,12.59959432945164],[77.29687800718237,12.587117349431486],[77.32492087842672,12.569157590286418],[77.32513061601918,12.55898039290152],[77.31544043073261,12.551825566599351],[77.32573667867678,12.546897124624996],[77.32303828349842,12.531587507784543],[77.30500637517085,12.538824472638952],[77.30440994582024,12.545881068597357],[77.28918831081457,12.546440294503466],[77.28851042085547,12.531968901741951],[77.28052183424361,12.528881494327832],[77.27280916454328,12.547858078961275],[77.26449673763129,12.54666774082405],[77.26939152104067,12.55108217367057],[77.254364407564,12.548353905396313],[77.25719172435117,12.509131577742606],[77.22432230580411,12.502211743683587],[77.21348245659046,12.484933611801681],[77.2007438810813,12.491548989812577],[77.1925649178281,12.48205045529663],[77.16952644500654,12.48387621306611],[77.1444755758138,12.46189045520575],[77.12504465171445,12.479904171011196],[77.13293795530848,12.516528689441495],[77.11495040223595,12.54328963300899],[77.11538136033839,12.555036001030889],[77.12824113921107,12.554074493791614],[77.12938134163902,12.563232724502587],[77.1082451855168,12.607680933871379],[77.12272718973882,12.622214052138629],[77.10120250791573,12.628914560709998],[77.09942406650025,12.673201527063432],[77.07468743483729,12.677700162310265],[77.07324738687278,12.698633798870903],[77.07986270669079,12.75969296781001],[77.09201895032419,12.751104554931874],[77.10113780553857,12.777082277169074],[77.12623854155339,12.774815895451491],[77.14989025946383,12.786780494162699],[77.15395409012146,12.797673421034807],[77.17549793637635,12.801983097425692]]]}},{"type":"Feature","properties":{"taluk":"Channapatna","districtId":45,"talukCode":"2903"},"geometry":{"type":"Polygon","coordinates":[[[77.30808935533837,12.590529052114247],[77.31279899750396,12.59271330450692],[77.31314318811667,12.590392743018098],[77.30808935533837,12.590529052114247]]]}},{"type":"Feature","properties":{"taluk":"Channapatna","districtId":45,"talukCode":"2903"},"geometry":{"type":"Polygon","coordinates":[[[77.28341038871095,12.611797338709344],[77.28387072557507,12.609387353693764],[77.28194091912167,12.609777512228574],[77.28341038871095,12.611797338709344]]]}},{"type":"Feature","properties":{"taluk":"Kanakpura","districtId":45,"talukCode":"2904"},"geometry":{"type":"Polygon","coordinates":[[[77.55316547465972,12.800114342820102],[77.55290546037794,12.789686293275368],[77.56356244943706,12.788149503616763],[77.55617873632653,12.77730846687275],[77.56314417848058,12.760787918014005],[77.57074359002063,12.762257455546216],[77.5797185322495,12.787785483505406],[77.59212999238738,12.779829651477016],[77.59843087839651,12.758239072824235],[77.59412625927949,12.750494675369069],[77.5760334109128,12.750811217298555],[77.5709811649287,12.730196460999277],[77.55758530173482,12.730945209624293],[77.56126109726607,12.708675739511623],[77.57571383912557,12.703855570660652],[77.59421738411801,12.72051696057549],[77.6145151038432,12.711288327004267],[77.59406653537268,12.667154142455436],[77.6055341634845,12.628945614410604],[77.59124930584879,12.617170135119038],[77.59153122727857,12.591365938580502],[77.5791478490404,12.56723226582173],[77.58058480638438,12.551387435637867],[77.58992108971002,12.547795619226203],[77.58809233094833,12.516861855613907],[77.61520247316386,12.508515479105553],[77.58314453823192,12.477935879584761],[77.6068876701573,12.474464321597276],[77.62618374256807,12.496367869860117],[77.6356919437297,12.48819906873129],[77.62700092423273,12.458775173053917],[77.62841192268421,12.418037662649063],[77.62069844237425,12.413407268688381],[77.61438617345482,12.362603596080358],[77.60096124220414,12.358733588904927],[77.59134812349548,12.33943286055112],[77.5757728145997,12.33634466529543],[77.56605980270092,12.30684378775986],[77.5574320637931,12.305191369430078],[77.55109262123936,12.289235937209],[77.53400179422636,12.289348590019571],[77.52826156523243,12.271327896479805],[77.51613322550915,12.267946432267333],[77.48986265023002,12.278023198215944],[77.47279605736786,12.240656181310133],[77.44813717601387,12.251889311427853],[77.42990728036979,12.286656120526384],[77.40596659091045,12.275838891661799],[77.35501502602003,12.275703309297286],[77.31902460217579,12.3024569712108],[77.33242316128761,12.353740756271554],[77.31220355943817,12.392284254450306],[77.28498319144751,12.393945857639773],[77.28522617893097,12.428795393253354],[77.26965870346959,12.43419454044152],[77.27511264468882,12.43720561485442],[77.26942733328877,12.464760467657259],[77.2362941724625,12.470927053987163],[77.23344978300098,12.484050837391433],[77.2254350717449,12.474658150692859],[77.22599189584135,12.489062530038371],[77.23632970121025,12.486664693004286],[77.2398785934161,12.50699282812606],[77.25719172435117,12.509131577742606],[77.254364407564,12.548353905396313],[77.26939152104067,12.55108217367057],[77.26449673763129,12.54666774082405],[77.27280916454328,12.547858078961275],[77.28052183424361,12.528881494327832],[77.28851042085547,12.531968901741951],[77.28918831081457,12.546440294503466],[77.30440994582024,12.545881068597357],[77.30500637517085,12.538824472638952],[77.32303828349842,12.531587507784543],[77.32573667867678,12.546897124624996],[77.31544043073261,12.551825566599351],[77.32513061601918,12.55898039290152],[77.32492087842672,12.569157590286418],[77.31291718100773,12.576866867280138],[77.33547442509565,12.589702080711636],[77.32985244197282,12.596947240828554],[77.35434096029203,12.645400425149393],[77.35993295529333,12.644133687529328],[77.3621466284119,12.661732408569934],[77.37660794593394,12.64093671961199],[77.38641469997734,12.644361942625443],[77.38089459231087,12.682913189643967],[77.37101911402439,12.696100111852667],[77.39629108695085,12.693212963756155],[77.3896563919919,12.70832786073839],[77.40899037186594,12.721740586944813],[77.42446710047943,12.719292296704076],[77.42337763789033,12.7083171818913],[77.44458175259219,12.70484452359377],[77.45518688887884,12.706877954463208],[77.45924916806106,12.718868020160759],[77.472077768687,12.716356543071075],[77.47625568728206,12.728296976835013],[77.46666956448313,12.75065491324867],[77.47483286681351,12.754977554729303],[77.50284645199825,12.735646896778256],[77.51276858360302,12.746796873914237],[77.52180765574285,12.731683661346002],[77.53469777187728,12.755915400459205],[77.54095007911188,12.74811562147214],[77.55170528138392,12.773287931547076],[77.54384911608282,12.775835722851214],[77.54943504127348,12.785296131506346],[77.54213446749662,12.798546397018145],[77.55316547465972,12.800114342820102]],[[77.54930639086442,12.794194862486028],[77.55268392905244,12.797273488050061],[77.55093105201121,12.797911585757953],[77.54930639086442,12.794194862486028]]]}},{"type":"Feature","properties":{"taluk":"Kanakpura","districtId":45,"talukCode":"2904"},"geometry":{"type":"Polygon","coordinates":[[[77.3246788075511,12.59395744294178],[77.32048170308649,12.584143623101907],[77.30992019039371,12.58549737897429],[77.30765184470313,12.590968122054552],[77.3246788075511,12.59395744294178]]]}},{"type":"Feature","properties":{"taluk":"Kanakpura","districtId":43,"talukCode":"2904"},"geometry":{"type":"Polygon","coordinates":[[[77.29031639374779,12.361432777846131],[77.29486601600519,12.357449564921753],[77.2931476594189,12.353210458560948],[77.28728277316081,12.354012425738347],[77.29031639374779,12.361432777846131]]]}},{"type":"Feature","properties":{"taluk":"Kanakpura","districtId":45,"talukCode":"2904"},"geometry":{"type":"Polygon","coordinates":[[[77.45812950125148,12.743491483020842],[77.45482065893412,12.748243305529927],[77.46046626380264,12.747120224090851],[77.45812950125148,12.743491483020842]]]}},{"type":"Feature","properties":{"taluk":"Kanakpura","districtId":42,"talukCode":"2904"},"geometry":{"type":"Polygon","coordinates":[[[77.30437007438694,12.316538592327289],[77.30031852756171,12.315594313855511],[77.30122142569347,12.320194556287316],[77.30437007438694,12.316538592327289]]]}},{"type":"Feature","properties":{"taluk":"Kanakpura","districtId":44,"talukCode":"2904"},"geometry":{"type":"Polygon","coordinates":[[[77.29231673042436,12.371016030956241],[77.29054436217851,12.368783055622558],[77.29001507908322,12.371239625736774],[77.29231673042436,12.371016030956241]]]}},{"type":"Feature","properties":{"taluk":"Shahapur","districtId":53,"talukCode":"3002"},"geometry":{"type":"Polygon","coordinates":[[[76.85670625143017,16.892103554601867],[76.90242823445037,16.89344698616029],[76.90201852132878,16.878554676561915],[76.92128257253948,16.869992733726527],[76.90206948753989,16.853335037350387],[76.90947383401199,16.817981790322435],[76.91933227995196,16.818227806688338],[76.9286083588613,16.831881549580363],[76.94905975376307,16.829282312055863],[76.98034095480797,16.809175984036717],[76.99974279590103,16.813123251123663],[77.05681811479474,16.765230229974456],[77.03245649903528,16.759926743921813],[77.02751449878815,16.750320610416196],[77.04119011380234,16.71337087075768],[77.02234454193373,16.681615188863493],[77.0079502333542,16.681282134764192],[77.00394844593741,16.701982248624503],[76.95891398096444,16.71697852589321],[76.94490229696993,16.700030820169534],[76.93225884734386,16.697247006314203],[76.92652297359602,16.65711041217022],[76.91326557207285,16.657414681586058],[76.91457313557126,16.6430731716745],[76.93166149784193,16.63486889409895],[76.89456135103062,16.631233886197002],[76.89237852539557,16.61661996615953],[76.90567512020522,16.595353097111314],[76.90453528205595,16.5730021545731],[76.92012071146631,16.557518352965285],[76.9198996235196,16.537845908716065],[76.93429572901013,16.527767688799262],[76.97419832732363,16.526598990407983],[76.97521549322612,16.519203665146787],[76.96730337452675,16.505224040822586],[76.90639560522624,16.487308755896663],[76.87967478160525,16.49217676476757],[76.8773246507184,16.52726704995438],[76.85087346891662,16.531350484495466],[76.8481321294564,16.557306881676258],[76.82207592629133,16.569712401687873],[76.80186770714018,16.56588381250766],[76.80068169587743,16.575326266915685],[76.77954860109423,16.5904787540565],[76.75627742594084,16.591986172054437],[76.75255556703576,16.610707546266873],[76.69157213390899,16.605643547594823],[76.68159162528333,16.63037784288072],[76.64941012527945,16.632692961651923],[76.64875470110972,16.654121979190514],[76.6348085870184,16.663641593209],[76.63515670515822,16.694168864712964],[76.62274827587447,16.694903271902312],[76.61575585754521,16.70880047310374],[76.62281577329443,16.742467071802064],[76.63518474008144,16.74507529122905],[76.6331431663641,16.722955214175848],[76.65858614810173,16.712366017402164],[76.65316894564457,16.755800054853097],[76.66095033571071,16.767191338410598],[76.67583539027649,16.76553306736294],[76.67948334241804,16.784792538386988],[76.7092361034324,16.792618786062736],[76.70900803368167,16.780529996671305],[76.71901235076632,16.77793398064812],[76.72415317127468,16.785381409178473],[76.7453651896909,16.77812248238377],[76.74490912382485,16.816249222791974],[76.75667521775955,16.81578047234906],[76.75897463861413,16.845346065079703],[76.78906843594748,16.837503134999636],[76.79130259872905,16.850090581968363],[76.81129908226617,16.85572246899338],[76.81689635084493,16.874025379027966],[76.84345691801067,16.867202165402034],[76.85670625143017,16.892103554601867]],[[76.72879202209586,16.771603901023163],[76.7238195889993,16.75261254392405],[76.73884158915261,16.751664023523546],[76.7402395102571,16.769891193299404],[76.72879202209586,16.771603901023163]]]}},{"type":"Feature","properties":{"taluk":"Shorapur","districtId":53,"talukCode":"3003"},"geometry":{"type":"Polygon","coordinates":[[[76.6202046976957,16.765250755124658],[76.61575585754521,16.70880047310374],[76.62274827587447,16.694903271902312],[76.63515670515822,16.694168864712964],[76.6348085870184,16.663641593209],[76.64875470110972,16.654121979190514],[76.64941012527945,16.632692961651923],[76.68159162528333,16.63037784288072],[76.69157213390899,16.605643547594823],[76.75255556703576,16.610707546266873],[76.75627742594084,16.591986172054437],[76.77954860109423,16.5904787540565],[76.80068169587743,16.575326266915685],[76.80186770714018,16.56588381250766],[76.82207592629133,16.569712401687873],[76.8481321294564,16.557306881676258],[76.85087346891662,16.531350484495466],[76.8773246507184,16.52726704995438],[76.87967478160525,16.49217676476757],[76.86454000378278,16.482817471403838],[76.86331279117316,16.453935279321303],[76.84030453831144,16.42990711292618],[76.7877695776849,16.419451292844737],[76.75514440166835,16.42529042640418],[76.74889645306952,16.412441572106005],[76.65876404267598,16.369605914303442],[76.64611316298398,16.35591728024019],[76.56656254404798,16.329662532944322],[76.57797702693145,16.34245287280289],[76.55328323578995,16.347188036769868],[76.56069975713001,16.357344711439385],[76.54554806031837,16.351315809067028],[76.54956554461359,16.389695174963617],[76.54136130456938,16.38854304921791],[76.53384802237217,16.403084517588077],[76.54164233893074,16.408036828900467],[76.5516843260315,16.401128949323525],[76.56579972965041,16.42897169292907],[76.5794229479332,16.42666244183961],[76.58653515370835,16.435662486837877],[76.60479432978414,16.430438265230787],[76.61819913743345,16.45065964865494],[76.62205215063473,16.488113209462725],[76.60943966204484,16.512880510037338],[76.58956043406408,16.50552701714723],[76.56097399497897,16.511099352658448],[76.5664437667489,16.53714685630356],[76.58956759339046,16.542377243809426],[76.59565325962346,16.532109888666636],[76.62784396733899,16.537518100780233],[76.61708300312411,16.581290034727484],[76.55981696999034,16.594267060739703],[76.55158929054693,16.617242718046526],[76.53110929308971,16.61674572398992],[76.52905077062924,16.60532246834319],[76.5087704680789,16.60504042037416],[76.49739460242789,16.61626862244497],[76.49937252037347,16.63198292300577],[76.4921630542533,16.63245880220027],[76.46772598921754,16.630883187181585],[76.4631675246532,16.610812461051506],[76.45210357092724,16.61084488470791],[76.45378106943168,16.582541943697755],[76.41878496931274,16.583597105016025],[76.40277905020449,16.640033916498396],[76.42554175648533,16.695939676281732],[76.4408101484909,16.70941200827135],[76.47847569136339,16.711242679052354],[76.49861303094337,16.720490485278937],[76.50244112921031,16.738471152841555],[76.51619662829728,16.750807897254983],[76.5473702741468,16.747355822992034],[76.57029530313187,16.752512629501076],[76.58130009170414,16.76566621588232],[76.6202046976957,16.765250755124658]]]}},{"type":"Feature","properties":{"taluk":"Shorapur","districtId":53,"talukCode":"3003"},"geometry":{"type":"Polygon","coordinates":[[[76.63799176898206,16.734279045204303],[76.65855963040092,16.724945250369053],[76.65858614810173,16.712366017402164],[76.6331431663641,16.722955214175848],[76.63799176898206,16.734279045204303]]]}},{"type":"Feature","properties":{"taluk":"Shorapur","districtId":53,"talukCode":"3003"},"geometry":{"type":"Polygon","coordinates":[[[76.55532605494528,16.345054534997608],[76.5629463100049,16.343048615795876],[76.5537796211771,16.342710098867606],[76.55532605494528,16.345054534997608]]]}},{"type":"Feature","properties":{"taluk":"Hunisigi","districtId":53,"talukCode":"3006"},"geometry":{"type":"Polygon","coordinates":[[[76.46772598921754,16.630883187181585],[76.49937252037347,16.63198292300577],[76.49739460242789,16.61626862244497],[76.5087704680789,16.60504042037416],[76.52905077062924,16.60532246834319],[76.53110929308971,16.61674572398992],[76.55158929054693,16.617242718046526],[76.55981696999034,16.594267060739703],[76.61708300312411,16.581290034727484],[76.62784396733899,16.537518100780233],[76.59565325962346,16.532109888666636],[76.58956759339046,16.542377243809426],[76.5664437667489,16.53714685630356],[76.56097399497897,16.511099352658448],[76.58956043406408,16.50552701714723],[76.60943966204484,16.512880510037338],[76.62205215063473,16.488113209462725],[76.61819913743345,16.45065964865494],[76.60479432978414,16.430438265230787],[76.58653515370835,16.435662486837877],[76.5794229479332,16.42666244183961],[76.56579972965041,16.42897169292907],[76.5516843260315,16.401128949323525],[76.54164233893074,16.408036828900467],[76.53384802237217,16.403084517588077],[76.54136130456938,16.38854304921791],[76.54956554461359,16.389695174963617],[76.54554806031837,16.351315809067028],[76.56069975713001,16.357344711439385],[76.55328323578995,16.347188036769868],[76.5631613677679,16.35029695083953],[76.57797702693145,16.34245287280289],[76.56656254404798,16.329662532944322],[76.53622881732228,16.308762228887364],[76.49878230551285,16.301686818375387],[76.44986650057902,16.27586608408494],[76.41379712945279,16.25052152901875],[76.4148579721958,16.24162668041919],[76.399333826391,16.23956699797521],[76.39476318459927,16.230025521021897],[76.33320735084935,16.191931649990867],[76.35256231265292,16.234613640925865],[76.34533512472501,16.249642768873148],[76.34788795172189,16.277631213074955],[76.3183571145556,16.28704544219222],[76.2997324958984,16.283282812784417],[76.30279102191218,16.318884816879752],[76.29145149354771,16.331576409204704],[76.31415796643225,16.34589031733799],[76.30453046432194,16.378840477656098],[76.30959480486645,16.3971556620359],[76.33425220197094,16.399757073662364],[76.33195921466836,16.427157118874803],[76.3582981710539,16.42235706700767],[76.38480260714786,16.425742044974644],[76.39005435272466,16.43779087633489],[76.4349603192578,16.435750894027944],[76.43411829649769,16.518737663594877],[76.41878496931274,16.583597105016025],[76.45378106943168,16.582541943697755],[76.45210357092724,16.61084488470791],[76.4631675246532,16.610812461051506],[76.46772598921754,16.630883187181585]],[[76.56155739048896,16.34576981468825],[76.55531993899616,16.342067441064763],[76.5629463100049,16.343048615795876],[76.56155739048896,16.34576981468825]]]}}]}